fold	seed_block	row	col	entries	fit_entries	fit_ok	fit_reasons	fit_mu_mev	fit_mu_err_mev	fit_sigma_mev	global_reference_mu_mev	raw_spatial_residual_mev	shrink_factor	regularized_spatial_residual_mev	full_energy_scale	support_pass	damping	pre_normalization_energy_scale	normalization_log_energy_shift	remaining_mean_log_mass_shift	applied_energy_scale	clipped
full_sample	3	0	3	1230	572	1	pass	134.80574725831897	0.4094087580229972	4.39761725294169	134.98724655472546	-0.18149929640648566	0.754601226993865	-0.13695959176685726	1.0020324757287773	1	0.75	1.001523969846906	0.00034413002581994926	2.090616841321379e-13	1.0011793746734767	0
full_sample	4	0	4	1630	721	1	pass	133.23789879531742	0.37373220190866624	4.107677901240352	134.98724655472546	-1.7493477594080389	0.8029556650246306	-1.4046486935148292	1.0211426778506096	1	0.75	1.01	0.00034413002581994926	2.090616841321379e-13	1.0096524884719267	1
full_sample	5	0	5	1935	889	0	mu_error	139.2474667425974	1.1367152494206558	6.9427898191274355	134.98724655472546	nan	0.828693790149893	nan	1.0	0	0.75	1.0	0.00034413002581994926	2.090616841321379e-13	1.0	0
full_sample	6	0	6	1977	906	1	pass	135.6817971861653	0.4359245882456655	4.829892754219451	134.98724655472546	0.6945506314398529	0.8317206562894405	0.5776721070073997	0.9914950490742679	1	0.75	0.9936144813285588	0.00034413002581994926	2.090616841321379e-13	0.9932726075793289	0
full_sample	7	0	7	1730	802	1	pass	129.70974149424626	0.41675773261365423	4.636251855343354	134.98724655472546	-5.2775050604792	0.812206572769953	-4.286424297947894	1.0666724661188571	1	0.75	1.01	0.00034413002581994926	2.090616841321379e-13	1.0096524884719267	1
full_sample	8	0	8	1864	837	1	pass	132.65784604766887	0.36156403207325305	4.122000541672855	134.98724655472546	-2.32940050705659	0.823321554770318	-1.9178456471525989	1.0290347991664994	1	0.75	1.01	0.00034413002581994926	2.090616841321379e-13	1.0096524884719267	1
full_sample	9	0	9	1973	898	1	pass	136.30992539309653	0.3992211173637937	4.5556334229456	134.98724655472546	1.3226788383710755	0.8314369995785925	1.0997241247813452	0.9839019707892409	1	0.75	0.99	0.00034413002581994926	2.090616841321379e-13	0.99	1
full_sample	10	0	10	1895	893	1	pass	136.3821567186887	0.2908624959211381	4.740385247209012	134.98724655472546	1.3949101639632318	0.8257080610021786	1.1517885667583112	0.98314949716555	1	0.75	0.99	0.00034413002581994926	2.090616841321379e-13	0.99	1
full_sample	11	0	11	1869	853	1	pass	134.55384882032178	0.3343518406611781	4.281965351171966	134.98724655472546	-0.4333977344036839	0.8237108858527986	-0.3569944317322544	1.0053107834124766	1	0.75	1.0039804492285977	0.00034413002581994926	2.090616841321379e-13	1.0036350088522936	0
full_sample	12	0	12	1807	864	1	pass	137.3984616227023	0.35190820277942775	4.761180518094038	134.98724655472546	2.4112150679768547	0.8187584956955143	1.9742028218550869	0.9713769718205648	1	0.75	0.99	0.00034413002581994926	2.090616841321379e-13	0.99	1
full_sample	13	0	13	1829	866	1	pass	138.95129366357696	0.3711947037370825	4.383783542720719	134.98724655472546	3.964047108851503	0.8205473306415433	3.2526882737054277	0.9534914975724754	1	0.75	0.99	0.00034413002581994926	2.090616841321379e-13	0.99	1
full_sample	14	0	14	1889	945	1	pass	135.73899103514677	0.3621688336129466	5.321656979073825	134.98724655472546	0.7517444804213085	0.8252512013979904	0.6203780356119929	0.9908706096579241	1	0.75	0.9931451137016444	0.00034413002581994926	2.090616841321379e-13	0.9928034014481185	0
full_sample	15	0	15	1718	832	1	pass	134.8432748377494	0.4398023476069376	6.0746035442127555	134.98724655472546	-0.14397171697606836	0.8111425873465533	-0.11678159101269378	1.0017326458805005	1	0.75	1.0012992031700727	0.00034413002581994926	2.090616841321379e-13	1.0009546853322981	0
full_sample	16	0	16	1704	804	1	pass	133.70173407306336	0.3265599038933937	4.0730386169422825	134.98724655472546	-1.2855124816620958	0.8098859315589354	-1.0411184737415453	1.0156069910135548	1	0.75	1.01	0.00034413002581994926	2.090616841321379e-13	1.0096524884719267	1
full_sample	17	0	17	1766	851	1	pass	136.22119442053534	0.3500836422603918	5.050382202856392	134.98724655472546	1.2339478658098813	0.8153277931671283	1.0060719903140583	0.9852576766094217	1	0.75	0.99	0.00034413002581994926	2.090616841321379e-13	0.99	1
full_sample	18	0	18	1624	837	1	pass	135.28153939629047	0.3412955504243682	4.43627109209762	134.98724655472546	0.2942928415650101	0.8023715415019763	0.23613220093951406	0.9965102988549142	1	0.75	0.9973815807890357	0.00034413002581994926	2.090616841321379e-13	0.9970384108908056	0
full_sample	19	0	19	1783	846	0	mu_error,window_stability	136.12435993569338	0.5379913734979509	6.317650035343412	134.98724655472546	nan	0.8167659184608337	nan	1.0	0	0.75	1.0	0.00034413002581994926	2.090616841321379e-13	1.0	0
full_sample	20	0	20	1582	825	1	pass	136.08831881665603	0.38736088196988455	5.543329354892719	134.98724655472546	1.1010722619305682	0.798183652875883	0.878857880108052	0.9871037174493802	1	0.75	0.9903121117443412	0.00034413002581994926	2.090616841321379e-13	0.99	1
full_sample	21	0	21	1605	814	0	mu_error,window_stability	139.40816025199388	0.6142521956702122	4.553564079339364	134.98724655472546	nan	0.800498753117207	nan	1.0	0	0.75	1.0	0.00034413002581994926	2.090616841321379e-13	1.0	0
full_sample	22	0	22	1606	831	1	pass	134.63224107526005	0.3557705190437055	4.685262659677475	134.98724655472546	-0.3550054794654045	0.8005982053838484	-0.2842167497614355	1.0042246875177203	1	0.75	1.0031668453281484	0.00034413002581994926	2.090616841321379e-13	1.002821684889205	0
full_sample	23	0	23	1590	815	1	pass	138.2551288385607	0.3542157372838791	4.822020232463886	134.98724655472546	3.2678822838352346	0.7989949748743719	2.611021523265338	0.9624058237874886	1	0.75	0.99	0.00034413002581994926	2.090616841321379e-13	0.99	1
full_sample	24	0	24	1504	785	1	pass	138.16083190449433	0.4044558163728057	5.223516798863412	134.98724655472546	3.173585349768871	0.7899159663865546	2.5068657384728894	0.9638645898096254	1	0.75	0.99	0.00034413002581994926	2.090616841321379e-13	0.99	1
full_sample	25	0	25	1441	717	1	pass	137.5378797226304	0.498804716446368	5.28906719860218	134.98724655472546	2.550633167904948	0.7827267789244976	1.9964488837322272	0.9710614709597482	1	0.75	0.99	0.00034413002581994926	2.090616841321379e-13	0.99	1
full_sample	26	0	26	1301	678	1	pass	135.2383722825854	0.41785809051197553	5.345127110329581	134.98724655472546	0.251125727859943	0.7648442092886537	0.19207205875707575	0.9971600580149164	1	0.75	0.9978692864959253	0.00034413002581994926	2.090616841321379e-13	0.997525948792393	0
full_sample	27	0	27	1315	712	1	pass	136.34326934222884	0.42278648323812623	4.99248726492187	134.98724655472546	1.3560227875033775	0.7667638483965015	1.039749251059441	0.9847698430199162	1	0.75	0.99	0.00034413002581994926	2.090616841321379e-13	0.99	1
full_sample	28	0	28	1244	666	1	pass	134.70663759602255	0.41750183852449996	4.80413799572449	134.98724655472546	-0.28060895870291347	0.7566909975669099	-0.21233427288711942	1.003153677993808	1	0.75	1.002364327310443	0.00034413002581994926	2.090616841321379e-13	1.0020194429945322	0
full_sample	29	0	29	1257	602	0	mu_error,significance	140.01879759204994	2.1882240084946774	7.075783216615166	134.98724655472546	nan	0.7585998792999397	nan	1.0	0	0.75	1.0	0.00034413002581994926	2.090616841321379e-13	1.0	0
full_sample	33	1	3	1220	638	1	pass	132.8575671636443	0.35649589621288336	5.106735176985484	134.98724655472546	-2.1296793910811687	0.7530864197530864	-1.6038326278512505	1.0241949815428433	1	0.75	1.01	0.00034413002581994926	2.090616841321379e-13	1.0096524884719267	1
full_sample	34	1	4	1644	871	1	pass	134.2953985461721	0.24019000993033823	4.125927213247636	134.98724655472546	-0.6918480085533645	0.8043052837573386	-0.5564570088364634	1.008296506382306	1	0.75	1.0062159489887201	0.00034413002581994926	2.090616841321379e-13	1.0058697394421807	0
full_sample	35	1	5	1918	1012	1	pass	134.37458708382883	0.22203244204915557	4.412037368368115	134.98724655472546	-0.6126594708966309	0.8274374460742019	-0.50693738791188	1.0075540152338487	1	0.75	1.005660178522357	0.00034413002581994926	2.090616841321379e-13	1.0053141602002176	0
full_sample	36	1	6	1910	1016	1	pass	134.96078702217417	0.22048564982390886	4.28999994817025	134.98724655472546	-0.026459532551285747	0.8268398268398268	-0.02187779531296787	1.0003242505083683	1	0.75	1.0002431780258834	0.00034413002581994926	2.090616841321379e-13	0.999899023535546	0
full_sample	37	1	7	1948	1056	1	pass	134.77505677999434	0.21351952373320957	4.712261824458	134.98724655472546	-0.21218977473111522	0.8296422487223168	-0.17604160186380427	1.0026135878656108	1	0.75	1.0019595512041741	0.00034413002581994926	2.090616841321379e-13	1.00161480615991	0
full_sample	38	1	8	1849	1039	1	pass	134.81426140061586	0.18654016528992812	4.315794481177347	134.98724655472546	-0.1729851541095968	0.8221431747443309	-0.14221856378330125	1.0021106421943344	1	0.75	1.0015825643741192	0.00034413002581994926	2.090616841321379e-13	1.0012379490400225	0
full_sample	39	1	9	1872	991	1	pass	135.17038590136085	0.19823559515539635	4.020739208591464	134.98724655472546	0.1831393466353859	0.823943661971831	0.15089650391788836	0.9977678525101967	1	0.75	0.9983254218399359	0.00034413002581994926	2.090616841321379e-13	0.9979819271935417	0
full_sample	40	1	10	1885	998	1	pass	135.20785791168825	0.1787864522487536	4.041521905487655	134.98724655472546	0.22061135696279166	0.824945295404814	0.18199230103932704	0.9973087944942247	1	0.75	0.9979809161155972	0.00034413002581994926	2.090616841321379e-13	0.9976375400035702	0
full_sample	41	1	11	1816	1024	1	pass	134.64634300954296	0.15843615975856984	3.9388412699260167	134.98724655472546	-0.3409035451824991	0.8194945848375451	-0.2793686092289794	1.0041523989525714	1	0.75	1.0031126855280874	0.00034413002581994926	2.090616841321379e-13	1.002767543723951	0
full_sample	42	1	12	1779	986	1	pass	134.71659565285847	0.1846597585748438	3.959494223230617	134.98724655472546	-0.27065090186698626	0.8164295548416705	-0.22096739532876022	1.003282216234106	1	0.75	1.0024606535908065	0.00034413002581994926	2.090616841321379e-13	1.0021157361318331	0
full_sample	43	1	13	1799	1023	1	pass	134.76452463951642	0.18106968813626748	3.939483199350836	134.98724655472546	-0.22272191520903561	0.8180991359708959	-0.18220860639429518	1.0027053315044578	1	0.75	1.0020283132613603	0.00034413002581994926	2.090616841321379e-13	1.0016835445580787	0
full_sample	44	1	14	1712	925	1	pass	134.94042628225415	0.187877803742552	3.928198929650123	134.98724655472546	-0.046820272471308044	0.8106060606060606	-0.0379527966244694	1.0005625984061097	1	0.75	1.0004219191380703	0.00034413002581994926	2.090616841321379e-13	1.0000777031481318	0
full_sample	45	1	15	1636	899	1	pass	135.22688026509343	0.17520080879387734	3.9005217842481845	134.98724655472546	0.23963371036796843	0.8035363457760314	0.19255439595382925	0.9971529415018169	1	0.75	0.9978639453101295	0.00034413002581994926	2.090616841321379e-13	0.9975206094443432	0
full_sample	46	1	16	1633	923	1	pass	134.9867039602776	0.20214375705946414	4.024954601325855	134.98724655472546	-0.0005425944478645306	0.8032464338416134	-0.00043583705526944344	1.000006457995923	1	0.75	1.0000048434930322	0.00034413002581994926	2.090616841321379e-13	0.999660771006653	0
full_sample	47	1	17	1707	941	1	pass	134.67991523298946	0.19893507320796774	4.460479238386991	134.98724655472546	-0.307331321736001	0.81015662078785	-0.24898650507990205	1.003699561972055	1	0.75	1.002773390319229	0.00034413002581994926	2.090616841321379e-13	1.0024283652566734	0
full_sample	48	1	18	1621	915	1	pass	135.05569255719803	0.18287678848237401	3.964907101302536	134.98724655472546	0.06844600247256949	0.802078179119248	0.05489904503119008	0.9991870358336884	1	0.75	0.999390214893887	0.00034413002581994926	2.090616841321379e-13	0.9990463538832739	0
full_sample	49	1	19	1504	896	1	pass	134.22974039592918	0.2312039251629628	4.8285265371660016	134.98724655472546	-0.757506158796275	0.7899159663865546	-0.5983662094693265	1.0089255292355601	1	0.75	1.0066867059630165	0.00034413002581994926	2.090616841321379e-13	1.0063403344427388	0
full_sample	50	1	20	1509	877	1	pass	135.39880869115183	0.22735277648182017	4.617511794355375	134.98724655472546	0.41156213642636885	0.7904662126767942	0.3253259632621219	0.9951968924781016	1	0.75	0.9963955022207746	0.00034413002581994926	2.090616841321379e-13	0.9960526716034059	0
full_sample	51	1	21	1165	667	1	pass	134.70859913594364	0.2345596571226691	3.7942336828368903	134.98724655472546	-0.27864741878181576	0.744408945686901	-0.20742763123374783	1.0030806341970244	1	0.75	1.0023095870715444	0.00034413002581994926	2.090616841321379e-13	1.0019647215901524	0
full_sample	52	1	22	1579	885	1	pass	135.3291057641934	0.22053722820476016	4.401884257225123	134.98724655472546	0.3418592094679411	0.797877716018191	0.2727618452500652	0.9959706013007192	1	0.75	0.9969764262841523	0.00034413002581994926	2.090616841321379e-13	0.9966333957877648	0
full_sample	53	1	23	1391	842	1	pass	134.33938683813938	0.21429169919702348	4.549216473027148	134.98724655472546	-0.6478597165860833	0.7766610831937465	-0.5031674292413411	1.0074975225322251	1	0.75	1.0056178883391047	0.00034413002581994926	2.090616841321379e-13	1.005271884567783	0
full_sample	54	1	24	1417	819	1	pass	134.44662132105327	0.1888871120639729	3.8619760802040193	134.98724655472546	-0.5406252336721877	0.7798569069895432	-0.4216103225720914	1.0062765543480492	1	0.75	1.004703732092033	0.00034413002581994926	2.090616841321379e-13	1.004358042855201	0
full_sample	55	1	25	1410	840	1	pass	135.1692943171459	0.20071042060369218	3.891267477464327	134.98724655472546	0.18204776242043863	0.7790055248618785	0.14181621271426434	0.9979019619430378	1	0.75	0.9984260584307614	0.00034413002581994926	2.090616841321379e-13	0.9980825291582529	0
full_sample	56	1	26	1363	811	1	pass	135.0912193969618	0.2055544877783064	4.098445682988265	134.98724655472546	0.10397284223634529	0.7731140102098696	0.08038286101425901	0.9988099994790093	1	0.75	0.999107366783895	0.00034413002581994926	2.090616841321379e-13	0.9987636030930628	0
full_sample	57	1	27	1405	827	1	pass	135.17965061319606	0.19087026199390383	4.073454325609783	134.98724655472546	0.1924040584706006	0.778393351800554	0.1497660399729606	0.9977845471839881	1	0.75	0.998337949816024	0.00034413002581994926	2.090616841321379e-13	0.9979944508591188	0
full_sample	58	1	28	1248	751	1	pass	134.33948710595502	0.25732531376907614	4.915706920785619	134.98724655472546	-0.6477594487704437	0.7572815533980582	-0.4905362815931515	1.0073082798405397	1	0.75	1.0054762177888024	0.00034413002581994926	2.090616841321379e-13	1.0051302627621832	0
full_sample	59	1	29	1246	675	1	pass	136.71558895491665	0.3745998097085583	5.0644366373639125	134.98724655472546	1.7283424001911953	0.7569866342648846	1.3083320963780252	0.9808922072617248	1	0.75	0.99	0.00034413002581994926	2.090616841321379e-13	0.99	1
full_sample	63	2	3	1517	805	1	pass	135.9832691831845	0.2866101887560355	4.7521451106259125	134.98724655472546	0.9960226284590306	0.7913406364110589	0.7881931806845849	0.9884225475024382	1	0.75	0.9913042836045836	0.00034413002581994926	2.090616841321379e-13	0.9909632047269786	0
full_sample	64	2	4	1663	867	1	pass	134.4147415156347	0.22441429373021193	4.421641638285812	134.98724655472546	-0.5725050390907711	0.8061076102762966	-0.4615006689325993	1.006873463874734	1	0.75	1.0051506813697197	0.00034413002581994926	2.090616841321379e-13	1.0048048383506833	0
full_sample	65	2	5	1894	1005	1	pass	134.90778484240215	0.20366594076429825	4.22233978207476	134.98724655472546	-0.07946171232330812	0.8256320836965998	-0.06560613911959266	1.0009728205109518	1	0.75	1.000729526696056	0.00034413002581994926	2.090616841321379e-13	1.0003852048673327	0
full_sample	66	2	6	1916	1018	1	pass	134.3112623905645	0.1897026587728511	4.296268500108693	134.98724655472546	-0.6759841641609512	0.8272884283246977	-0.5592338767410978	1.0083381667005922	1	0.75	1.0062471295937836	0.00034413002581994926	2.090616841321379e-13	1.0059009093189077	0
full_sample	67	2	7	1990	1034	1	pass	135.2048329979247	0.21571367570471567	4.35476668787055	134.98724655472546	0.21758644319925224	0.8326359832635983	0.18117030207803847	0.9973209253437378	1	0.75	0.9979900203704455	0.00034413002581994926	2.090616841321379e-13	0.9976466411259098	0
full_sample	68	2	8	1946	1012	1	pass	135.10115447561932	0.1884397038375054	4.415346719855612	134.98724655472546	0.11390792089386537	0.8294970161977835	0.09448628050275448	0.9986014292901817	1	0.75	0.9989508884856897	0.00034413002581994926	2.090616841321379e-13	0.998607178634474	0
full_sample	69	2	9	1841	1055	1	pass	134.71156359952826	0.1733370630578077	3.9137366255958215	134.98724655472546	-0.27568295519719754	0.821508255243195	-0.22647582352433765	1.0033642439285577	1	0.75	1.002522123355628	0.00034413002581994926	2.090616841321379e-13	1.0021771847467023	0
full_sample	70	2	10	1816	1004	1	pass	134.60318073266407	0.1902021769607029	4.485742868413273	134.98724655472546	-0.3840658220613875	0.8194945848375451	-0.3147398614004872	1.0046799840075935	1	0.75	1.0035079386632113	0.00034413002581994926	2.090616841321379e-13	1.0031626608640047	0
full_sample	71	2	11	1805	992	1	pass	135.19782919513037	0.17007968834502632	3.845807454809608	134.98724655472546	0.21058264040490826	0.81859410430839	0.17238170790515164	0.997450638993861	1	0.75	0.9980873692933486	0.00034413002581994926	2.090616841321379e-13	0.9977439565538893	0
full_sample	72	2	12	1902	1040	1	pass	134.83423193575194	0.1705002535721265	3.695360526044329	134.98724655472546	-0.15301461897351487	0.8262380538662033	-0.12642650099375555	1.0018759451653103	1	0.75	1.0014066292093804	0.00034413002581994926	2.090616841321379e-13	1.0010620744094405	0
full_sample	73	2	13	1891	995	1	pass	134.95476089332672	0.1565475580482639	3.368554238582382	134.98724655472546	-0.032485661398737875	0.8254037538192929	-0.026813786863820743	1.00039742857685	1	0.75	1.0002980566273258	0.00034413002581994926	2.090616841321379e-13	0.9999538832548631	0
full_sample	74	2	14	1879	1032	1	pass	134.80078080730502	0.17600717752911693	3.977495241127853	134.98724655472546	-0.18646574742044209	0.8244844229925405	-0.153738104169816	1.002281894265643	1	0.75	1.00171093300264	0.00034413002581994926	2.090616841321379e-13	1.0013662735006443	0
full_sample	75	2	15	1808	996	1	pass	134.6888813430872	0.1604441451696464	3.7114919403200064	134.98724655472546	-0.29836521163827	0.8188405797101449	-0.2443135428632211	1.0036299399250073	1	0.75	1.0027212215148131	0.00034413002581994926	2.090616841321379e-13	1.0023762144020207	0
full_sample	76	2	16	1767	1014	1	pass	134.7546041184206	0.15743220090830745	3.815093742427183	134.98724655472546	-0.23264243630487158	0.8154130133825566	-0.1896996700280148	1.002816789489688	1	0.75	1.0021118491479943	0.00034413002581994926	2.090616841321379e-13	1.0017670517024517	0
full_sample	77	2	17	1806	1008	1	pass	135.10667664957657	0.16950622719189867	3.75044338131454	134.98724655472546	0.11943009485111133	0.8186763372620127	0.09777459261156259	0.9985528090657817	1	0.75	0.9989144103344436	0.00034413002581994926	2.090616841321379e-13	0.9985707130342951	0
full_sample	78	2	18	1699	950	1	pass	134.87957713714698	0.17652356767954047	3.769525579884026	134.98724655472546	-0.10766941757847803	0.8094330633635064	-0.08715118650111203	1.0012926042944412	1	0.75	1.000969296665209	0.00034413002581994926	2.090616841321379e-13	1.0006248923386358	0
full_sample	79	2	19	1810	1055	1	pass	134.88950577213689	0.1807852369560475	4.196352038151649	134.98724655472546	-0.09774078258857344	0.8190045248868778	-0.08005014320602621	1.0011871896637734	1	0.75	1.0008902601800884	0.00034413002581994926	2.090616841321379e-13	1.000545883047664	0
full_sample	80	2	20	1658	975	1	pass	135.18056268668155	0.19495715235754263	4.0957744230660165	134.98724655472546	0.1933161319560952	0.8056365403304179	0.15574253973916707	0.9976962910769402	1	0.75	0.9982717202912463	0.00034413002581994926	2.090616841321379e-13	0.9979282441219881	0
full_sample	81	2	21	1336	760	1	pass	135.14367975554038	0.19769671252366394	3.776468922037307	134.98724655472546	0.15643320081491652	0.7695852534562212	0.12038868449811548	0.9982185384764364	1	0.75	0.9986636061107761	0.00034413002581994926	2.090616841321379e-13	0.9983199951050425	0
full_sample	82	2	22	1525	849	1	pass	134.4746884950254	0.21050020806270836	4.589997335367318	134.98724655472546	-0.5125580597000692	0.7922077922077922	-0.4060524888533016	1.0060438945480523	1	0.75	1.0045295049438754	0.00034413002581994926	2.090616841321379e-13	1.0041838756535209	0
full_sample	83	2	23	1687	876	1	pass	136.77017290523207	0.24921189316875764	4.274636313716612	134.98724655472546	1.7829263505066137	0.808337326305702	1.441205919168499	0.9789823184172912	1	0.75	0.99	0.00034413002581994926	2.090616841321379e-13	0.99	1
full_sample	84	2	24	1536	911	1	pass	134.9868486998938	0.1842045748758351	3.9328986787845666	134.98724655472546	-0.00039785483164678226	0.7933884297520661	-0.0003156534201495132	1.0000046771740796	1	0.75	1.0000035078785088	0.00034413002581994926	2.090616841321379e-13	0.9996594358516754	0
full_sample	85	2	25	1505	887	1	pass	135.18083404732315	0.18334339116174853	4.058702241888348	134.98724655472546	0.19358749259768615	0.7900262467191601	0.15293920018872317	0.9977376870663018	1	0.75	0.9983027850287517	0.00034413002581994926	2.090616841321379e-13	0.9979592981710237	0
full_sample	86	2	26	1376	816	1	pass	134.63542356089548	0.19095279688594388	3.733843770787388	134.98724655472546	-0.35182299382998394	0.7747747747747747	-0.2725835808052128	1.00405124337964	1	0.75	1.0030368964474328	0.00034413002581994926	2.090616841321379e-13	1.0026917807201075	0
full_sample	87	2	27	1325	748	1	pass	135.09713990426502	0.20965370062617533	3.9953836134015526	134.98724655472546	0.10989334953956131	0.7681159420289855	0.08441083370430072	0.9987504246337856	1	0.75	0.999062672014201	0.00034413002581994926	2.090616841321379e-13	0.9987189237015349	0
full_sample	88	2	28	1327	799	1	pass	134.97714005168888	0.18283002837257173	3.600838199504578	134.98724655472546	-0.010106503036581671	0.768384481760278	-0.007765680098172483	1.000115076988605	1	0.75	1.0000863065000087	0.00034413002581994926	2.090616841321379e-13	0.9997422059845857	0
full_sample	89	2	29	1316	711	1	pass	138.6441539591472	0.4428836309493445	5.253345205911739	134.98724655472546	3.6569074044217302	0.7668997668997669	2.8044814360250565	0.9597050722588575	1	0.75	0.99	0.00034413002581994926	2.090616841321379e-13	0.99	1
full_sample	93	3	3	802	123	0	entries,sigma,mu_error,significance	125.00000000000001	5.353984676994514	1.000000000105326	134.98724655472546	nan	0.6672212978369384	nan	1.0	0	0.75	1.0	0.00034413002581994926	2.090616841321379e-13	1.0	0
full_sample	94	3	4	2015	1007	1	pass	135.91640707658036	0.24487663732886142	4.688630607254833	134.98724655472546	0.9291605218548966	0.8343685300207039	0.7752622987733402	0.9886108584950322	1	0.75	0.9914459252401984	0.00034413002581994926	2.090616841321379e-13	0.9911047976278395	0
full_sample	95	3	5	1763	966	1	pass	134.5064205497235	0.21599437289424187	4.321070420696878	134.98724655472546	-0.4808260050019726	0.8150716597318539	-0.39190764993919447	1.0058324354173396	1	0.75	1.0043711451656732	0.00034413002581994926	2.090616841321379e-13	1.0040255703622976	0
full_sample	96	3	6	2072	1104	1	pass	134.81167554248333	0.18577470188772613	4.471493575896508	134.98724655472546	-0.17557101224213056	0.8381877022653722	-0.14716146333563696	1.002184119071402	1	0.75	1.0016376424872862	0.00034413002581994926	2.090616841321379e-13	1.0012930082024183	0
full_sample	97	3	7	1899	1009	1	pass	134.18306159402653	0.19971324465126583	4.203080548648514	134.98724655472546	-0.8041849606989331	0.8260113092648977	-0.6642658722780661	1.0099158204634016	1	0.75	1.0074276853930921	0.00034413002581994926	2.090616841321379e-13	1.0070810589234147	0
full_sample	98	3	8	1994	1026	1	pass	134.53008108229952	0.17320349480852873	3.7937200013370034	134.98724655472546	-0.45716547242594174	0.8329156223893066	-0.38078026400055465	1.0056661327331584	1	0.75	1.004246596783834	0.00034413002581994926	2.090616841321379e-13	1.0039010648339224	0
full_sample	99	3	9	1929	1025	1	pass	135.10924864419965	0.17593491059895874	3.8600501361511794	134.98724655472546	0.12200208947419355	0.82825246887076	0.10104853181439218	0.9985044048833773	1	0.75	0.9988780938312994	0.00034413002581994926	2.090616841321379e-13	0.9985344090266002	0
full_sample	100	3	10	1930	1018	1	pass	134.6469911090361	0.16301827511670847	3.931668959790757	134.98724655472546	-0.3402554456893654	0.8283261802575107	-0.28184249363968894	1.0041892850173963	1	0.75	1.0031403213055523	0.00034413002581994926	2.090616841321379e-13	1.0027951699927515	0
full_sample	101	3	11	1764	1016	1	pass	134.21134527705388	0.22072423340363445	4.407520943569403	134.98724655472546	-0.7759012776715792	0.8151571164510166	-0.6324814481574241	1.0094380057902401	1	0.75	1.0070701861385973	0.00034413002581994926	2.090616841321379e-13	1.0067236826739812	0
full_sample	102	3	12	1953	1041	1	pass	135.25349268460454	0.18533297815171687	4.0614304166913255	134.98724655472546	0.2662461298790788	0.8300042498937527	0.22098541931739946	0.9967335982482215	1	0.75	0.9975491970678997	0.00034413002581994926	2.090616841321379e-13	0.997205969497799	0
full_sample	103	3	13	1842	1037	1	pass	134.56414666537404	0.18131836237348403	3.9933404586844947	134.98724655472546	-0.42309988935141973	0.8215878679750223	-0.34761373603270074	1.005170691946975	1	0.75	1.003875517839554	0.00034413002581994926	2.090616841321379e-13	1.0035301135670789	0
full_sample	104	3	14	1906	1015	1	pass	134.75105516959076	0.17942589295550193	3.9644456894539624	134.98724655472546	-0.2361913851347026	0.826539462272333	-0.1952215004625946	1.0028989595603626	1	0.75	1.0021734327485308	0.00034413002581994926	2.090616841321379e-13	1.0018286141138684	0
full_sample	105	3	15	1772	947	1	pass	134.69462780862622	0.18253185397803057	4.169182020344028	134.98724655472546	-0.29261874609923666	0.8158379373848987	-0.23872947425775662	1.003546752885102	1	0.75	1.0026588870791762	0.00034413002581994926	2.090616841321379e-13	1.002313901413844	0
full_sample	106	3	16	1800	1005	1	pass	134.9231843659822	0.1803840300525841	4.0320981317511775	134.98724655472546	-0.06406218874326441	0.8181818181818182	-0.05241451806267089	1.0007770986159419	1	0.75	1.0005827673663177	0.00034413002581994926	2.090616841321379e-13	1.0002384960331976	0
full_sample	107	3	17	1695	998	1	pass	134.46277671588285	0.21262282761977186	4.16800223217104	134.98724655472546	-0.5244698388426059	0.8090692124105012	-0.42433239944544965	1.0063172699731837	1	0.75	1.0047342209274264	0.00034413002581994926	2.090616841321379e-13	1.0043885212002757	0
full_sample	108	3	18	1792	1013	1	pass	134.78494733456907	0.16303964655465242	3.8119928237165057	134.98724655472546	-0.2022992201563909	0.8175182481751825	-0.16538330406945825	1.0024550590424834	1	0.75	1.0018407297983176	0.00034413002581994926	2.090616841321379e-13	1.0014960256370322	0
full_sample	109	3	19	1755	976	1	pass	134.71574381891278	0.17551021951469356	4.288502011941279	134.98724655472546	-0.2715027358126747	0.814385150812065	-0.2211077964506933	1.003284306865365	1	0.75	1.0024622202798685	0.00034413002581994926	2.090616841321379e-13	1.0021173022818435	0
full_sample	110	3	20	1770	1019	1	pass	134.99057507617073	0.17593725050985654	4.113682588618449	134.98724655472546	0.0033285214452689615	0.815668202764977	0.0027149691051272175	0.9999597724762296	1	0.75	0.9999698292054584	0.00034413002581994926	2.090616841321379e-13	0.9996257687664738	0
full_sample	111	3	21	1630	988	1	pass	134.79082581117876	0.19739798889802723	4.472056050715189	134.98724655472546	-0.19642074354669603	0.8029556650246306	-0.15771714875916973	1.0023410578355647	1	0.75	1.0017552800754674	0.00034413002581994926	2.090616841321379e-13	1.001410605314938	0
full_sample	112	3	22	1642	958	1	pass	134.79199949052622	0.19633354551676963	4.194656723805033	134.98724655472546	-0.19524706419923632	0.8041136141038198	-0.15700082243640845	1.0023304065447871	1	0.75	1.0017472962653169	0.00034413002581994926	2.090616841321379e-13	1.0014026242517837	0
full_sample	113	3	23	1516	873	1	pass	134.39120956796094	0.20555343602046514	4.216047515587682	134.98724655472546	-0.596036986764517	0.791231732776618	-0.4716033778366429	1.007024722664827	1	0.75	1.0052639292304608	0.00034413002581994926	2.090616841321379e-13	1.00491804724614	0
full_sample	114	3	24	1579	935	1	pass	135.28010646959663	0.1842690168150023	3.868618552473173	134.98724655472546	0.2928599148711726	0.797877716018191	0.23366639999069302	0.9965466454802341	1	0.75	0.9974088644679273	0.00034413002581994926	2.090616841321379e-13	0.9970656851821796	0
full_sample	115	3	25	1552	912	1	pass	134.57328326600728	0.17915412399094907	4.084333921083778	134.98724655472546	-0.413963288718179	0.7950819672131147	-0.32913474594806036	1.0048948120463492	1	0.75	1.00366886742968	0.00034413002581994926	2.090616841321379e-13	1.003323534259581	0
full_sample	116	3	26	1488	896	1	pass	134.7300703681156	0.21609469547890678	4.399857954578191	134.98724655472546	-0.2571761866098541	0.788135593220339	-0.20268970639590195	1.0030101096110087	1	0.75	1.0022567338256043	0.00034413002581994926	2.090616841321379e-13	1.001911886529472	0
full_sample	117	3	27	1392	867	1	pass	134.9502277811062	0.1984743982912188	4.162849422152168	134.98724655472546	-0.03701877361925199	0.7767857142857143	-0.028755654507811812	1.000426219749976	1	0.75	1.0003196477845737	0.00034413002581994926	2.090616841321379e-13	0.9999754669832238	0
full_sample	118	3	28	1383	835	1	pass	134.77614807818244	0.21151391609543135	4.342121391581149	134.98724655472546	-0.2110984765430146	0.7756590016825575	-0.1637404335720635	1.0024306267470493	1	0.75	1.001822416750486	0.00034413002581994926	2.090616841321379e-13	1.0014777188901856	0
full_sample	119	3	29	1376	703	0	mu_error	140.7570943372759	0.6243898523293613	4.937539412427892	134.98724655472546	nan	0.7747747747747747	nan	1.0	0	0.75	1.0	0.00034413002581994926	2.090616841321379e-13	1.0	0
full_sample	123	4	3	1628	835	1	pass	135.76662956442235	0.2712274517394953	4.371791802829262	134.98724655472546	0.7793830096968861	0.8027613412228797	0.6256585501905969	0.9907934397806727	1	0.75	0.993087102873665	0.00034413002581994926	2.090616841321379e-13	0.9927454105799723	0
full_sample	124	4	4	1763	905	1	pass	134.78876153108868	0.20786594473539952	3.9016381994168374	134.98724655472546	-0.19848502363677767	0.8150716597318539	-0.16177951764754464	1.0024014657412115	1	0.75	1.0018005591863839	0.00034413002581994926	2.090616841321379e-13	1.0014558688466337	0
full_sample	125	4	5	2001	1051	1	pass	134.90215408739914	0.21995914133960373	5.007977249147631	134.98724655472546	-0.08509246732631937	0.8334027488546439	-0.07091629617657853	1.0010516226392487	1	0.75	1.0007886133457604	0.00034413002581994926	2.090616841321379e-13	1.000444271187045	0
full_sample	126	4	6	1955	1048	1	pass	134.53897259991396	0.19625445280848947	4.397531328881855	134.98724655472546	-0.4482739548114978	0.8301486199575372	-0.3721340049496723	1.005536939833499	1	0.75	1.00414983732577	0.00034413002581994926	2.090616841321379e-13	1.0038043386679643	0
full_sample	127	4	7	2143	1158	1	pass	134.8082927272948	0.19650653988417788	4.3191387624543385	134.98724655472546	-0.1789538274306608	0.842705465985057	-0.15080536853476448	1.0022382913947472	1	0.75	1.0016782493008862	0.00034413002581994926	2.090616841321379e-13	1.001333601044399	0
full_sample	128	4	8	1999	1110	1	pass	134.68432137090682	0.17103977621375827	3.780663298994088	134.98724655472546	-0.302925183818644	0.8332638599416423	-0.2524166079422548	1.003750671379154	1	0.75	1.0028116867595902	0.00034413002581994926	2.090616841321379e-13	1.0024666485203473	0
full_sample	129	4	9	2085	1102	1	pass	134.97799484481743	0.17559752245513544	4.0534457722762	134.98724655472546	-0.00925170990802826	0.8390342052313883	-0.007762501069713852	1.0001150298755925	1	0.75	1.000086271166266	0.00034413002581994926	2.090616841321379e-13	0.9997421706630002	0
full_sample	130	4	10	2056	1108	1	pass	135.13506413080887	0.16976916588528154	4.032441972387666	134.98724655472546	0.14781757608341195	0.8371335504885994	0.12374305229132532	0.9981689701263899	1	0.75	0.9986264130418969	0.00034413002581994926	2.090616841321379e-13	0.998282814833213	0
full_sample	131	4	11	2061	1103	1	pass	134.61054740370648	0.17534741548592842	4.126884147362822	134.98724655472546	-0.37669915101898255	0.8374644453474197	-0.3154721455709561	1.0046909108914066	1	0.75	1.0035161242545827	0.00034413002581994926	2.090616841321379e-13	1.0031708436389528	0
full_sample	132	4	12	1947	1058	1	pass	134.70388372435636	0.16265522925374853	3.828168095327969	134.98724655472546	-0.28336283036910004	0.8295696634000852	-0.23506920780938975	1.0034922307404408	1	0.75	1.002618031371164	0.00034413002581994926	2.090616841321379e-13	1.002273059763089	0
full_sample	133	4	13	1905	1007	1	pass	134.9805631247857	0.17772838852574538	3.8950267400960743	134.98724655472546	-0.00668342993975557	0.8264642082429501	-0.005523615633507314	1.0000818505535694	1	0.75	1.0000613872871191	0.00034413002581994926	2.090616841321379e-13	0.9997172953456703	0
full_sample	134	4	14	1874	1061	1	pass	134.58610997094704	0.1688918917678701	3.949512133261247	134.98724655472546	-0.401136583778424	0.8240985048372911	-0.33057605892733793	1.0049163258741622	1	0.75	1.0036849830726946	0.00034413002581994926	2.090616841321379e-13	1.0033396443576732	0
full_sample	135	4	15	1810	998	1	pass	134.9835102671552	0.18082892404263726	4.002419375837285	134.98724655472546	-0.0037362875702626752	0.8190045248868778	-0.0030600364263237293	1.0000453432741674	1	0.75	1.000034007262878	0.00034413002581994926	2.090616841321379e-13	0.9996899247420965	0
full_sample	136	4	16	1726	932	1	pass	134.2136058352033	0.16918080807663924	3.7090316760727053	134.98724655472546	-0.7736407195221489	0.8118532455315146	-0.6280827290193928	1.0093719066374423	1	0.75	1.0070207276548164	0.00034413002581994926	2.090616841321379e-13	1.0066742412074214	0
full_sample	137	4	17	1876	1055	1	pass	134.9131739242071	0.1714601928791467	3.9944644762617196	134.98724655472546	-0.07407263051837276	0.8242530755711776	-0.061054593520416214	1.0009052834962722	1	0.75	1.0006788858194633	0.00034413002581994926	2.090616841321379e-13	1.0003345814147881	0
full_sample	138	4	18	1820	1074	1	pass	135.17821559303897	0.17027008412680064	3.8268378348848717	134.98724655472546	0.19096903831351142	0.8198198198198198	0.1565602025813472	0.9976842174050791	1	0.75	0.9982626598009554	0.00034413002581994926	2.090616841321379e-13	0.9979191867491474	0
full_sample	139	4	19	1644	954	1	pass	134.45354089723574	0.22646176709229449	4.306300284189069	134.98724655472546	-0.533705657489719	0.8043052837573386	-0.4292622802901654	1.006391015246843	1	0.75	1.004789442369696	0.00034413002581994926	2.090616841321379e-13	1.0044437236424586	0
full_sample	140	4	20	1859	1066	1	pass	135.3996843451683	0.16126186849523946	3.908514814321799	134.98724655472546	0.41243779044285134	0.8229305002213368	0.33940763719931855	0.9949897727263183	1	0.75	0.9962399712701362	0.00034413002581994926	2.090616841321379e-13	0.9958971941664293	0
full_sample	141	4	21	1787	1071	1	pass	135.15837093945592	0.16055203477759003	3.9222957476968756	134.98724655472546	0.17112438473046154	0.8171010516689529	0.13982591472946262	0.9979313608392636	1	0.75	0.9984481191018805	0.00034413002581994926	2.090616841321379e-13	0.9981045822389387	0
full_sample	142	4	22	1704	1010	1	pass	134.7351389089702	0.1714863106057919	3.926562430985106	134.98724655472546	-0.25210764575524536	0.8098859315589354	-0.20417843553561696	1.0030322687234954	1	0.75	1.0022733406310798	0.00034413002581994926	2.090616841321379e-13	1.0019284876210302	0
full_sample	143	4	23	1642	958	1	pass	135.42448207175008	0.20368541830449546	4.742888347051863	134.98724655472546	0.43723551702461805	0.8041136141038198	0.35158703180921785	0.9948106847178225	1	0.75	0.9961054834705638	0.00034413002581994926	2.090616841321379e-13	0.9957627526401847	0
full_sample	144	4	24	1640	943	1	pass	135.4189221088814	0.1806896256043941	3.9816607254281298	134.98724655472546	0.4316755541559303	0.803921568627451	0.34703328863515964	0.9948776381165129	1	0.75	0.9961557634541366	0.00034413002581994926	2.090616841321379e-13	0.995813015323882	0
full_sample	145	4	25	1575	925	1	pass	134.4343133430335	0.1826458399237138	3.9230801791450567	134.98724655472546	-0.5529332116919647	0.7974683544303798	-0.44094673843789595	1.0065658335058663	1	0.75	1.0049203445671393	0.00034413002581994926	2.090616841321379e-13	1.004574580800275	0
full_sample	146	4	26	1579	954	1	pass	135.2391964044054	0.17829805266902513	4.003353064991926	134.98724655472546	0.2519498496799315	0.797877716018191	0.2010251706137503	0.9970279741751982	1	0.75	0.9977701515163323	0.00034413002581994926	2.090616841321379e-13	0.9974268479222538	0
full_sample	147	4	27	1454	869	1	pass	135.1615685093946	0.1889941692588244	3.926954038269249	134.98724655472546	0.17432195466915346	0.7842502696871629	0.136712039961677	0.9979773588100801	1	0.75	0.9984826352454536	0.00034413002581994926	2.090616841321379e-13	0.998139086506514	0
full_sample	148	4	28	1389	832	1	pass	134.61754511177304	0.23373558402059205	4.268547460534368	134.98724655472546	-0.3697014429524188	0.776411403018446	-0.28704041602063146	1.0042667936037246	1	0.75	1.003198391461658	0.00034413002581994926	2.090616841321379e-13	1.002853220168611	0
full_sample	149	4	29	1339	717	0	mu_error	139.38069818931982	0.6580902888915757	5.824256460903574	134.98724655472546	nan	0.7699827487061529	nan	1.0	0	0.75	1.0	0.00034413002581994926	2.090616841321379e-13	1.0	0
full_sample	153	5	3	1433	748	1	pass	134.7654500745556	0.2330386682546921	4.111694816544486	134.98724655472546	-0.2217964801698713	0.7817785051827605	-0.17339572072199977	1.0025742301906257	1	0.75	1.00193005205888	0.00034413002581994926	2.090616841321379e-13	1.0015853171644111	0
full_sample	154	5	4	1858	991	1	pass	134.8127502426611	0.189692792640664	4.232019949461428	134.98724655472546	-0.174496312064349	0.8228520814880426	-0.1435846535941366	1.002130948497937	1	0.75	1.0015977860377234	0.00034413002581994926	2.090616841321379e-13	1.0012531654662964	0
full_sample	155	5	5	2038	1074	1	pass	134.72897918523103	0.18804705946814004	4.099834433106701	134.98724655472546	-0.2582673694944333	0.8359310910582445	-0.2158937239662244	1.0032066715361643	1	0.75	1.0024040409307329	0.00034413002581994926	2.090616841321379e-13	1.0020591429505241	0
full_sample	156	5	6	2125	1146	1	pass	134.85467326732476	0.18570526576593108	4.072134990273247	134.98724655472546	-0.13257328740070307	0.8415841584158416	-0.11157157850554218	1.0016552508898826	1	0.75	1.0012411814829476	0.00034413002581994926	2.090616841321379e-13	1.0008966836087425	0
full_sample	157	5	7	2057	1105	1	pass	134.4617382059764	0.21239386672272167	4.776430073663169	134.98724655472546	-0.5255083487490708	0.8371998371998371	-0.4399555040198773	1.0065510012789092	1	0.75	1.0049092385617622	0.00034413002581994926	2.090616841321379e-13	1.0045634786161506	0
full_sample	158	5	8	2090	1135	1	pass	134.35094996611465	0.19582941290457162	4.308876633279415	134.98724655472546	-0.6362965886108043	0.8393574297188755	-0.5340802691552534	1.007960890673267	1	0.75	1.005964746145859	0.00034413002581994926	2.090616841321379e-13	1.0056186230308877	0
full_sample	159	5	9	2123	1140	1	pass	135.13095591738096	0.16007895453346233	3.88792505192643	134.98724655472546	0.14370936265549972	0.8414585810543004	0.12092547638431465	0.9982106059174104	1	0.75	0.9986576540329747	0.00034413002581994926	2.090616841321379e-13	0.9983140450751774	0
full_sample	160	5	10	1977	1034	1	pass	134.85839634285512	0.18981800136358704	3.7950717621651355	134.98724655472546	-0.1288502118703434	0.8317206562894405	-0.10716738277983547	1.001589833342557	1	0.75	1.001192138204054	0.00034413002581994926	2.090616841321379e-13	1.00084765720421	0
full_sample	161	5	11	2043	1049	1	pass	134.81761230556012	0.1668538818576303	4.0477393270977275	134.98724655472546	-0.1696342491653411	0.8362668849774867	-0.14185950513499462	1.0021053050532942	1	0.75	1.0015785636250427	0.00034413002581994926	2.090616841321379e-13	1.0012339496674874	0
full_sample	162	5	12	2043	1103	1	pass	134.7018175119028	0.1519019887424204	3.8070588146154427	134.98724655472546	-0.28542904282267045	0.8362668849774867	-0.23869485652342026	1.0035462372097186	1	0.75	1.002658500664788	0.00034413002581994926	2.090616841321379e-13	1.0023135151324098	0
full_sample	163	5	13	1958	1046	1	pass	134.99545449483327	0.15912260241844414	3.701472596322926	134.98724655472546	0.008207940107809009	0.8303647158608991	0.006815583855424105	0.999899018531133	1	0.75	0.9999242629423167	0.00034413002581994926	2.090616841321379e-13	0.9995802181813537	0
full_sample	164	5	14	1991	1075	1	pass	134.8849511019707	0.16213469615013226	3.7817683241619076	134.98724655472546	-0.10229545275475971	0.8327059807611877	-0.08518203531356193	1.0012633706758889	1	0.75	1.0009473784507419	0.00034413002581994926	2.090616841321379e-13	1.0006029816655868	0
full_sample	165	5	15	1864	982	1	pass	134.55062338049265	0.17253333986898872	3.7213781079254136	134.98724655472546	-0.43662317423280683	0.823321554770318	-0.359481270658106	1.0053479268174847	1	0.75	1.00400826978979	0.00034413002581994926	2.090616841321379e-13	1.0036628198412427	0
full_sample	166	5	16	1896	1067	1	pass	134.66362389989234	0.16844855708531137	4.059213958090307	134.98724655472546	-0.32362265483311603	0.8257839721254355	-0.2672424013778693	1.003971624389188	1	0.75	1.0029772419398333	0.00034413002581994926	2.090616841321379e-13	1.0026321467378834	0
full_sample	167	5	17	1946	1062	1	pass	134.82424872399292	0.15059801426481756	3.7466641544152868	134.98724655472546	-0.16299783073253593	0.8294970161977835	-0.13520621423934992	1.0020064165231808	1	0.75	1.0015044352974913	0.00034413002581994926	2.090616841321379e-13	1.0011598468453304	0
full_sample	168	5	18	1944	1076	1	pass	134.64088786829697	0.17027058167754344	4.058424508743943	134.98724655472546	-0.34635868642848777	0.8293515358361775	-0.28725310853966735	1.0042699653497857	1	0.75	1.0032007677395387	0.00034413002581994926	2.090616841321379e-13	1.0028555956288836	0
full_sample	169	5	19	1919	1082	1	pass	134.7258338666022	0.1554852182146966	3.6721114715866388	134.98724655472546	-0.2614126881232721	0.827511858559724	-0.2163220993999824	1.0032130495250318	1	0.75	1.0024088205914805	0.00034413002581994926	2.090616841321379e-13	1.00206392096673	0
full_sample	170	5	20	1844	1013	1	pass	134.7894336340167	0.1593748251060255	3.7380946750315953	134.98724655472546	-0.19781292070877043	0.82174688057041	-0.16255215052895397	1.0024129555015815	1	0.75	1.0018091713285235	0.00034413002581994926	2.090616841321379e-13	1.0014644780255864	0
full_sample	171	5	21	1699	979	1	pass	134.81102227377548	0.1750470221439612	4.106192666068119	134.98724655472546	-0.176224280949981	0.8094330633635064	-0.14264175956837433	1.0021169327411816	1	0.75	1.0015872797943783	0.00034413002581994926	2.090616841321379e-13	1.0012426628378437	0
full_sample	172	5	22	1644	920	1	pass	134.77295974205242	0.17681853595439784	3.889106115388817	134.98724655472546	-0.21428681267303773	0.8043052837573386	-0.17235201567244327	1.002558705639264	1	0.75	1.0019184161040102	0.00034413002581994926	2.090616841321379e-13	1.001573685213134	0
full_sample	173	5	23	1631	980	1	pass	134.8314914795919	0.16343145477390478	3.908137481506625	134.98724655472546	-0.15575507513355547	0.8030526834071886	-0.12507953104029	1.0018559307071744	1	0.75	1.0013916253599493	0.00034413002581994926	2.090616841321379e-13	1.0010470757223962	0
full_sample	174	5	24	1682	1012	1	pass	135.29734376301707	0.1562318822447974	3.67194528584583	134.98724655472546	0.3100972082916087	0.8078770413064361	0.25052041515201046	0.99629825202856	1	0.75	0.9972224023854043	0.00034413002581994926	2.090616841321379e-13	0.9968792872558182	0
full_sample	175	5	25	1597	934	1	pass	135.23200781208547	0.1775223381490325	3.9915188904963492	134.98724655472546	0.2447612573600111	0.799699549323986	0.19573546720277302	0.9971060091584815	1	0.75	0.9978287207471263	0.00034413002581994926	2.090616841321379e-13	0.9974853970010843	0
full_sample	176	5	26	1575	949	1	pass	134.73918024596176	0.18859294525930817	3.9893303745927597	134.98724655472546	-0.24806630876369695	0.7974683544303798	-0.1978250310394039	1.0029377060666498	1	0.75	1.0022024714652331	0.00034413002581994926	2.090616841321379e-13	1.0018576428391957	0
full_sample	177	5	27	1514	932	1	pass	134.98404618656522	0.1835723123312238	4.128281266349098	134.98724655472546	-0.0032003681602361667	0.7910135841170324	-0.002531534688922443	1.0000375117747888	1	0.75	1.000028133699175	0.00034413002581994926	2.090616841321379e-13	0.9996840531993153	0
full_sample	178	5	28	1421	847	1	pass	134.99978506120354	0.19674100722121393	4.120462005189618	134.98724655472546	0.01253850647808008	0.7803404722679846	0.009784304066640194	0.9998550379800731	1	0.75	0.9998912765148745	0.00034413002581994926	2.090616841321379e-13	0.9995472431035785	0
full_sample	179	5	29	1443	762	1	pass	140.07261607062435	0.37861789123736245	4.373409173021162	134.98724655472546	5.08536951589889	0.7829625610417797	3.9816539400119906	0.9435138327785436	1	0.75	0.99	0.00034413002581994926	2.090616841321379e-13	0.99	1
full_sample	183	6	3	1534	819	1	pass	135.49471476571156	0.23098271960016487	4.299408984610554	134.98724655472546	0.5074682109861044	0.7931747673216132	0.40251098017201864	0.9940624132962306	1	0.75	0.9955434966175963	0.00034413002581994926	2.090616841321379e-13	0.9952009591504942	0
full_sample	184	6	4	1928	1000	1	pass	134.73436074260914	0.19503318555576862	3.9373605019603914	134.98724655472546	-0.2528858121163182	0.8281786941580757	-0.20943464164959688	1.0031105110333607	1	0.75	1.0023319773911603	0.00034413002581994926	2.090616841321379e-13	1.001987104205913	0
full_sample	185	6	5	2244	1184	1	pass	134.98671463384164	0.19110141139349432	4.3303130537948595	134.98724655472546	-0.0005319208838159284	0.848714069591528	-0.0004514487380041389	1.000006689322489	1	0.75	1.0000050169876717	0.00034413002581994926	2.090616841321379e-13	0.9996609444415981	0
full_sample	186	6	6	2119	1096	1	pass	134.84138086532263	0.18667315429291217	4.193351119071367	134.98724655472546	-0.14586568940282518	0.8412068281063915	-0.12270321391210265	1.0018206227703783	1	0.75	1.0013651565632187	0.00034413002581994926	2.090616841321379e-13	1.001020616032806	0
full_sample	187	6	7	2156	1168	1	pass	134.64770349401738	0.1802311554699161	4.251727441009595	134.98724655472546	-0.33954306070808116	0.8435054773082942	-0.2864064314892891	1.0042573394913326	1	0.75	1.0031913084124382	0.00034413002581994926	2.090616841321379e-13	1.0028461395564616	0
full_sample	188	6	8	2185	1163	1	pass	135.13120138767047	0.16045626057184087	4.148404917441343	134.98724655472546	0.14395483294501332	0.8452611218568665	0.12167942359181977	0.9981994644579923	1	0.75	0.9986492941844748	0.00034413002581994926	2.090616841321379e-13	0.9983056881030576	0
full_sample	189	6	9	2032	1114	1	pass	134.9086575350208	0.19045243176424237	4.356136887547633	134.98724655472546	-0.07858901970465126	0.8355263157894737	-0.06566319409533362	1.0009736671508676	1	0.75	1.0007301615215893	0.00034413002581994926	2.090616841321379e-13	1.0003858394744414	0
full_sample	190	6	10	2068	1135	1	pass	135.06430117394055	0.1675741941933592	3.995366318550848	134.98724655472546	0.07705461921509027	0.8379254457050244	0.06456602614943545	0.9990439864693063	1	0.75	0.9992829041339046	0.00034413002581994926	2.090616841321379e-13	0.9989390800457926	0
full_sample	191	6	11	2079	1122	1	pass	135.49301989430973	0.1620597000310689	3.692849745092763	134.98724655472546	0.5057733395842661	0.8386446147640177	0.42416408753355755	0.9937445004806491	1	0.75	0.9953046972078038	0.00034413002581994926	2.090616841321379e-13	0.9949622419046105	0
full_sample	192	6	12	2049	1055	1	pass	134.94924445204057	0.1628460933025408	4.02176322124057	134.98724655472546	-0.03800210268488513	0.8366680277664352	-0.0317951443043404	1.0004712873542547	1	0.75	1.0003534446968005	0.00034413002581994926	2.090616841321379e-13	1.0000092522669193	0
full_sample	193	6	13	2068	1091	1	pass	134.74996820520136	0.16391398176324518	3.5933947569550715	134.98724655472546	-0.23727834952410376	0.8379254457050244	-0.1988215667811372	1.0029525373983046	1	0.75	1.0022135867890019	0.00034413002581994926	2.090616841321379e-13	1.0018687543385059	0
full_sample	194	6	14	1972	1062	1	pass	134.5885273177483	0.17123527307136932	4.112515958685175	134.98724655472546	-0.39871923697717193	0.8313659359190556	-0.33148159161845825	1.0049298427050082	1	0.75	1.0036951082569856	0.00034413002581994926	2.090616841321379e-13	1.0033497660581836	0
full_sample	195	6	15	2018	1095	1	pass	134.99307728249693	0.14755547280899817	3.8167142233818168	134.98724655472546	0.0058307277714675365	0.8345740281224152	0.004866173963118895	0.9999278999349082	1	0.75	0.9999459244638147	0.00034413002581994926	2.090616841321379e-13	0.999601872249754	0
full_sample	196	6	16	1899	1062	1	pass	134.61692224807717	0.15725721695972536	3.681041720443423	134.98724655472546	-0.37032430664828553	0.8260113092648977	-0.3058920653871658	1.004547974431266	1	0.75	1.0034090453570141	0.00034413002581994926	2.090616841321379e-13	1.0030638015841085	0
full_sample	197	6	17	1953	1078	1	pass	135.0635102993428	0.1562118660155362	4.028874619570386	134.98724655472546	0.07626374461733576	0.8300042498937527	0.06329923214520049	0.9990627303942553	1	0.75	0.9992969654065448	0.00034413002581994926	2.090616841321379e-13	0.9989531364803591	0
full_sample	198	6	18	1979	1109	1	pass	134.87057495153257	0.15374068017333448	4.10166619210295	134.98724655472546	-0.11667160319288428	0.8318621269440941	-0.09705468798601008	1.0014396490790556	1	0.75	1.0010795426204893	0.00034413002581994926	2.090616841321379e-13	1.0007351003614997	0
full_sample	199	6	19	1939	1096	1	pass	134.71631579800396	0.15372987160225174	3.7886314866999538	134.98724655472546	-0.2709307567214978	0.8289867464728516	-0.22459800653398215	1.003336279649455	1	0.75	1.0025011676760458	0.00034413002581994926	2.090616841321379e-13	1.0021562362773582	0
full_sample	200	6	20	1861	1050	1	pass	134.5439969143966	0.14501416477303528	3.658044389660188	134.98724655472546	-0.4432496403288724	0.8230871295886776	-0.3648330741495053	1.0054278682910023	1	0.75	1.0040681454064528	0.00034413002581994926	2.090616841321379e-13	1.003722674856453	0
full_sample	201	6	21	1851	1048	1	pass	134.90283511966166	0.16202858720891883	3.952385307510891	134.98724655472546	-0.08441143506379944	0.8223011994669036	-0.06941162430168493	1.0010292925345279	1	0.75	1.0007718701206754	0.00034413002581994926	2.090616841321379e-13	1.0004275337228157	0
full_sample	202	6	22	1770	1050	1	pass	135.0423849231434	0.14549864761276174	3.706416981983482	134.98724655472546	0.05513836841794273	0.815668202764977	0.044974613870856515	0.999333926838638	1	0.75	0.9995004035249194	0.00034413002581994926	2.090616841321379e-13	0.9991565046016135	0
full_sample	203	6	23	1771	996	1	pass	135.08411211451673	0.15997020813382054	3.928376228867047	134.98724655472546	0.09686555979126865	0.8157531091662829	0.07901838157085987	0.9988301817211557	1	0.75	0.9991225079337787	0.00034413002581994926	2.090616841321379e-13	0.9987787390333186	0
full_sample	204	6	24	1648	953	1	pass	135.08156629532618	0.17675679570377922	4.040788928048316	134.98724655472546	0.09431974060072434	0.8046875	0.07589791626464537	0.998876339341116	1	0.75	0.9991571360803874	0.00034413002581994926	2.090616841321379e-13	0.9988133552653925	0
full_sample	205	6	25	1636	986	1	pass	135.17146006843893	0.14587817027981154	3.308920525390982	134.98724655472546	0.18421351371347328	0.8035363457760314	0.14802225365188718	0.9978103002146739	1	0.75	0.9983572752392691	0.00034413002581994926	2.090616841321379e-13	0.9980137696330496	0
full_sample	206	6	26	1574	972	1	pass	134.98856176000766	0.15219103771230544	3.4710202442096083	134.98724655472546	0.0013152052821965299	0.7973657548125633	0.0010486996525721063	0.9999844611965197	1	0.75	0.9999883458747533	0.00034413002581994926	2.090616841321379e-13	0.999644279064723	0
full_sample	207	6	27	1487	878	1	pass	134.88883097324748	0.17057219602772306	3.7356598703680737	134.98724655472546	-0.09841558147797969	0.7880233174350821	-0.07755377300358017	1.0011501351283771	1	0.75	1.0008624773921608	0.00034413002581994926	2.090616841321379e-13	1.000518109818983	0
full_sample	208	6	28	1489	912	1	pass	135.23760283346277	0.21385028306184536	4.1385574313681515	134.98724655472546	0.25035627873731414	0.7882477501323452	0.19734277344619416	0.9970822968193623	1	0.75	0.997810923549691	0.00034413002581994926	2.090616841321379e-13	0.9974676059271453	0
full_sample	209	6	29	1500	794	0	mu_error	140.22310518160324	0.6958959244104177	5.516124821725936	134.98724655472546	nan	0.7894736842105263	nan	1.0	0	0.75	1.0	0.00034413002581994926	2.090616841321379e-13	1.0	0
full_sample	213	7	3	1524	837	1	pass	133.99690775283216	0.2380390719820559	4.694271499238876	134.98724655472546	-0.9903388018933015	0.7920997920997921	-0.7844471590880413	1.0117255735760693	1	0.75	1.0087813531431427	0.00034413002581994926	2.090616841321379e-13	1.0084342609158925	0
full_sample	214	7	4	1974	1065	1	pass	134.71394326477179	0.18836090588596155	4.162429661946468	134.98724655472546	-0.2733032899536738	0.83150800336984	-0.22725387294378777	1.0033758309120009	1	0.75	1.0025308062869864	0.00034413002581994926	2.090616841321379e-13	1.0021858646905177	0
full_sample	215	7	5	2134	1148	1	pass	134.55019102637584	0.16297963560416598	3.692432593768009	134.98724655472546	-0.43705552834961736	0.8421468034727704	-0.368064916139733	1.0054761478894454	1	0.75	1.0041043059188826	0.00034413002581994926	2.090616841321379e-13	1.0037588229271053	0
full_sample	216	7	6	2261	1164	1	pass	134.64665631446672	0.18042003730098194	4.1464618234692825	134.98724655472546	-0.3405902402587344	0.8496805712138293	-0.28939290989289684	1.0043018756603135	1	0.75	1.003224674897458	0.00034413002581994926	2.090616841321379e-13	1.0028794945610477	0
full_sample	217	7	7	2132	1138	1	pass	135.0691601659311	0.1676637761449112	3.6926583264557897	134.98724655472546	0.08191361120563556	0.8420221169036335	0.06897307231059045	0.9989787823900503	1	0.75	0.9992339889804048	0.00034413002581994926	2.090616841321379e-13	0.9988901817225697	0
full_sample	218	7	8	2127	1141	1	pass	134.8083290195218	0.16234914985383495	4.18107116036579	134.98724655472546	-0.17891753520365228	0.8417095370003957	-0.15059659571751816	1.0022351875431994	1	0.75	1.0016759227121288	0.00034413002581994926	2.090616841321379e-13	1.0013312752561527	0
full_sample	219	7	9	2141	1136	1	pass	134.65670326693387	0.1735059482498958	4.06145964108524	134.98724655472546	-0.3305432877915848	0.842581660763479	-0.2785097123816541	1.0041395931202375	1	0.75	1.0031030910830456	0.00034413002581994926	2.090616841321379e-13	1.0027579525800778	0
full_sample	220	7	10	1957	1066	1	pass	134.9063565703081	0.1695231055329209	3.9840267284942983	134.98724655472546	-0.08088998441735384	0.8302927450148494	-0.06716236720609312	1.0009959137952915	1	0.75	1.0007468423996306	0.00034413002581994926	2.090616841321379e-13	1.0004025146130793	0
full_sample	221	7	11	2163	1119	1	pass	134.96159811584033	0.16519866725344937	3.8265239950770127	134.98724655472546	-0.02564843888512769	0.8439328911431916	-0.021645561181635267	1.0003208077413437	1	0.75	1.0002405961587717	0.00034413002581994926	2.090616841321379e-13	0.9998964425567793	0
full_sample	222	7	12	2150	1165	1	pass	134.85369333363525	0.13595002888948649	3.6938791419070296	134.98724655472546	-0.13355322109021017	0.8431372549019608	-0.11260369621331445	1.001670582336463	1	0.75	1.001252675292548	0.00034413002581994926	2.090616841321379e-13	1.0009081734636585	0
full_sample	223	7	13	2030	1060	1	pass	134.66570053258909	0.15082638230731837	3.5456576534177437	134.98724655472546	-0.3215460221363742	0.8353909465020576	-0.2686166357764772	1.003992108689295	1	0.75	1.0029925899092829	0.00034413002581994926	2.090616841321379e-13	1.0026474894265447	0
full_sample	224	7	14	2076	1101	1	pass	135.078964019469	0.17274002516951484	4.178727576326706	134.98724655472546	0.09171746474353881	0.8384491114701131	0.07690042682051154	0.9988615099534383	1	0.75	0.9991460108924374	0.00034413002581994926	2.090616841321379e-13	0.9988022339052951	0
full_sample	225	7	15	2016	1124	1	pass	134.96163924428308	0.15686084471083622	3.668945745245325	134.98724655472546	-0.02560731044238196	0.8344370860927153	-0.021367689508212762	1.0003166884415453	1	0.75	1.0002375069300649	0.00034413002581994926	2.090616841321379e-13	0.999893354390986	0
full_sample	226	7	16	1907	1071	1	pass	135.09218237052949	0.16537302479014115	4.033185636616375	134.98724655472546	0.10493581580402633	0.8266146510619853	0.08674148276475	0.9987159561150957	1	0.75	0.9990368124314977	0.00034413002581994926	2.090616841321379e-13	0.9986930730163593	0
full_sample	227	7	17	1980	1131	1	pass	134.66305735055647	0.14910108324178117	3.8661414329475345	134.98724655472546	-0.324189204168988	0.8319327731092437	-0.269703623636385	1.0040083117444618	1	0.75	1.0030047300780212	0.00034413002581994926	2.090616841321379e-13	1.002659625418205	0
full_sample	228	7	18	2030	1126	1	pass	134.80461846527697	0.16246344296491022	4.048408359671766	134.98724655472546	-0.1826280894484853	0.8353909465020576	-0.15256585250223256	1.002264465303195	1	0.75	1.0016978686988611	0.00034413002581994926	2.090616841321379e-13	1.001353213691911	0
full_sample	229	7	19	1883	1058	1	pass	134.6388566053073	0.15605862719625024	3.712328420447352	134.98724655472546	-0.3483899494181628	0.8247919404292597	-0.28734922240665817	1.00427139863869	1	0.75	1.0032018415615602	0.00034413002581994926	2.090616841321379e-13	1.0028566690814344	0
full_sample	230	7	20	1955	1110	1	pass	135.0606673250351	0.15364260115708897	3.873179774414113	134.98724655472546	0.07342077030963878	0.8301486199575372	0.06095015114876596	0.9990974896102579	1	0.75	0.9993230408172442	0.00034413002581994926	2.090616841321379e-13	0.9989792029192706	0
full_sample	231	7	21	1828	1070	1	pass	134.82612258059453	0.161919525598146	4.069823511053881	134.98724655472546	-0.1611239741309305	0.8204667863554758	-0.13219686926002736	1.0019616931344237	1	0.75	1.0014709093728826	0.00034413002581994926	2.090616841321379e-13	1.001126332456014	0
full_sample	232	7	22	1875	1126	1	pass	134.8411779166164	0.15277256134386105	3.841697357850195	134.98724655472546	-0.1460686381090568	0.8241758241758241	-0.12038624019977208	1.0017861983706058	1	0.75	1.0013393498905352	0.00034413002581994926	2.090616841321379e-13	1.0009948182394457	0
full_sample	233	7	23	1788	1012	1	pass	134.93376070210053	0.16808172819925302	4.125997709396359	134.98724655472546	-0.053485852624930885	0.8171846435100548	-0.04370781741013548	1.0006479501873655	1	0.75	1.0004859232911987	0.00034413002581994926	2.090616841321379e-13	1.0001416852792986	0
full_sample	234	7	24	1772	1048	1	pass	135.05122305204947	0.16352509669245252	3.7379742290759355	134.98724655472546	0.06397649732400623	0.8158379373848987	0.05219445361792774	0.9992270631441954	1	0.75	0.9994202413309083	0.00034413002581994926	2.090616841321379e-13	0.9990763699890743	0
full_sample	235	7	25	1602	942	1	pass	134.93760982091246	0.1697039144884008	3.8676046439145626	134.98724655472546	-0.04963673381300282	0.8001998001998002	-0.039719304479735526	1.0005887960364412	1	0.75	1.0004415645339795	0.00034413002581994926	2.090616841321379e-13	1.0000973417846335	0
full_sample	236	7	26	1638	986	1	pass	135.1370275252389	0.17044495707260293	3.6781782624004165	134.98724655472546	0.14978097051343298	0.803729146221786	0.120383331551032	0.9982186175812542	1	0.75	0.9986636654658412	0.00034413002581994926	2.090616841321379e-13	0.9983200544396853	0
full_sample	237	7	27	1547	938	1	pass	134.99284753353254	0.18779165830029895	4.291768427422263	134.98724655472546	0.005600978807080992	0.7945557267591166	0.004450289786622647	0.9999340616121355	1	0.75	0.9999505458014775	0.00034413002581994926	2.090616841321379e-13	0.9996064919973494	0
full_sample	238	7	28	1488	891	1	pass	135.25214169145207	0.18157296686822386	3.9835635552943094	134.98724655472546	0.2648951367266079	0.788135593220339	0.20877328572520792	0.99691368864349	1	0.75	0.997684372333714	0.00034413002581994926	2.090616841321379e-13	0.997341098253749	0
full_sample	239	7	29	1606	849	0	mu_error	141.03710565023485	0.5811833532400528	4.319086166459633	134.98724655472546	nan	0.8005982053838484	nan	1.0	0	0.75	1.0	0.00034413002581994926	2.090616841321379e-13	1.0	0
full_sample	243	8	3	1647	861	1	pass	135.23760400395312	0.21694099892047974	4.279145100264377	134.98724655472546	0.2503574492276641	0.8045920859794822	0.20143562231458859	0.9970219194754888	1	0.75	0.9977656071078086	0.00034413002581994926	2.090616841321379e-13	0.9974223050773283	0
full_sample	244	8	4	2016	1104	1	pass	134.75548341310449	0.18461715000204465	4.336570356485216	134.98724655472546	-0.23176314162097356	0.8344370860927153	-0.19339176055789847	1.0028717301774905	1	0.75	1.0021530254160238	0.00034413002581994926	2.090616841321379e-13	1.0018082138029292	0
full_sample	245	8	5	2239	1174	1	pass	135.35444602818362	0.17235178345907926	4.179618629436473	134.98724655472546	0.3671994734581574	0.8484274346343312	0.31154210726518167	0.9953996944273847	1	0.75	0.9965477829941578	0.00034413002581994926	2.090616841321379e-13	0.9962048999814187	0
full_sample	246	8	6	2177	1175	1	pass	134.90559900933036	0.1690996092140803	4.241043647876671	134.98724655472546	-0.0816475453951	0.8447807528133489	-0.06897427486423464	1.0010228021840237	1	0.75	1.000767003605636	0.00034413002581994926	2.090616841321379e-13	1.0004226688822022	0
full_sample	247	8	7	2152	1150	1	pass	134.50271532817658	0.16381563008774191	4.172448474270543	134.98724655472546	-0.4845312265488815	0.8432601880877743	-0.40858589323400973	1.0060817748722564	1	0.75	1.0045578722878108	0.00034413002581994926	2.090616841321379e-13	1.0042122332370815	0
full_sample	248	8	8	2252	1190	1	pass	135.23337071149098	0.15969035571555096	3.771529979610657	134.98724655472546	0.2461241567655179	0.8491704374057315	0.20900135785669166	0.9969103248527345	1	0.75	0.997681847539249	0.00034413002581994926	2.090616841321379e-13	0.9973385743279921	0
full_sample	249	8	9	2210	1204	1	pass	134.5775004637414	0.15485258392064297	3.9087818217443777	134.98724655472546	-0.409746090984072	0.8467432950191571	-0.34694975520107246	1.0051607771559175	1	0.75	1.0038680913185967	0.00034413002581994926	2.090616841321379e-13	1.003522689601371	0
full_sample	250	8	10	2184	1107	1	pass	134.71821008621328	0.17768267612018493	4.0671339019843105	134.98724655472546	-0.26903646851218355	0.8452012383900929	-0.22738995635859477	1.0033778575343213	1	0.75	1.0025323249732554	0.00034413002581994926	2.090616841321379e-13	1.002187382854251	0
full_sample	251	8	11	2091	1137	1	pass	135.11179883524738	0.16415120050149196	4.2684348448639335	134.98724655472546	0.12455228052192524	0.839421918908069	0.1045519143200906	0.9984526123504961	1	0.75	0.9988392346422159	0.00034413002581994926	2.090616841321379e-13	0.9984955632078295	0
full_sample	252	8	12	2209	1185	1	pass	135.06704078361986	0.1515474170019534	3.6657234915871943	134.98724655472546	0.07979422889440002	0.8466845534687619	0.06756054106083927	0.9989996806817226	1	0.75	0.9992496666622883	0.00034413002581994926	2.090616841321379e-13	0.9989058540102204	0
full_sample	253	8	13	2152	1134	1	pass	134.5015482690486	0.1673367510409241	4.2049043024912	134.98724655472546	-0.4856982856768468	0.8432601880877743	-0.40957002773376733	1.0060964905630905	1	0.75	1.0045688923184994	0.00034413002581994926	2.090616841321379e-13	1.0042232494760988	0
full_sample	254	8	14	2133	1154	1	pass	134.67290035929025	0.14284349294894996	3.6374478228634803	134.98724655472546	-0.31434619543520625	0.8420844848006317	-0.26470605403209435	1.0039338193117264	1	0.75	1.0029489160814014	0.00034413002581994926	2.090616841321379e-13	1.0026038306255525	0
full_sample	255	8	15	2027	1083	1	pass	134.9654282510837	0.16189414769949048	3.6934413429944093	134.98724655472546	-0.021818303641765624	0.8351874742480428	-0.018222373910943106	1.0002700625843874	1	0.75	1.0002025401015162	0.00034413002581994926	2.090616841321379e-13	0.9998583995935026	0
full_sample	256	8	16	1991	1103	1	pass	134.3935553301257	0.1477122007167011	3.581107577172439	134.98724655472546	-0.5936912245997519	0.8327059807611877	-0.494370233449647	1.0073657153323028	1	0.75	1.0055192157547075	0.00034413002581994926	2.090616841321379e-13	1.005173245933743	0
full_sample	257	8	17	2026	1141	1	pass	134.64145293332226	0.15732469851063685	3.825454487460972	134.98724655472546	-0.34579362140320313	0.8351195383347073	-0.2887790094653296	1.0042927205646075	1	0.75	1.003217815932588	0.00034413002581994926	2.090616841321379e-13	1.0028726379561475	0
full_sample	258	8	18	1951	1099	1	pass	135.18524348911367	0.15586935797653897	4.03296678075972	134.98724655472546	0.19799693438821464	0.8298596341982135	0.1643096635437715	0.9975697991546977	1	0.75	0.9981767951287236	0.00034413002581994926	2.090616841321379e-13	0.9978333516204437	0
full_sample	259	8	19	1973	1137	1	pass	134.92863464706426	0.165735212767265	3.9985952120841386	134.98724655472546	-0.05861190766120217	0.8314369995785925	-0.04873210864540745	1.0007224735665508	1	0.75	1.0005418062551328	0.00034413002581994926	2.090616841321379e-13	1.0001975490155355	0
full_sample	260	8	20	1856	1069	1	pass	134.94486419312742	0.14578521769506728	3.7085536568904476	134.98724655472546	-0.04238236159804387	0.8226950354609929	-0.03486775847782333	1.000516849200908	1	0.75	1.000387611862345	0.00034413002581994926	2.090616841321379e-13	1.0000434076765388	0
full_sample	261	8	21	1870	1012	1	pass	135.00392597391695	0.15428320775746293	3.7820178310991253	134.98724655472546	0.016679419191490297	0.8237885462555066	0.013740314488143989	0.9997964355796015	1	0.75	0.9998473227995147	0.00034413002581994926	2.090616841321379e-13	0.9995033045114096	0
full_sample	262	8	22	1859	1077	1	pass	134.6787394101794	0.15768591059428616	3.971950188250723	134.98724655472546	-0.30850714454606987	0.8229305002213368	-0.25387993878315357	1.0037724765697016	1	0.75	1.0028280253094608	0.00034413002581994926	2.090616841321379e-13	1.0024829814485992	0
full_sample	263	8	23	1825	1092	1	pass	135.07598852036946	0.16564820263200286	4.224195760817758	134.98724655472546	0.0887419656440045	0.8202247191011236	0.07278835384283515	0.998922338869524	1	0.75	0.9991916452263331	0.00034413002581994926	2.090616841321379e-13	0.9988478525377482	0
full_sample	264	8	24	1779	1050	1	pass	134.91453225466842	0.15377550580766894	3.818433698802577	134.98724655472546	-0.0727143000570436	0.8164295548416705	-0.05936610362619576	1.0008802309832288	1	0.75	1.0006601006259321	0.00034413002581994926	2.090616841321379e-13	1.0003158026846937	0
full_sample	265	8	25	1771	1070	1	pass	135.15850012413625	0.16436257877853014	3.8883860272675292	134.98724655472546	0.17125356941079417	0.8157531091662829	0.13970063170267918	0.9979332114511998	1	0.75	0.9984495077792368	0.00034413002581994926	2.090616841321379e-13	0.9981059704384917	0
full_sample	266	8	26	1596	959	1	pass	135.26291240632537	0.17114851115272156	4.127549154865915	134.98724655472546	0.27566585159991064	0.7995991983967936	0.220422193964658	0.996741902969623	1	0.75	0.9975554306990969	0.00034413002581994926	2.090616841321379e-13	0.9972122009841857	0
full_sample	267	8	27	1646	1019	1	pass	135.0937437683557	0.17403658264071442	3.9916660281589	134.98724655472546	0.10649721363023446	0.804496578690127	0.08567664400555518	0.9987317040452824	1	0.75	0.9990486271503402	0.00034413002581994926	2.090616841321379e-13	0.9987048836701018	0
full_sample	268	8	28	1537	964	1	pass	134.85590235402327	0.1741511725747715	4.285559956603153	134.98724655472546	-0.13134420070218766	0.7934950955085184	-0.1042209790806724	1.001546072629253	1	0.75	1.0011593305217465	0.00034413002581994926	2.090616841321379e-13	1.0008148608100689	0
full_sample	269	8	29	1611	857	0	mu_error	141.33981370736151	0.8710964710740231	5.870322539931243	134.98724655472546	nan	0.8010939830929885	nan	1.0	0	0.75	1.0	0.00034413002581994926	2.090616841321379e-13	1.0	0
full_sample	273	9	3	1888	1012	1	pass	135.50918700522658	0.19467935829687538	4.351213646422041	134.98724655472546	0.5219404505011198	0.8251748251748252	0.43069211999393103	0.993648685257113	1	0.75	0.9952327220989448	0.00034413002581994926	2.090616841321379e-13	0.9948902915602861	0
full_sample	274	9	4	2007	1094	1	pass	135.23908533991775	0.1812592769349499	3.9302495795101646	134.98724655472546	0.25183878519229097	0.8338180307436643	0.20998771993391274	0.9968957773895856	1	0.75	0.997670928478108	0.00034413002581994926	2.090616841321379e-13	0.9973276590237814	0
full_sample	275	9	5	2268	1217	1	pass	135.0195327813899	0.1650173771255407	4.075929546740262	134.98724655472546	0.032286226664439255	0.8500749625187406	0.02744571292164476	0.999593450359477	1	0.75	0.9996950722717376	0.00034413002581994926	2.090616841321379e-13	0.9993511063685964	0
full_sample	276	9	6	2324	1247	1	pass	134.69840829097433	0.16788685337313944	4.031326147693453	134.98724655472546	-0.2888382637511313	0.8531571218795888	-0.24642442179061275	1.0036613888246775	1	0.75	1.00274478674114	0.00034413002581994926	2.090616841321379e-13	1.002399771520241	0
full_sample	277	9	7	2277	1160	1	pass	135.01022698448682	0.16160736729565445	3.978345226041108	134.98724655472546	0.022980429761361165	0.8505790063503922	0.01954667111192356	0.999710432386839	1	0.75	0.9997828164282991	0.00034413002581994926	2.090616841321379e-13	0.9994388203349539	0
full_sample	278	9	8	2275	1210	1	pass	134.8623984889509	0.1751018240839758	4.292495368391495	134.98724655472546	-0.12484806577455743	0.8504672897196262	-0.10617919612602547	1.0015751562313855	1	0.75	1.0011811347213329	0.00034413002581994926	2.090616841321379e-13	1.000836657507466	0
full_sample	279	9	9	2199	1157	1	pass	135.3106056994179	0.1882829048543925	4.25293157616595	134.98724655472546	0.3233591446924322	0.8460946517891497	0.2735924429313807	0.995958368440758	1	0.75	0.99696724235966	0.00034413002581994926	2.090616841321379e-13	0.9966242150231932	0
full_sample	280	9	10	2268	1202	1	pass	134.62985611871602	0.1531797155597993	4.107694038749224	134.98724655472546	-0.35739043600943887	0.8500749625187406	-0.30380866149528013	1.0045168937214928	1	0.75	1.003385761163477	0.00034413002581994926	2.090616841321379e-13	1.003040525401983	0
full_sample	281	9	11	2070	1153	1	pass	134.76658191473356	0.16231428782110965	4.008097132093067	134.98724655472546	-0.22066463999189523	0.8380566801619433	-0.1849294756207381	1.002745812605475	1	0.75	1.0020586534346385	0.00034413002581994926	2.090616841321379e-13	1.0017138742921885	0
full_sample	282	9	12	2138	1086	1	pass	134.9228360569877	0.1568155902509707	3.840123095360825	134.98724655472546	-0.06441049773775376	0.8423955870764381	-0.05425911905568067	1.000804463202665	1	0.75	1.0006032867509782	0.00034413002581994926	2.090616841321379e-13	1.0002590083577363	0
full_sample	283	9	13	2221	1203	1	pass	134.7784393565982	0.15098964020615102	3.9022923788646606	134.98724655472546	-0.20880719812726056	0.8473864937046929	-0.17694039948136045	1.0026269580730884	1	0.75	1.00196957230172	0.00034413002581994926	2.090616841321379e-13	1.0016248238094887	0
full_sample	284	9	14	2081	1081	1	pass	134.52299542917612	0.163955001842809	4.177231789628786	134.98724655472546	-0.4642511255493389	0.8387746876259573	-0.3894020928126458	1.0057949853892934	1	0.75	1.0043430983201262	0.00034413002581994926	2.090616841321379e-13	1.0039975331668518	0
full_sample	285	9	15	2070	1136	1	pass	134.57753639039882	0.13535012125187676	3.5145483480291317	134.98724655472546	-0.40971016432663987	0.8380566801619433	-0.3433603401441881	1.0051071813107582	1	0.75	1.0038279458623054	0.00034413002581994926	2.090616841321379e-13	1.0034825579579596	0
full_sample	286	9	16	1979	1087	1	pass	134.72986041984197	0.14878254184447182	3.5322520609248236	134.98724655472546	-0.2573861348834896	0.8318621269440941	-0.21410977761009917	1.003180111400067	1	0.75	1.0023841367001658	0.00034413002581994926	2.090616841321379e-13	1.0020392455684222	0
full_sample	287	9	17	2024	1100	1	pass	134.7897900008905	0.14714085669292123	3.8703522232889953	134.98724655472546	-0.19745655383496796	0.834983498349835	-0.16487296409322408	1.0024474693181487	1	0.75	1.0018350409880605	0.00034413002581994926	2.090616841321379e-13	1.0014903387841285	0
full_sample	288	9	18	1978	1099	1	pass	134.91167699997183	0.15908039521832568	3.985137552899971	134.98724655472546	-0.0755695547536277	0.8317914213624895	-0.06285810736025046	1.0009320436849873	1	0.75	1.0006989513542175	0.00034413002581994926	2.090616841321379e-13	1.0003546400455774	0
full_sample	289	9	19	1887	1082	1	pass	134.78664110988797	0.15455399201827766	3.989293979071558	134.98724655472546	-0.20060544483749254	0.825098382160035	-0.16551922798790922	1.0024570805037407	1	0.75	1.0018422449647775	0.00034413002581994926	2.090616841321379e-13	1.0014975402821673	0
full_sample	290	9	20	1964	1128	1	pass	134.8553150510497	0.15138747110107847	3.9055356215178776	134.98724655472546	-0.13193150367575868	0.8307952622673435	-0.10960806819762692	1.001626085175351	1	0.75	1.00121931615997	0.00034413002581994926	2.090616841321379e-13	1.0008748258089846	0
full_sample	291	9	21	1906	1060	1	pass	135.03887238811475	0.15067469357815513	3.8811972186568546	134.98724655472546	0.05162583338929494	0.826539462272333	0.042670788568948896	0.9993680302731207	1	0.75	0.999525985252565	0.00034413002581994926	2.090616841321379e-13	0.9991820775273331	0
full_sample	292	9	22	1887	1099	1	pass	134.73561363546412	0.151762515093473	3.8941600239832517	134.98724655472546	-0.2516329192613398	0.825098382160035	-0.20762191458073817	1.003083526286972	1	0.75	1.002311754470907	0.00034413002581994926	2.090616841321379e-13	1.001966888243776	0
full_sample	293	9	23	1879	1116	1	pass	134.88339271002053	0.14196543285128507	3.6012545724845513	134.98724655472546	-0.10385384470492909	0.8244844229925405	-0.08562587722710037	1.0012699597510204	1	0.75	1.0009523186934246	0.00034413002581994926	2.090616841321379e-13	1.0006079202084763	0
full_sample	294	9	24	1751	1040	1	pass	135.37399026740448	0.16028473487530526	3.6950111054582813	134.98724655472546	0.38674371267902075	0.8140399814039981	0.31482484467734323	0.9953513898703529	1	0.75	0.9965115125707064	0.00034413002581994926	2.090616841321379e-13	0.9961686420375615	0
full_sample	295	9	25	1774	1047	1	pass	134.95945400184337	0.1570944720521576	3.7519316292274207	134.98724655472546	-0.02779255288209015	0.8160073597056118	-0.022678927696792972	1.0003361270736986	1	0.75	1.00025208471475	0.00034413002581994926	2.090616841321379e-13	0.9999079271598807	0
full_sample	296	9	26	1725	1049	1	pass	135.15618934246166	0.15604385216776	3.739847481320192	134.98724655472546	0.1689427877361993	0.8117647058823529	0.13714179239762062	0.9979710103437702	1	0.75	0.9984778714812593	0.00034413002581994926	2.090616841321379e-13	0.998134324381392	0
full_sample	297	9	27	1592	963	1	pass	135.33690678758384	0.15887598021183813	3.5095004453619385	134.98724655472546	0.3496602328583833	0.7991967871485943	0.2794473346940493	0.9958721452758393	1	0.75	0.9969025087794526	0.00034413002581994926	2.090616841321379e-13	0.9965595037159217	0
full_sample	298	9	28	1517	958	1	pass	135.11362347590617	0.19266435281628802	4.411415110889457	134.98724655472546	0.1263769211807073	0.7913406364110589	0.10000719323481115	0.998519800371734	1	0.75	0.9988896447466106	0.00034413002581994926	2.090616841321379e-13	0.9985459559675783	0
full_sample	299	9	29	1671	897	0	mu_error	140.43542088787007	0.5619093043295594	5.245084099674595	134.98724655472546	nan	0.8068565910188314	nan	1.0	0	0.75	1.0	0.00034413002581994926	2.090616841321379e-13	1.0	0
full_sample	303	10	3	1750	911	1	pass	134.5857026762954	0.20965823945092776	4.511624755452716	134.98724655472546	-0.40154387843006134	0.813953488372093	-0.32683804058260807	1.0048605315903012	1	0.75	1.0036431883440677	0.00034413002581994926	2.090616841321379e-13	1.0032978640093926	0
full_sample	304	10	4	2164	1172	1	pass	134.86700076710454	0.17174220261419876	3.9244955175772787	134.98724655472546	-0.12024578762091664	0.84399375975039	-0.10148669438832435	1.0015054649252901	1	0.75	1.0011288863498269	0.00034413002581994926	2.090616841321379e-13	1.0007844271131003	0
full_sample	305	10	5	2362	1302	1	pass	134.78612588095177	0.15825609087377804	4.276152541049643	134.98724655472546	-0.20112067377368703	0.8551774076755974	-0.17199385642775117	1.0025533782961997	1	0.75	1.0019144231458121	0.00034413002581994926	2.090616841321379e-13	1.001569693628796	0
full_sample	306	10	6	2518	1291	1	pass	134.8888649925327	0.16287851358224958	4.194863894375306	134.98724655472546	-0.09838156219277039	0.8629198080877313	-0.08489539876675663	1.0012591154346797	1	0.75	1.0009441880253351	0.00034413002581994926	2.090616841321379e-13	1.0005997923379126	0
full_sample	307	10	7	2189	1223	1	pass	134.5379005814882	0.16013000668523233	4.032375064554377	134.98724655472546	-0.4493459732372571	0.8455001931247585	-0.3799221071519335	1.0056533089912723	1	0.75	1.00423699253801	0.00034413002581994926	2.090616841321379e-13	1.0038914638926388	0
full_sample	308	10	8	2331	1281	1	pass	134.754032485722	0.17572322586424258	4.076098432122249	134.98724655472546	-0.2332140690034521	0.8535335042109118	-0.19905602154780186	1.0029560268105717	1	0.75	1.0022162019188805	0.00034413002581994926	2.090616841321379e-13	1.0018713685685947	0
full_sample	309	10	9	2148	1160	1	pass	135.03598215330632	0.24216044657396035	5.191771834193852	134.98724655472546	0.04873559858086196	0.8430141287284144	0.0410847981757031	0.9993915086405178	1	0.75	0.999543596759547	0.00034413002581994926	2.090616841321379e-13	0.9991996829747094	0
full_sample	310	10	10	2281	1203	1	pass	134.9520102650365	0.16443582655041192	4.10557646023837	134.98724655472546	-0.03523628968895309	0.8508019395747856	-0.02997910361078031	1.0004443599020056	1	0.75	1.0003332514184569	0.00034413002581994926	2.090616841321379e-13	0.9999890659364935	0
full_sample	311	10	11	2365	1243	1	pass	134.98716760463267	0.15127265000781648	3.770147464443634	134.98724655472546	-7.895009278513498e-05	0.8553345388788427	-6.752874120681528e-05	1.0000010005999835	1	0.75	1.0000007504498938	0.00034413002581994926	2.090616841321379e-13	0.9996566793718112	0
full_sample	312	10	12	2254	1163	1	pass	135.06496171577402	0.14746524554245	4.118308783987146	134.98724655472546	0.07771516104855891	0.8492840994724944	0.06600225056648523	0.9990227362310391	1	0.75	0.9992669626013816	0.00034413002581994926	2.090616841321379e-13	0.9989231439982856	0
full_sample	313	10	13	2251	1196	1	pass	134.9983976211358	0.14673007349285752	3.836233612000063	134.98724655472546	0.01115106641034913	0.8491135420596001	0.00946852149743338	0.9998597160504177	1	0.75	0.9998947851927442	0.00034413002581994926	2.090616841321379e-13	0.9995507505742145	0
full_sample	314	10	14	2184	1159	1	pass	134.57355782903304	0.15422230126900158	3.9593433786187204	134.98724655472546	-0.413688725692424	0.8452012383900929	-0.3496502232632562	1.0052011023924998	1	0.75	1.0038982961993972	0.00034413002581994926	2.090616841321379e-13	1.0035528840895533	0
full_sample	315	10	15	2126	1160	1	pass	134.93235682771243	0.13518187023954764	3.3853215698209462	134.98724655472546	-0.05488972701303396	0.8416468725257323	-0.04619776707431124	1.0006848816123879	1	0.75	1.0005136172471953	0.00034413002581994926	2.090616841321379e-13	1.0001693697066134	0
full_sample	316	10	16	2073	1146	1	pass	134.97386444184934	0.15451399149477582	3.8741288129160947	134.98724655472546	-0.01338211287611557	0.8382531338455318	-0.01121759805587852	1.0001662361715205	1	0.75	1.0001246745380887	0.00034413002581994926	2.090616841321379e-13	0.9997805608213437	0
full_sample	317	10	17	2168	1200	1	pass	134.79610726083493	0.1401695460083829	3.644986399127346	134.98724655472546	-0.19113929389052942	0.8442367601246106	-0.16136681820664633	1.0023953286025293	1	0.75	1.0017959590881107	0.00034413002581994926	2.090616841321379e-13	1.00145127033112	0
full_sample	318	10	18	2110	1184	1	pass	134.85420451178064	0.15393969796491	4.13817752917299	134.98724655472546	-0.13304204294482247	0.8406374501992032	-0.11184012375042846	1.0016592399233808	1	0.75	1.001244172019827	0.00034413002581994926	2.090616841321379e-13	1.0008996731166655	0
full_sample	319	10	19	2052	1170	1	pass	134.95478294905953	0.12959712641909224	3.3884124996078295	134.98724655472546	-0.03246360566592443	0.8368678629690048	-0.027167748297910656	1.0004026765066407	1	0.75	1.000301992181121	0.00034413002581994926	2.090616841321379e-13	0.9999578174545489	0
full_sample	320	10	20	2011	1137	1	pass	135.08167673284456	0.15270357002777643	3.8591607824502625	134.98724655472546	0.09443017811909726	0.8340937370385733	0.07876362015657595	0.9988339500073296	1	0.75	0.9991253349742202	0.00034413002581994926	2.090616841321379e-13	0.998781565101058	0
full_sample	321	10	21	1954	1141	1	pass	135.13359871380482	0.1450329656653173	3.818154733894787	134.98724655472546	0.14635215907935617	0.8300764655904843	0.12148348294012828	0.998202359954218	1	0.75	0.9986514667844786	0.00034413002581994926	2.090616841321379e-13	0.9983078599555331	0
full_sample	322	10	22	1904	1083	1	pass	134.57355468952298	0.14816946605140408	3.564491162337827	134.98724655472546	-0.41369186520248036	0.8263888888888888	-0.34187036082704975	1.0050849347384379	1	0.75	1.003811282122461	0.00034413002581994926	2.090616841321379e-13	1.0034658999516217	0
full_sample	323	10	23	1795	1102	1	pass	134.93882242538587	0.16396781674815925	4.098255092611313	134.98724655472546	-0.048424129339593946	0.8177676537585421	-0.03959968663533992	1.0005870220497426	1	0.75	1.0004402342394354	0.00034413002581994926	2.090616841321379e-13	1.000096011947805	0
full_sample	324	10	24	1830	1146	1	pass	134.77855210564408	0.1623833672595533	3.996950234598852	134.98724655472546	-0.2086944490813778	0.820627802690583	-0.17126046718337282	1.0025424698282261	1	0.75	1.0019062469979143	0.00034413002581994926	2.090616841321379e-13	1.0015615202940722	0
full_sample	325	10	25	1704	1025	1	pass	134.6775124608682	0.14668410579913765	3.4612325080292337	134.98724655472546	-0.3097340938572586	0.8098859315589354	-0.2508492851391486	1.0037273173854793	1	0.75	1.002794187598765	0.00034413002581994926	2.090616841321379e-13	1.002449155380472	0
full_sample	326	10	26	1751	1031	1	pass	134.83012958503943	0.14868558785500238	3.7462779446889374	134.98724655472546	-0.1571169696860295	0.8140399814039981	-0.127899495081468	1.001897832886859	1	0.75	1.0014230372659674	0.00034413002581994926	2.090616841321379e-13	1.0010784768204937	0
full_sample	327	10	27	1710	1060	1	pass	135.21343487154454	0.14395219840441587	3.456734894435366	134.98724655472546	0.22618831681907636	0.8104265402843602	0.18330901505242683	0.9972893632282778	1	0.75	0.9979663328090573	0.00034413002581994926	2.090616841321379e-13	0.9976229617147203	0
full_sample	328	10	28	1621	974	1	pass	135.4808867076875	0.17199923753951443	4.156285344229388	134.98724655472546	0.4936401529620298	0.802078179119248	0.39593799502793187	0.9941589486231017	1	0.75	0.9956160051057478	0.00034413002581994926	2.090616841321379e-13	0.9952734426905907	0
full_sample	329	10	29	1614	864	0	mu_error	139.571607290789	0.5286483469812395	5.38242863443669	134.98724655472546	nan	0.8013902681231381	nan	1.0	0	0.75	1.0	0.00034413002581994926	2.090616841321379e-13	1.0	0
full_sample	333	11	3	1816	958	1	pass	135.14686839866462	0.21247701601447505	4.5549531698632855	134.98724655472546	0.15962184393916345	0.8194945848375451	0.13080923672992817	0.9980645633934133	1	0.75	0.9985480710820309	0.00034413002581994926	2.090616841321379e-13	0.9982044998285294	0
full_sample	334	11	4	2151	1155	1	pass	134.9073605853542	0.18168176402186073	4.337280937149711	134.98724655472546	-0.07988596937124726	0.8431987455899648	-0.06735974916407403	1.0009988428560077	1	0.75	1.00074903864775	0.00034413002581994926	2.090616841321379e-13	1.000404710105534	0
full_sample	335	11	5	2425	1293	1	pass	134.8558813043863	0.17043113076969926	4.356756741116885	134.98724655472546	-0.13136525033917223	0.8584070796460177	-0.11276486091061687	1.0016729763664491	1	0.75	1.0012544700653914	0.00034413002581994926	2.090616841321379e-13	1.0009099676189728	0
full_sample	336	11	6	2320	1238	1	pass	135.12886458622623	0.16238670048117737	4.025018195622803	134.98724655472546	0.14161803150076935	0.8529411764705882	0.12079185039771503	0.998212580595695	1	0.75	0.9986591357045906	0.00034413002581994926	2.090616841321379e-13	0.9983155262369935	0
full_sample	337	11	7	2527	1347	1	pass	134.68868747312357	0.16537026293814316	4.372086559508956	134.98724655472546	-0.29855908160189415	0.8633413050905364	-0.25775838715681126	1.0038302730252233	1	0.75	1.002871331553826	0.00034413002581994926	2.090616841321379e-13	1.0025262727925497	0
full_sample	338	11	8	2480	1329	1	pass	135.3845089416612	0.15936066356237225	4.161636273234341	134.98724655472546	0.39726238693575056	0.8611111111111112	0.3420870554168963	0.994950369930046	1	0.75	0.9962103818944297	0.00034413002581994926	2.090616841321379e-13	0.9958676149715636	0
full_sample	339	11	9	2422	1345	1	pass	134.99534014609645	0.17885897149631108	4.34095301543227	134.98724655472546	0.008093591370993636	0.8582565556343019	0.006946377852780505	0.9998970808027248	1	0.75	0.9999228096089672	0.00034413002581994926	2.090616841321379e-13	0.9995787653480537	0
full_sample	340	11	10	2212	1218	1	pass	134.7273823518269	0.15658099336739545	4.400593403537712	134.98724655472546	-0.2598642028985694	0.8468606431852986	-0.2200687660075174	1.0032688354235046	1	0.75	1.002450626184046	0.00034413002581994926	2.090616841321379e-13	1.002105712175211	0
full_sample	341	11	11	2282	1214	1	pass	134.86920214646548	0.14818019212066855	3.8396859466651585	134.98724655472546	-0.11804440825997631	0.8508575689783744	-0.10043897824357417	1.001489905624651	1	0.75	1.0011172212395625	0.00034413002581994926	2.090616841321379e-13	1.0007727660164598	0
full_sample	342	11	12	2570	1351	1	pass	135.02786954493652	0.14402877841676012	4.125522443050446	134.98724655472546	0.040622990211062415	0.8653198653198653	0.03515188041832673	0.9994793445188543	1	0.75	0.9996094829696761	0.00034413002581994926	2.090616841321379e-13	0.9992655465153162	0
full_sample	343	11	13	2324	1282	1	pass	134.82240929171806	0.14710166873693664	4.000010197717972	134.98724655472546	-0.16483726300739932	0.8531571218795888	-0.14063208488590162	1.0020870606818	1	0.75	1.001564887507706	0.00034413002581994926	2.090616841321379e-13	1.0012202782557036	0
full_sample	344	11	14	2314	1243	1	pass	134.91593269253784	0.13887245656754882	3.7409007054588144	134.98724655472546	-0.07131386218762259	0.8526160648489315	-0.06080334454758979	1.0009015555978873	1	0.75	1.0006760905267915	0.00034413002581994926	2.090616841321379e-13	1.000331787083895	0
full_sample	345	11	15	2236	1178	1	pass	134.7227766382336	0.13438102738980023	3.644689540916834	134.98724655472546	-0.264469916491862	0.8482549317147192	-0.22433791095440192	1.003332406422018	1	0.75	1.0024982651719347	0.00034413002581994926	2.090616841321379e-13	1.002153334771914	0
full_sample	346	11	16	2161	1218	1	pass	134.63014392282898	0.14579205203734905	3.6747312914865997	134.98724655472546	-0.35710263189648117	0.8438110113237017	-0.30132713296692537	1.0044798755768798	1	0.75	1.0033580286903767	0.00034413002581994926	2.090616841321379e-13	1.0030128024708176	0
full_sample	347	11	17	2133	1179	1	pass	134.97981669240255	0.13602836459848058	3.500412952338772	134.98724655472546	-0.0074298623229083205	0.8420844848006317	-0.0062565717863258775	1.000092712467637	1	0.75	1.0000695335449212	0.00034413002581994926	2.090616841321379e-13	0.9997254388005827	0
full_sample	348	11	18	2152	1249	1	pass	134.63989805132172	0.1474308222123868	3.9358510584860764	134.98724655472546	-0.3473485034037367	0.8432601880877743	-0.2929051643122419	1.0043542563096322	1	0.75	1.0032639179915164	0.00034413002581994926	2.090616841321379e-13	1.0029187241527022	0
full_sample	349	11	19	2117	1181	1	pass	135.16685091869164	0.14893739584484142	3.9818222830192918	134.98724655472546	0.17960436396617752	0.8410806515693285	0.15106175546936743	0.9977654121129802	1	0.75	0.9983235905186626	0.00034413002581994926	2.090616841321379e-13	0.9979800965023727	0
full_sample	350	11	20	2033	1194	1	pass	135.22788128661912	0.14108221986803857	3.6897155349417305	134.98724655472546	0.2406347318936639	0.835593916974928	0.20107291818323828	0.9970272698332304	1	0.75	0.9977696228665811	0.00034413002581994926	2.090616841321379e-13	0.9974263194543955	0
full_sample	351	11	21	2033	1210	1	pass	135.0462031320626	0.12485466683636412	3.436409970540273	134.98724655472546	0.05895657733714188	0.835593916974928	0.049263757388577654	0.9992704394675912	1	0.75	0.9994527796862777	0.00034413002581994926	2.090616841321379e-13	0.9991088971489448	0
full_sample	352	11	22	1990	1162	1	pass	134.96303653291648	0.13721368237317774	3.6567249562070128	134.98724655472546	-0.02421002180898313	0.8326359832635983	-0.020158135313755828	1.0002987577402385	1	0.75	1.0002240599384526	0.00034413002581994926	2.090616841321379e-13	0.9998799120260912	0
full_sample	353	11	23	1968	1185	1	pass	134.59380276203154	0.15185727168100877	3.8756567670817565	134.98724655472546	-0.3934437926939154	0.831081081081081	-0.3269836925766999	1.0048627055292008	1	0.75	1.0036448168225802	0.00034413002581994926	2.090616841321379e-13	1.003299491927593	0
full_sample	354	11	24	1944	1172	1	pass	135.14619174280728	0.1479151164682534	3.7250695827138616	134.98724655472546	0.158945188081816	0.8293515358361775	0.1318214358494242	0.9980496089401337	1	0.75	0.9985368497875935	0.00034413002581994926	2.090616841321379e-13	0.9981932823950119	0
full_sample	355	11	25	1777	1105	1	pass	134.43789424965337	0.15439931388734005	3.832374590879849	134.98724655472546	-0.549352305072091	0.816260909508498	-0.4484148121787348	1.0066775917446031	1	0.75	1.0050040250618182	0.00034413002581994926	2.090616841321379e-13	1.0046582325029378	0
full_sample	356	11	26	1769	1068	1	pass	134.70326381623252	0.15490862622608828	3.676558512873929	134.98724655472546	-0.28398273849293787	0.8155832180728446	-0.23161155573720935	1.003440730754975	1	0.75	1.0025794397829253	0.00034413002581994926	2.090616841321379e-13	1.00223448145309	0
full_sample	357	11	27	1721	1105	1	pass	135.24697776318152	0.14154766135675095	3.768080930119809	134.98724655472546	0.2597312084560599	0.8114097123998114	0.21074842515458703	0.9968845582674185	1	0.75	0.9976625075819405	0.00034413002581994926	2.090616841321379e-13	0.9973192410249987	0
full_sample	358	11	28	1581	977	1	pass	135.07255892645293	0.18438199017497006	4.205729874948005	134.98724655472546	0.08531237172746842	0.7980817768803634	0.06808624921813607	0.9989919027931785	1	0.75	0.999243831780469	0.00034413002581994926	2.090616841321379e-13	0.9989000211360135	0
full_sample	359	11	29	1718	919	1	pass	138.384225734371	0.40025874939591033	5.094121204162733	134.98724655472546	3.396979179645541	0.8111425873465533	2.7554344809400564	0.9603887039611323	1	0.75	0.99	0.00034413002581994926	2.090616841321379e-13	0.99	1
full_sample	363	12	3	1651	903	1	pass	134.893270942462	0.18190633272605658	3.6962372877048377	134.98724655472546	-0.09397561226344919	0.8049731838127743	-0.07564784780446349	1.0011218461687974	1	0.75	1.0008412666937	0.00034413002581994926	2.090616841321379e-13	1.0004969064185045	0
full_sample	364	12	4	2095	1004	1	pass	134.73226669601402	0.2278562491432355	4.425833279224359	134.98724655472546	-0.2549798587114367	0.8396793587174348	-0.2141013242486813	1.003179985545413	1	0.75	1.0023840423840686	0.00034413002581994926	2.090616841321379e-13	1.0020391512847764	0
full_sample	365	12	5	2436	1285	1	pass	134.79922349262014	0.16432608949523883	4.177736221566891	134.98724655472546	-0.18802306210531583	0.8589562764456982	-0.16150358931190034	1.002397362481378	1	0.75	1.0017974835847616	0.00034413002581994926	2.090616841321379e-13	1.0014527943032363	0
full_sample	366	12	6	2599	1404	1	pass	135.03477280266117	0.15514557319575145	4.0495351523260545	134.98724655472546	0.04752624793570703	0.8666222074024675	0.041187301895599396	0.9993899911914406	1	0.75	0.9995424584993281	0.00034413002581994926	2.090616841321379e-13	0.9991985451061328	0
full_sample	367	12	7	2514	1381	1	pass	134.85505614018845	0.14916471669837236	4.13064262062432	134.98724655472546	-0.13219041453700697	0.8627316403568978	-0.11404485317297033	1.0016919903876822	1	0.75	1.0012687245893455	0.00034413002581994926	2.090616841321379e-13	1.0009242172383612	0
full_sample	368	12	8	2438	1314	1	pass	134.83446654385884	0.14135531917521904	3.787396087100503	134.98724655472546	-0.1527800108666213	0.8590556730091614	-0.13124653505737235	1.0019475703621241	1	0.75	1.0014603224632475	0.00034413002581994926	2.090616841321379e-13	1.0011157491890257	0
full_sample	369	12	9	2353	1258	1	pass	134.99229471124278	0.15483811557387672	4.136526331842126	134.98724655472546	0.005048156517318603	0.8547039593171086	0.0043146793626046755	0.9999360708080358	1	0.75	0.9999520527228659	0.00034413002581994926	2.090616841321379e-13	0.9996079984002502	0
full_sample	370	12	10	2463	1333	1	pass	134.61458071983753	0.1337131147568845	3.5956979311335457	134.98724655472546	-0.3726658348879255	0.86028641285365	-0.32059935428884406	1.0047674222691836	1	0.75	1.003573440143668	0.00034413002581994926	2.090616841321379e-13	1.0032281398073133	0
full_sample	371	12	11	2446	1312	1	pass	134.74332704356115	0.15081502792215767	4.027677805630329	134.98724655472546	-0.24391951116430732	0.859451862262825	-0.20963707811240187	1.003113524624997	1	0.75	1.002334235829859	0.00034413002581994926	2.090616841321379e-13	1.0019893618675486	0
full_sample	372	12	12	2317	1308	1	pass	134.61948789982293	0.1498056500903807	3.908956729927061	134.98724655472546	-0.3677586549025307	0.8527788001472212	-0.31361678447153607	1.0046632261996358	1	0.75	1.0034953849431336	0.00034413002581994926	2.090616841321379e-13	1.0031501114632957	0
full_sample	373	12	13	2393	1301	1	pass	135.02803348266275	0.14177000337926834	4.1052854510230565	134.98724655472546	0.04078692793729033	0.8567848191908343	0.034945620678100885	0.999482398368901	1	0.75	0.999611773654559	0.00034413002581994926	2.090616841321379e-13	0.9992678364120413	0
full_sample	374	12	14	2261	1251	1	pass	134.94715041395418	0.13098478459460067	3.882657970419025	134.98724655472546	-0.04009614077128276	0.8496805712138293	-0.03406891179401365	1.0005050033107377	1	0.75	1.0003787285791754	0.00034413002581994926	2.090616841321379e-13	1.0000345274498479	0
full_sample	375	12	15	2194	1212	1	pass	134.60400629590086	0.13600282301965358	3.7175036690317547	134.98724655472546	-0.3832402588245998	0.8457979953739398	-0.32414384266043633	1.0048203204252164	1	0.75	1.0036130663550904	0.00034413002581994926	2.090616841321379e-13	1.0032677523845124	0
full_sample	376	12	16	2333	1287	1	pass	134.86995478193376	0.13731863717561776	3.7425779007466082	134.98724655472546	-0.11729177279170244	0.8536406878887669	-0.10012502960960183	1.001485243343524	1	0.75	1.0011137258279141	0.00034413002581994926	2.090616841321379e-13	1.0007692718074805	0
full_sample	377	12	17	2134	1226	1	pass	134.9176057330437	0.14322861024736444	3.8610152105482127	134.98724655472546	-0.06964082168175878	0.8421468034727704	-0.058647795370510354	1.0008695735635562	1	0.75	1.00065210930851	0.00034413002581994926	2.090616841321379e-13	1.0003078141168507	0
full_sample	378	12	18	2244	1272	1	pass	135.00676187751722	0.1407780580433614	3.751997451452866	134.98724655472546	0.01951532279176149	0.848714069591528	0.016562929025988195	0.9997546258999219	1	0.75	0.9998159637798222	0.00034413002581994926	2.090616841321379e-13	0.9994719562814407	0
full_sample	379	12	19	2032	1160	1	pass	134.69450835632324	0.1562740025548116	3.968174317048588	134.98724655472546	-0.29273819840221904	0.8355263157894737	-0.24459046840185406	1.0036340656119664	1	0.75	1.0027243129767982	0.00034413002581994926	2.090616841321379e-13	1.002379304800324	0
full_sample	380	12	20	2009	1192	1	pass	134.36348358183275	0.13926898978153307	3.9645257940914274	134.98724655472546	-0.6237629728927061	0.83395599833956	-0.5201908727859886	1.0077526559699126	1	0.75	1.0058088753806484	0.00034413002581994926	2.090616841321379e-13	1.005462805896259	0
full_sample	381	12	21	2110	1253	1	pass	134.91908731209014	0.1414428999189707	4.000055866766013	134.98724655472546	-0.0681592426353177	0.8406374501992032	-0.05729721193646229	1.000849535643525	1	0.75	1.0006370840961938	0.00034413002581994926	2.090616841321379e-13	1.0002927940742716	0
full_sample	382	12	22	2045	1216	1	pass	134.75916735193837	0.1423775550491339	3.933784850863144	134.98724655472546	-0.22807920278708593	0.83640081799591	-0.1907656317789737	1.0028326512243104	1	0.75	1.0021237370628304	0.00034413002581994926	2.090616841321379e-13	1.0017789355270033	0
full_sample	383	12	23	1976	1182	1	pass	135.59704875737623	0.1597908134917265	3.828849670503392	134.98724655472546	0.6098022026507692	0.8316498316498316	0.5071418991742087	0.9925276239513505	1	0.75	0.9943904669337462	0.00034413002581994926	2.090616841321379e-13	0.9940483261905129	0
full_sample	384	12	24	1664	1005	1	pass	134.82252829146833	0.1465682799196682	3.7108051323048925	134.98724655472546	-0.16471826325712868	0.8062015503875969	-0.13279611921504947	1.001970598650531	1	0.75	1.0014775852309519	0.00034413002581994926	2.090616841321379e-13	1.0011330060171155	0
full_sample	385	12	25	1992	1214	1	pass	134.59021012525815	0.13934949047187828	3.787914110638252	134.98724655472546	-0.3970364294673061	0.8327759197324415	-0.33064237771692045	1.0049173158014046	1	0.75	1.0036857246083029	0.00034413002581994926	2.090616841321379e-13	1.0033403856381404	0
full_sample	386	12	26	1833	1179	1	pass	134.89436179048266	0.1411589518363321	3.7095623901994035	134.98724655472546	-0.09288476424279679	0.8208687863860278	-0.07624620369773691	1.0011307272201535	1	0.75	1.000847925608047	0.00034413002581994926	2.090616841321379e-13	1.000503563041713	0
full_sample	387	12	27	1726	1058	1	pass	134.83122199038158	0.142871966465954	3.565751905457276	134.98724655472546	-0.15602456434388046	0.8118532455315146	-0.12666904894522	1.001879549218719	1	0.75	1.0014093309820176	0.00034413002581994926	2.090616841321379e-13	1.0010647752524766	0
full_sample	388	12	28	1624	1008	1	pass	134.79682846372253	0.18195220041580762	4.219451166717457	134.98724655472546	-0.1904180910029254	0.8023715415019763	-0.15278605720788085	1.0022677392579267	1	0.75	1.0017003227757924	0.00034413002581994926	2.090616841321379e-13	1.0013556669244663	0
full_sample	389	12	29	1764	940	1	pass	140.14267294115467	0.43777471263717627	5.21132276749585	134.98724655472546	5.1554263864292125	0.8151571164510166	4.2024825072371215	0.9405221545613234	1	0.75	0.99	0.00034413002581994926	2.090616841321379e-13	0.99	1
full_sample	393	13	3	1777	937	1	pass	134.66193071707005	0.188907049794598	3.948541714909257	134.98724655472546	-0.3253158376554097	0.816260909508498	-0.2655426015221236	1.0039462880866081	1	0.75	1.0029582584737464	0.00034413002581994926	2.090616841321379e-13	1.0026131698034535	0
full_sample	394	13	4	2308	1264	1	pass	135.12975184413511	0.17957762848882705	4.478447921515406	134.98724655472546	0.14250528940965523	0.8522895125553914	0.12145576364752005	0.9982027695747117	1	0.75	0.9986517741380541	0.00034413002581994926	2.090616841321379e-13	0.9983081672033571	0
full_sample	395	13	5	2534	1328	1	pass	135.09597383162384	0.16779959611373343	4.289645490711104	134.98724655472546	0.10872727689837802	0.863667348329925	0.09390419892995566	0.9986100361839887	1	0.75	0.998957345908066	0.00034413002581994926	2.090616841321379e-13	0.9986136338350394	0
full_sample	396	13	6	2326	1129	1	pass	135.14589091828793	0.20499993828826493	4.288982559181538	134.98724655472546	0.15864436356247325	0.8532648569332355	0.13536566017839793	0.9979972484361131	1	0.75	0.9984975599803931	0.00034413002581994926	2.090616841321379e-13	0.9981540061062877	0
full_sample	397	13	7	2499	1297	1	pass	134.9940503446478	0.1512002780603832	4.209805177900412	134.98724655472546	0.0068037899223440945	0.8620213866850638	0.005865012423572919	0.9999131015275929	1	0.75	0.9999348254377305	0.00034413002581994926	2.090616841321379e-13	0.9995907770425209	0
full_sample	398	13	8	2512	1331	1	pass	135.12695384118848	0.15306536366168308	3.99460298887295	134.98724655472546	0.13970728646302177	0.8626373626373627	0.12051672513568362	0.998216646319437	1	0.75	0.9986621863599595	0.00034413002581994926	2.090616841321379e-13	0.9983185758427208	0
full_sample	399	13	9	2481	1358	1	pass	134.8598072905535	0.14929699562049906	4.144393563343093	134.98724655472546	-0.1274392641719544	0.8611593196806664	-0.10974551003492497	1.001628126676209	1	0.75	1.0012208466634203	0.00034413002581994926	2.090616841321379e-13	1.0008763557858331	0
full_sample	400	13	10	2479	1364	1	pass	134.5663270253896	0.14097524344211237	3.936680076971177	134.98724655472546	-0.42091952933586185	0.8610628690517541	-0.3624381775698512	1.0053920938329357	1	0.75	1.0040413507292867	0.00034413002581994926	2.090616841321379e-13	1.003695889398553	0
full_sample	401	13	11	2452	1328	1	pass	134.88674002027287	0.14461934324750367	3.751608653293008	134.98724655472546	-0.10050653445259172	0.8597475455820477	-0.08641024631057324	1.0012816042966388	1	0.75	1.000961049319376	0.00034413002581994926	2.090616841321379e-13	1.000616647830474	0
full_sample	402	13	12	2485	1350	1	pass	134.48123523342406	0.13735946117610173	3.877715550839411	134.98724655472546	-0.5060113213014006	0.8613518197573656	-0.43585377242079043	1.006489628955213	1	0.75	1.004863284046	0.00034413002581994926	2.090616841321379e-13	1.004517539911996	0
full_sample	403	13	13	2340	1280	1	pass	134.52996801555818	0.1376983343120399	3.7415168312642897	134.98724655472546	-0.4572785391672767	0.8540145985401459	-0.3905225480479662	1.0058117323362195	1	0.75	1.0043556403732787	0.00034413002581994926	2.090616841321379e-13	1.0040100709046498	0
full_sample	404	13	14	2414	1353	1	pass	134.7567831963773	0.1305579705832284	3.5973768683710166	134.98724655472546	-0.23046335834814613	0.8578535891968728	-0.19770381913732224	1.0029359021057067	1	0.75	1.002201119486059	0.00034413002581994926	2.090616841321379e-13	1.001856291325198	0
full_sample	405	13	15	2242	1249	1	pass	135.0575608872763	0.13260012387268966	3.7092803475995186	134.98724655472546	0.07031433255085062	0.8485995457986374	0.05966871066578618	0.9991164517758531	1	0.75	0.9993372656182958	0.00034413002581994926	2.090616841321379e-13	0.9989934228259831	0
full_sample	406	13	16	2219	1252	1	pass	134.70900239197732	0.13889723739748766	3.8812306080545484	134.98724655472546	-0.27824416274813757	0.8472699503627339	-0.23574791796033498	1.0035023402516723	1	0.75	1.0026256068898185	0.00034413002581994926	2.090616841321379e-13	1.0022806326752287	0
full_sample	407	13	17	2307	1305	1	pass	134.79961275372204	0.12848947456460574	3.7187474786648274	134.98724655472546	-0.18763380100341465	0.8522349464351681	-0.15990808234757206	1.00237363659868	1	0.75	1.0017796997690847	0.00034413002581994926	2.090616841321379e-13	1.0014350166064514	0
full_sample	408	13	18	2287	1265	1	pass	134.90575194494826	0.13230154821749854	3.6056781071274666	134.98724655472546	-0.08149460977719514	0.851135094901377	-0.06936292242666367	1.0010285697861305	1	0.75	1.0007713281987236	0.00034413002581994926	2.090616841321379e-13	1.0004269919873234	0
full_sample	409	13	19	2170	1266	1	pass	134.96015554272998	0.1384663037090525	3.9309853668244497	134.98724655472546	-0.027091011995480585	0.8443579766536965	-0.022874512074005007	1.000339026589951	1	0.75	1.0002542591684511	0.00034413002581994926	2.090616841321379e-13	0.9999101008654159	0
full_sample	410	13	20	2227	1259	1	pass	134.77941509522063	0.14340499164752646	4.110419202183902	134.98724655472546	-0.20783145950483117	0.8477350590026647	-0.17618601458593797	1.002615736082085	1	0.75	1.0019611613150863	0.00034413002581994926	2.090616841321379e-13	1.0016164157168301	0
full_sample	411	13	21	2134	1238	1	pass	134.97476991314073	0.13565214765707906	3.7187599030868954	134.98724655472546	-0.012476641584726167	0.8421468034727704	-0.010507163828652582	1.0001557068534963	1	0.75	1.000116777867336	0.00034413002581994926	2.090616841321379e-13	0.9997726668676048	0
full_sample	412	13	22	2121	1236	1	pass	134.97969524845442	0.1423916912182509	3.7968035276257788	134.98724655472546	-0.007551306271039948	0.8413328044426814	-0.006353161682219647	1.0000941438777118	1	0.75	1.0000706070774037	0.00034413002581994926	2.090616841321379e-13	0.9997265119636939	0
full_sample	413	13	23	2061	1073	1	pass	134.96049757919738	0.21453569690290264	3.708643469892106	134.98724655472546	-0.0267489755280792	0.8374644453474197	-0.02240131595423455	1.000332011532686	1	0.75	1.0002489983167258	0.00034413002581994926	2.090616841321379e-13	0.9999048418237961	0
full_sample	414	13	24	1883	1111	1	pass	134.51625934460498	0.1713116446265645	4.050165270799509	134.98724655472546	-0.4709872101204837	0.8247919404292597	-0.38846645495263726	1.0057810011460782	1	0.75	1.0043326252594338	0.00034413002581994926	2.090616841321379e-13	1.0039870637096338	0
full_sample	415	13	25	1717	1046	1	pass	135.28557757557758	0.16897981430173295	3.748412162403664	134.98724655472546	0.2983310208521175	0.8110533774208786	0.24196238205152845	0.996424368193185	1	0.75	0.9973170757484088	0.00034413002581994926	2.090616841321379e-13	0.9969739280444812	0
full_sample	416	13	26	1876	1162	1	pass	135.00950449352766	0.15044564093458046	3.7717719704262973	134.98724655472546	0.022257938802198396	0.8242530755711776	0.01834617451358708	0.9997282131163225	1	0.75	0.9997961529113222	0.00034413002581994926	2.090616841321379e-13	0.9994521522292824	0
full_sample	417	13	27	1728	1019	1	pass	134.97193411906335	0.15069347569507355	3.6065701929705685	134.98724655472546	-0.015312435662110602	0.8120300751879699	-0.012434158282014622	1.0001842671494292	1	0.75	1.000138197179093	0.00034413002581994926	2.090616841321379e-13	0.9997940788096016	0
full_sample	418	13	28	1748	1079	1	pass	134.89926670964138	0.16844520873996138	3.904717055791284	134.98724655472546	-0.08797984508407808	0.813780260707635	-0.0715962612695384	1.0010617139161646	1	0.75	1.0007961798054295	0.00034413002581994926	2.090616841321379e-13	1.0004518350433165	0
full_sample	419	13	29	1721	958	1	pass	139.91576976737747	0.42593994389603906	5.015349446317765	134.98724655472546	4.92852321265201	0.8114097123998114	3.999051602533762	0.9432776200663674	1	0.75	0.99	0.00034413002581994926	2.090616841321379e-13	0.99	1
full_sample	423	14	3	1761	942	1	pass	135.1228736801445	0.19947958253462134	4.180353083946723	134.98724655472546	0.13562712541903466	0.8149005090236002	0.11052261354137902	0.9983643533310606	1	0.75	0.9987730140140766	0.00034413002581994926	2.090616841321379e-13	0.9984293653642761	0
full_sample	424	14	4	2277	1224	1	pass	134.8516947325157	0.17248356698998546	4.063558699241876	134.98724655472546	-0.1355518222097487	0.8505790063503922	-0.11529753424415308	1.0017105992309943	1	0.75	1.0012826752920467	0.00034413002581994926	2.090616841321379e-13	1.0009381631410328	0
full_sample	425	14	5	2527	1328	1	pass	134.53867688947682	0.17083825491304397	3.9332658475094293	134.98724655472546	-0.44856966524864106	0.8633413050905364	-0.3872687202197868	1.005763099972679	1	0.75	1.0043192186835088	0.00034413002581994926	2.090616841321379e-13	1.0039736617465205	0
full_sample	426	14	6	2558	1356	1	pass	134.77214554167116	0.16172585912311435	4.260453189838112	134.98724655472546	-0.2151010130542943	0.8647734956051386	-0.18601365496716862	1.0027619437122746	1	0.75	1.0020707434497131	0.00034413002581994926	2.090616841321379e-13	1.001725960147442	0
full_sample	427	14	7	2512	1377	1	pass	134.99863312043044	0.15344658312045253	4.183312452487893	134.98724655472546	0.011386565704981422	0.8626373626373627	0.009822477009242216	0.9998544724801826	1	0.75	0.9998908523745548	0.00034413002581994926	2.090616841321379e-13	0.999546819109193	0
full_sample	428	14	8	2449	1315	1	pass	134.6388112100538	0.15352945678203253	4.055339237650673	134.98724655472546	-0.3484353446716568	0.8595998595998596	-0.29951497335938493	1.0044528440204679	1	0.75	1.0033377775974601	0.00034413002581994926	2.090616841321379e-13	1.0029925583457109	0
full_sample	429	14	9	2499	1366	1	pass	134.7301318130739	0.1321107452557865	3.7908746788776853	134.98724655472546	-0.2571147416515487	0.8620213866850638	-0.22163840613563993	1.0032922079238753	1	0.75	1.0024681412123542	0.00034413002581994926	2.090616841321379e-13	1.0021232211771092	0
full_sample	430	14	10	2316	1252	1	pass	135.00936966613563	0.15030764769373264	4.008175970953836	134.98724655472546	0.022123111410166985	0.8527245949926362	0.01886492121721161	0.9997205298253478	1	0.75	0.9997903900459476	0.00034413002581994926	2.090616841321379e-13	0.9994463913467417	0
full_sample	431	14	11	2258	1206	1	pass	135.09483158780955	0.14931231516703147	3.8942814239290757	134.98724655472546	0.10758503308409217	0.8495109104589917	0.09139465940702789	0.998647144525474	1	0.75	0.9989851867143809	0.00034413002581994926	2.090616841321379e-13	0.9986414650621455	0
full_sample	432	14	12	2418	1304	1	pass	134.66784339832424	0.13888839423043967	3.735440949517	134.98724655472546	-0.3194031564012221	0.85805535841022	-0.27406558984320617	1.0040733368199668	1	0.75	1.0030534497421555	0.00034413002581994926	2.090616841321379e-13	1.0027083283193248	0
full_sample	433	14	13	2480	1368	1	pass	134.78013933488575	0.12884168831348128	3.714556043572199	134.98724655472546	-0.20710721983971325	0.8611111111111112	-0.17834232819530865	1.0026478132214482	1	0.75	1.0019852033668806	0.00034413002581994926	2.090616841321379e-13	1.0016404494964557	0
full_sample	434	14	14	2371	1337	1	pass	134.8132898687465	0.12925295341819207	3.7298111735334367	134.98724655472546	-0.17395668597896474	0.8556477805846265	-0.148845652275758	1.0022091566159252	1	0.75	1.0016564103476095	0.00034413002581994926	2.090616841321379e-13	1.0013117696052685	0
full_sample	435	14	15	2373	1397	1	pass	134.81811897599763	0.13235459472274036	3.8160411402956833	134.98724655472546	-0.16912757872782436	0.855751893256401	-0.1447312456982067	1.0021479925444083	1	0.75	1.0016105622444733	0.00034413002581994926	2.090616841321379e-13	1.0012659372771264	0
full_sample	436	14	16	2338	1299	1	pass	135.00490651262567	0.13908107470901956	3.8303486351344924	134.98724655472546	0.017659957900207246	0.8539079620160701	0.015079978659855567	0.9997765916185829	1	0.75	0.9998324390343167	0.00034413002581994926	2.090616841321379e-13	0.9994884258672809	0
full_sample	437	14	17	2298	1280	1	pass	135.10156354148126	0.13137836897916585	3.7870077807350686	134.98724655472546	0.11431698675579582	0.8517420311341735	0.09736858249251994	0.9985588120456074	1	0.75	0.9989189141963017	0.00034413002581994926	2.090616841321379e-13	0.998575215346506	0
full_sample	438	14	18	2308	1283	1	pass	134.9489007531768	0.1433899814810538	3.8373305099313257	134.98724655472546	-0.0383458015486724	0.8522895125553914	-0.03268172451046377	1.0004844335703313	1	0.75	1.000363303181324	0.00034413002581994926	2.090616841321379e-13	1.0000191073594258	0
full_sample	439	14	19	2230	1272	1	pass	134.94642490135445	0.13677895404707074	3.7689500335984225	134.98724655472546	-0.040821653371011735	0.8479087452471483	-0.034613036888728584	1.0005130719777182	1	0.75	1.0003847793095455	0.00034413002581994926	2.090616841321379e-13	1.0000405760983384	0
full_sample	440	14	20	2096	1191	1	pass	135.00984421594316	0.14690203955044345	3.8027675242662946	134.98724655472546	0.022597661217702125	0.8397435897435898	0.01897624115076268	0.9997188810486964	1	0.75	0.9997891533767921	0.00034413002581994926	2.090616841321379e-13	0.9994451551030878	0
full_sample	441	14	21	2123	1249	1	pass	134.89647314592503	0.14357670413187068	3.8510437821780807	134.98724655472546	-0.09077340880043039	0.8414585810543004	-0.0763820637666721	1.001132743729247	1	0.75	1.0008494375622654	0.00034413002581994926	2.090616841321379e-13	1.0005050744757122	0
full_sample	442	14	22	2102	1225	1	pass	135.0889920404999	0.14300528606668128	3.950013516661888	134.98724655472546	0.10174548577444398	0.8401278976818545	0.08547922106230264	0.9987346237796412	1	0.75	0.9990508176451885	0.00034413002581994926	2.090616841321379e-13	0.9987070734112649	0
full_sample	443	14	23	2019	1223	1	pass	135.0820382672356	0.13770475486506784	3.736930667310942	134.98724655472546	0.09479171251012986	0.8346424142207524	0.07911718377757428	0.9988287203007573	1	0.75	0.9991214115474956	0.00034413002581994926	2.090616841321379e-13	0.9987776430242701	0
full_sample	444	14	24	1944	1161	1	pass	134.72962592646877	0.16376623381362457	4.25254411565808	134.98724655472546	-0.25762062825668863	0.8293515358361775	-0.21365806370776566	1.0031733862627714	1	0.75	1.0023790968450232	0.00034413002581994926	2.090616841321379e-13	1.0020342074473465	0
full_sample	445	14	25	1347	815	1	pass	134.88721498975625	0.21448601760732583	4.4310652076447585	134.98724655472546	-0.10003156496921406	0.7710360618202633	-0.07712794391158062	1.0011438145968938	1	0.75	1.0008577383518542	0.00034413002581994926	2.090616841321379e-13	1.0005133724092417	0
full_sample	446	14	26	1894	1141	1	pass	135.12732734470902	0.16444906433556888	4.032820266183156	134.98724655472546	0.140080789983557	0.8256320836965998	0.11565519451998994	0.9982884927491156	1	0.75	0.99871609474796	0.00034413002581994926	2.090616841321379e-13	0.998372465682418	0
full_sample	447	14	27	1797	1114	1	pass	135.01139258731928	0.15116508472327925	3.9711128304270877	134.98724655472546	0.0241460325938192	0.8179335457441966	0.01974985005511748	0.9997074231209361	1	0.75	0.9997805593146083	0.00034413002581994926	2.090616841321379e-13	0.9994365639978703	0
full_sample	448	14	28	1689	1082	1	pass	135.20263907312952	0.1614423115857858	4.18135698413901	134.98724655472546	0.21539251840405882	0.8085208233604595	0.17414933632573257	0.9974245479721477	1	0.75	0.9980677884714859	0.00034413002581994926	2.090616841321379e-13	0.997724382469216	0
full_sample	449	14	29	1739	942	0	mu_error	139.7436577214603	0.8291087894320566	6.355339018758173	134.98724655472546	nan	0.8129967274427302	nan	1.0	0	0.75	1.0	0.00034413002581994926	2.090616841321379e-13	1.0	0
full_sample	453	15	3	1833	991	1	pass	135.24796675541418	0.18903891583918908	4.075135501030105	134.98724655472546	0.2607202006887235	0.8208687863860278	0.21401707472567405	0.9968363533407367	1	0.75	0.997626325454585	0.00034413002581994926	2.090616841321379e-13	0.9972830713468572	0
full_sample	454	15	4	2275	1228	1	pass	135.443897507619	0.17067608868844084	4.128183366019358	134.98724655472546	0.45665095289353985	0.8504672897196262	0.3883666982552535	0.994270163261966	1	0.75	0.9956995371654309	0.00034413002581994926	2.090616841321379e-13	0.9953569460093296	0
full_sample	455	15	5	2433	1311	1	pass	134.55674701917323	0.16018008246264434	4.086365877209935	134.98724655472546	-0.4304995355522294	0.8588069184609954	-0.36971597952649987	1.0055008140132826	1	0.75	1.0041227802148116	0.00034413002581994926	2.090616841321379e-13	1.0037772908665683	0
full_sample	456	15	6	2598	1402	1	pass	134.9781339707884	0.15142966381960732	4.245164721047864	134.98724655472546	-0.009112583937053387	0.866577718478986	-0.00789676219761998	1.0001170196204072	1	0.75	1.000087763431594	0.00034413002581994926	2.090616841321379e-13	0.9997436624148833	0
full_sample	457	15	7	2493	1361	1	pass	135.16646513189545	0.15666680255917437	4.216944703813324	134.98724655472546	0.17921857716999057	0.861735222951953	0.15443896055471362	0.9977155402797979	1	0.75	0.9982861654851495	0.00034413002581994926	2.090616841321379e-13	0.9979426843457213	0
full_sample	458	15	8	2471	1327	1	pass	135.13233141762257	0.15365383499139945	4.073030193247025	134.98724655472546	0.14508486289710731	0.8606757227446883	0.12487101923328185	0.998152302700163	1	0.75	0.9986139067173362	0.00034413002581994926	2.090616841321379e-13	0.9982703128117136	0
full_sample	459	15	9	2568	1406	1	pass	134.98429872110006	0.12970570937671508	3.7705135640139	134.98724655472546	-0.0029478336253987436	0.8652291105121294	-0.0025505514656415005	1.0000377935695706	1	0.75	1.0000283450432719	0.00034413002581994926	2.090616841321379e-13	0.999684264470695	0
full_sample	460	15	10	2461	1327	1	pass	134.6114802743883	0.15435082652420518	4.1591956725000765	134.98724655472546	-0.3757662803371602	0.8601887451939881	-0.3232299251694342	1.0048066806663418	1	0.75	1.003602848809343	0.00034413002581994926	2.090616841321379e-13	1.0032575383543245	0
full_sample	461	15	11	2477	1360	1	pass	134.64638776194053	0.13668760146142697	3.7394075278098238	134.98724655472546	-0.34085879278492826	0.8609662843239485	-0.2934679283031864	1.0043626495743532	1	0.75	1.0032702060996213	0.00034413002581994926	2.090616841321379e-13	1.0029250100972524	0
full_sample	462	15	12	2570	1372	1	pass	135.2148419511118	0.13899711874967427	4.175413786592104	134.98724655472546	0.22759539638633441	0.8653198653198653	0.19694281774844424	0.9970881972245365	1	0.75	0.9978153520841259	0.00034413002581994926	2.090616841321379e-13	0.9974720329378508	0
full_sample	463	15	13	2434	1329	1	pass	135.14449990312752	0.13268909047294636	3.7627462631685566	134.98724655472546	0.15725334840206528	0.8588567395906845	0.13505809809831576	0.9980017920330658	1	0.75	0.9985009693844992	0.00034413002581994926	2.090616841321379e-13	0.9981574143373174	0
full_sample	464	15	14	2446	1308	1	pass	134.71275572511806	0.13784657364799155	3.9331753830455254	134.98724655472546	-0.27449082960740157	0.859451862262825	-0.23591165468014905	1.0035047791627887	1	0.75	1.0026274344744917	0.00034413002581994926	2.090616841321379e-13	1.0022824596310835	0
full_sample	465	15	15	2289	1313	1	pass	134.7585919909786	0.1230872104250015	3.6455671760257786	134.98724655472546	-0.22865456374685778	0.8512458162885831	-0.1946412407648038	1.002890324271191	1	0.75	1.0021669609599546	0.00034413002581994926	2.090616841321379e-13	1.0018221445520457	0
full_sample	466	15	16	2282	1277	1	pass	134.6126856971987	0.13026618287299266	3.8022532184369258	134.98724655472546	-0.3745608575267454	0.8508575689783744	-0.31869794066966184	1.0047390471802615	1	0.75	1.0035521840408892	0.00034413002581994926	2.090616841321379e-13	1.0032068910181393	0
full_sample	467	15	17	2249	1302	1	pass	134.64448208701037	0.14504834504226186	4.0516816507522755	134.98724655472546	-0.3427644677150852	0.8489996224990563	-0.29100690369619725	1.004325945743518	1	0.75	1.0032427080428998	0.00034413002581994926	2.090616841321379e-13	1.00289752150181	0
full_sample	468	15	18	2297	1303	1	pass	134.95080645565017	0.13830659175903434	3.881013843513004	134.98724655472546	-0.036440099075292665	0.8516870596959585	-0.031035560836465425	1.0004600244525903	1	0.75	1.0003449985036355	0.00034413002581994926	2.090616841321379e-13	1.000000808979843	0
full_sample	469	15	19	2427	1364	1	pass	134.70405618018444	0.1359003568618562	3.8268701774694622	134.98724655472546	-0.2831903745410216	0.8585072515033605	-0.24312099009941968	1.00361217334805	1	0.75	1.0027079086174537	0.00034413002581994926	2.090616841321379e-13	1.0023629060852408	0
full_sample	470	15	20	2423	1428	1	pass	135.12684331394786	0.14017886414147068	3.9325831478636206	134.98724655472546	0.13959675922239967	0.8583067658519306	0.11981684293158852	0.9982269890937693	1	0.75	0.9986699468929222	0.00034413002581994926	2.090616841321379e-13	0.9983263337055106	0
full_sample	471	15	21	2150	1300	1	pass	135.1969892301875	0.14247291975231374	3.9188997179597367	134.98724655472546	0.20974267546205283	0.8431372549019608	0.17684186362486806	0.9973848069779707	1	0.75	0.9980379633555415	0.00034413002581994926	2.090616841321379e-13	0.9976945676152238	0
full_sample	472	15	22	2105	1225	1	pass	135.21134623602097	0.13347864443465393	3.6171108526239784	134.98724655472546	0.22409968129551316	0.8403193612774451	0.18831530104872463	0.997215488683226	1	0.75	0.9979108887768159	0.00034413002581994926	2.090616841321379e-13	0.9975675367591526	0
full_sample	473	15	23	2092	1247	1	pass	135.2321363633877	0.13646911006896767	3.6155203718515874	134.98724655472546	0.24488980866223642	0.8394863563402889	0.20558165317873137	0.9969607631868435	1	0.75	0.9977197053266024	0.00034413002581994926	2.090616841321379e-13	0.9973764190895855	0
full_sample	474	15	24	1959	1212	1	pass	134.959650465828	0.1503902541451882	4.09497500671928	134.98724655472546	-0.027596088897468007	0.8304366256888512	-0.022916802946222902	1.0003396535490017	1	0.75	1.0002547293478565	0.00034413002581994926	2.090616841321379e-13	0.9999105708830464	0
full_sample	475	15	25	1875	1147	1	pass	134.93975548489686	0.1695257677792121	4.243633450749107	134.98724655472546	-0.0474910698285953	0.8241758241758241	-0.039140991616974145	1.0005802194390256	1	0.75	1.0004351330255286	0.00034413002581994926	2.090616841321379e-13	1.000090912489077	0
full_sample	476	15	26	1920	1201	1	pass	135.02110873123945	0.14946584143148708	3.969367523016204	134.98724655472546	0.033862176513991926	0.8275862068965517	0.028023870218476077	0.9995848888599792	1	0.75	0.9996886504874466	0.00034413002581994926	2.090616841321379e-13	0.999344686793854	0
full_sample	477	15	27	1855	1184	1	pass	135.3591246290635	0.1415610485833065	3.7561147123932375	134.98724655472546	0.3718780743380421	0.8226164079822617	0.3059130057193207	0.9954825332571604	1	0.75	0.9966099831288455	0.00034413002581994926	2.090616841321379e-13	0.9962670787148551	0
full_sample	478	15	28	1625	1034	1	pass	135.15960147132398	0.16337745351538646	3.850676860884058	134.98724655472546	0.17235491659852187	0.8024691358024691	0.13830950097412248	0.997953760814809	1	0.75	0.9984649277359037	0.00034413002581994926	2.090616841321379e-13	0.9981213850896016	0
full_sample	479	15	29	1890	1013	1	pass	139.63510127227164	0.32545097887443086	4.645394160537789	134.98724655472546	4.647854717546181	0.8253275109170306	3.836002365136368	0.9454948686606275	1	0.75	0.99	0.00034413002581994926	2.090616841321379e-13	0.99	1
full_sample	483	16	3	1766	950	1	pass	134.90361620043257	0.2242502747617065	4.719032338927738	134.98724655472546	-0.08363035429289312	0.8153277931671283	-0.06818615220740962	1.0010111064502514	1	0.75	1.0007582340340204	0.00034413002581994926	2.090616841321379e-13	1.00041390232794	0
full_sample	484	16	4	2279	1200	1	pass	134.60873954511027	0.1797330019389849	4.206199176938685	134.98724655472546	-0.37850700961519124	0.8506905561776782	-0.32199233852669684	1.004788210750851	1	0.75	1.0035890129371656	0.00034413002581994926	2.090616841321379e-13	1.0032437072426672	0
full_sample	485	16	5	2476	1348	1	pass	134.92821462718075	0.16177798174947797	4.368842032791438	134.98724655472546	-0.05903192754470865	0.8609179415855355	-0.050821645549617045	1.0007534693148272	1	0.75	1.0005650487794469	0.00034413002581994926	2.090616841321379e-13	1.0002207835427752	0
full_sample	486	16	6	2615	1390	1	pass	134.85432177926543	0.1545068816877361	4.028326529418648	134.98724655472546	-0.132924775460026	0.867330016583748	-0.11528964770413534	1.001710482073146	1	0.75	1.0012825874611961	0.00034413002581994926	2.090616841321379e-13	1.000938075340402	0
full_sample	487	16	7	2648	1436	1	pass	135.06323936405656	0.16892373855987175	4.365885058436022	134.98724655472546	0.07599280933109753	0.868766404199475	0.06601999970759392	0.9990224736206964	1	0.75	0.9992667655954688	0.00034413002581994926	2.090616841321379e-13	0.9989229470601568	0
full_sample	488	16	8	2526	1409	1	pass	135.02803382259845	0.14535459099886922	3.885040616048229	134.98724655472546	0.04078726787298592	0.8632946001367054	0.035211428109078076	0.9994784628674913	1	0.75	0.9996088216449835	0.00034413002581994926	2.090616841321379e-13	0.9992648854181662	0
full_sample	489	16	9	2516	1370	1	pass	134.86066777962088	0.13794025763992487	3.709479958319557	134.98724655472546	-0.12657877510457638	0.8628257887517147	-0.10921543146883202	1.001620253155722	1	0.75	1.0012149439183913	0.00034413002581994926	2.090616841321379e-13	1.0008704550717666	0
full_sample	490	16	10	2579	1393	1	pass	134.78991063474913	0.12896064129963894	3.859181974516682	134.98724655472546	-0.19733591997632516	0.8657267539442766	-0.1708389854377115	1.0025362007684095	1	0.75	1.001901548183182	0.00034413002581994926	2.090616841321379e-13	1.001556823096065	0
full_sample	491	16	11	2514	1379	1	pass	134.95233701775834	0.13697006285492394	3.8589962615813977	134.98724655472546	-0.0349095369671204	0.8627316403568978	-0.030117562091743547	1.0004464128651498	1	0.75	1.0003347909694198	0.00034413002581994926	2.090616841321379e-13	0.9999906049577418	0
full_sample	492	16	12	2448	1345	1	pass	134.92549997626634	0.14698799707885485	3.953147601452261	134.98724655472546	-0.06174657845912179	0.8595505617977528	-0.05307430620362716	1.0007868864194025	1	0.75	1.0005901067844913	0.00034413002581994926	2.090616841321379e-13	1.0002458329260915	0
full_sample	493	16	13	2511	1363	1	pass	134.74706373188187	0.1360150365000348	3.9584786582161904	134.98724655472546	-0.24018282284359316	0.8625901751975267	-0.20717934323609152	1.0030769382153761	1	0.75	1.0023068172148004	0.00034413002581994926	2.090616841321379e-13	1.0019619526864354	0
full_sample	494	16	14	2494	1412	1	pass	134.94698739379342	0.1307562608848267	3.878725970087296	134.98724655472546	-0.040259160932038185	0.861782999308915	-0.03469466045767216	1.0005142823574327	1	0.75	1.0003856869777916	0.00034413002581994926	2.090616841321379e-13	1.0000414834542823	0
full_sample	495	16	15	2327	1305	1	pass	134.87374059475775	0.14547505837061658	4.085562409406787	134.98724655472546	-0.11350595996771062	0.8533186651998533	-0.09685675425187482	1.0014367098898336	1	0.75	1.0010773390204388	0.00034413002581994926	2.090616841321379e-13	1.0007328975196441	0
full_sample	496	16	16	2346	1337	1	pass	134.95270079787406	0.13173580909910562	3.8461737275524563	134.98724655472546	-0.03454575685140071	0.8543335761107065	-0.029513599990308108	1.0004374577942126	1	0.75	1.0003280754080548	0.00034413002581994926	2.090616841321379e-13	0.9999838917070054	0
full_sample	497	16	17	2349	1360	1	pass	134.95048287315882	0.13278290809091536	3.6434586068192747	134.98724655472546	-0.036763681566640116	0.8544925427428156	-0.03141429174246549	1.000465640149974	1	0.75	1.000349209789478	0.00034413002581994926	2.090616841321379e-13	1.000005018816705	0
full_sample	498	16	18	2225	1213	1	pass	135.0311685318874	0.14726375662626	3.736546921534749	134.98724655472546	0.04392197716194346	0.8476190476190476	0.03722910445155207	0.9994485902389721	1	0.75	0.999586414167735	0.00034413002581994926	2.090616841321379e-13	0.9992424856506767	0
full_sample	499	16	19	2396	1294	1	pass	136.01695187481013	0.20861359897367796	4.590722169263293	134.98724655472546	1.0297053200846733	0.8569384835479256	0.8823941154945912	0.9870523320303992	1	0.75	0.9902734471645543	0.00034413002581994926	2.090616841321379e-13	0.99	1
full_sample	500	16	20	1955	1145	1	pass	135.39795299764955	0.16204685134631577	4.093415547732613	134.98724655472546	0.41070644292409497	0.8301486199575372	0.3409473868011065	0.9949671293009893	1	0.75	0.9962229673142746	0.00034413002581994926	2.090616841321379e-13	0.9958801960611329	0
full_sample	501	16	21	2145	1229	1	pass	134.86693199377015	0.13713954117230678	3.815141684814751	134.98724655472546	-0.12031456095530757	0.8428290766208252	-0.10140461031400187	1.0015042459076087	1	0.75	1.0011279724302011	0.00034413002581994926	2.090616841321379e-13	1.0007835135079275	0
full_sample	502	16	22	2091	1234	1	pass	135.00396246593442	0.14048973318815883	3.894499718863451	134.98724655472546	0.016715911208962098	0.839421918908069	0.014031702263323865	0.9997921193075627	1	0.75	0.9998440854289727	0.00034413002581994926	2.090616841321379e-13	0.9995000682547523	0
full_sample	503	16	23	1884	1075	1	pass	134.85383547493143	0.15930252600596465	3.589332616525008	134.98724655472546	-0.13341107979402977	0.8248686514886164	-0.11004661748334155	1.0016325992161919	1	0.75	1.0012241997025746	0.00034413002581994926	2.090616841321379e-13	1.0008797076713047	0
full_sample	504	16	24	2036	1249	1	pass	135.24626549142826	0.14490977680635694	3.9196147902240552	134.98724655472546	0.25901893670280174	0.8357963875205254	0.21648709159560933	0.9967999286955168	1	0.75	0.9975989851964598	0.00034413002581994926	2.090616841321379e-13	0.9972557404957172	0
full_sample	505	16	25	1994	1210	1	pass	135.10008534179065	0.14090795632816142	3.807835608135469	134.98724655472546	0.11283878706518635	0.8329156223893066	0.09398518855805413	0.9986088386318924	1	0.75	0.9989564474314838	0.00034413002581994926	2.090616841321379e-13	0.998612735667597	0
full_sample	506	16	26	1879	1133	1	pass	135.1887123777253	0.14648392802545468	3.811326268245345	134.98724655472546	0.20146582299983606	0.8244844229925405	0.16610543282873713	0.9975432880189744	1	0.75	0.9981568996123221	0.00034413002581994926	2.090616841321379e-13	0.9978134629495089	0
full_sample	507	16	27	2219	1290	1	pass	136.85603861791876	0.17259881470393604	4.027416807685824	134.98724655472546	1.8687920631932968	0.8472699503627339	1.5833713586200557	0.9769450449037043	1	0.75	0.99	0.00034413002581994926	2.090616841321379e-13	0.99	1
full_sample	508	16	28	1735	1104	1	pass	135.30516310271534	0.176980136328737	4.204368011192693	134.98724655472546	0.31791654798988134	0.8126463700234192	0.25835372869435325	0.9961828367406178	1	0.75	0.9971357593717355	0.00034413002581994926	2.090616841321379e-13	0.9967926740534822	0
full_sample	509	16	29	1881	1043	0	mu_error	141.19497954854097	0.6674907557353477	5.72330437106317	134.98724655472546	nan	0.8246383165278387	nan	1.0	0	0.75	1.0	0.00034413002581994926	2.090616841321379e-13	1.0	0
full_sample	513	17	3	1837	969	1	pass	135.20002436207167	0.20165303792248396	4.408905311632048	134.98724655472546	0.21277780734621388	0.8211890925346446	0.1747308145261488	0.9974159653058868	1	0.75	0.9980613473136319	0.00034413002581994926	2.090616841321379e-13	0.9977179435275764	0
full_sample	514	17	4	2317	1192	1	pass	134.8295568739534	0.16381089414189728	3.979762401508192	134.98724655472546	-0.1576896807720516	0.8527788001472212	-0.13447441676438848	1.001995540637435	1	0.75	1.0014962824585392	0.00034413002581994926	2.090616841321379e-13	1.0011516968115322	0
full_sample	515	17	5	2553	1374	1	pass	134.7496880324974	0.16467774811557762	4.227292584087971	134.98724655472546	-0.2375585222280563	0.8645445309854385	-0.2053799211812488	1.0030501528718194	1	0.75	1.002286743563638	0.00034413002581994926	2.090616841321379e-13	1.0019418859420304	0
full_sample	516	17	6	2589	1370	1	pass	134.9281273094483	0.1552553792742537	4.159717200405202	134.98724655472546	-0.05911924527714518	0.8661759785881565	-0.05120767013132448	1.0007591956793813	1	0.75	1.0005693427411768	0.00034413002581994926	2.090616841321379e-13	1.000225076027078	0
full_sample	517	17	7	2517	1360	1	pass	135.03412536533665	0.15630409512721716	4.024998368871859	134.98724655472546	0.04687881061119015	0.8628728145354817	0.04045045125415345	0.9994008994902525	1	0.75	0.9995506409604037	0.00034413002581994926	2.090616841321379e-13	0.9992067247518621	0
full_sample	518	17	8	2484	1368	1	pass	134.81796673567814	0.1357416587935458	3.85904307493297	134.98724655472546	-0.16927981904731837	0.8613037447988904	-0.14580134206433384	1.0021638998770266	1	0.75	1.001622486322209	0.00034413002581994926	2.090616841321379e-13	1.0012778572521353	0
full_sample	519	17	9	2518	1318	1	pass	134.38532198295363	0.14660286539738332	3.976227590536309	134.98724655472546	-0.601924571771832	0.8629198080877313	-0.5194126359566391	1.0077409902794807	1	0.75	1.0058001429760133	0.00034413002581994926	2.090616841321379e-13	1.0054540764961895	0
full_sample	520	17	10	2461	1383	1	pass	134.86877753415285	0.1361182625398867	3.978312697713968	134.98724655472546	-0.11846902057260422	0.8601887451939881	-0.10190571815070919	1.0015116878159827	1	0.75	1.0011335517593092	0.00034413002581994926	2.090616841321379e-13	1.0007890909173514	0
full_sample	521	17	11	2555	1432	1	pass	135.04609258399773	0.13568038470538454	3.97861181029928	134.98724655472546	0.058846029272274336	0.8646362098138748	0.05088040771257561	0.9992465115796675	1	0.75	0.999434830441958	0.00034413002581994926	2.090616841321379e-13	0.9990909540804366	0
full_sample	522	17	12	2508	1311	1	pass	134.89031284154694	0.1365522037040468	3.8911408884316754	134.98724655472546	-0.09693371317851529	0.8624484181568088	-0.08360032759687633	1.0012398898915833	1	0.75	1.0009297733686924	0.00034413002581994926	2.090616841321379e-13	1.0005853826409326	0
full_sample	523	17	13	2559	1405	1	pass	134.84253991383957	0.14174541428419937	3.9845657169553936	134.98724655472546	-0.14470664088588592	0.8648191956742143	-0.12514508077964923	1.0018569046886734	1	0.75	1.0013923555074444	0.00034413002581994926	2.090616841321379e-13	1.0010478056186687	0
full_sample	524	17	14	2290	1272	1	pass	134.69259846002367	0.13503523013681445	3.7352087633319346	134.98724655472546	-0.29464809470178466	0.8513011152416357	-0.25083425162345235	1.0037270933815634	1	0.75	1.0027940197520098	0.00034413002581994926	2.090616841321379e-13	1.002448987591468	0
full_sample	525	17	15	2339	1284	1	pass	134.85245086049306	0.1286170488500828	3.6941210522726684	134.98724655472546	-0.13479569423239468	0.8539612997444322	-0.11511030624664884	1.0017078178863743	1	0.75	1.0012805901739867	0.00034413002581994926	2.090616841321379e-13	1.000936078740401	0
full_sample	526	17	16	2391	1401	1	pass	135.12356976528446	0.12619777065233473	3.8534681319480573	134.98724655472546	0.13632321055899865	0.8566821927624507	0.11678566694610024	0.9982717853006061	1	0.75	0.9987035587680624	0.00034413002581994926	2.090616841321379e-13	0.9983599340157854	0
full_sample	527	17	17	2358	1300	1	pass	135.15190278469157	0.12643086120904154	3.591393070464177	134.98724655472546	0.16465622996611273	0.854967367657723	0.1407757035025721	0.9979173312495585	1	0.75	0.9984375914423997	0.00034413002581994926	2.090616841321379e-13	0.9980940582017186	0
full_sample	528	17	18	2438	1370	1	pass	134.9342920179095	0.13441152332404335	3.9239368197979347	134.98724655472546	-0.052954536815946085	0.8590556730091614	-0.04549089526331098	1.0006743969423015	1	0.75	1.0005057550801497	0.00034413002581994926	2.090616841321379e-13	1.00016151024471	0
full_sample	529	17	19	2213	1254	1	pass	135.346216134958	0.15719073329395397	4.082663190266146	134.98724655472546	0.35896958023255365	0.8469192499043245	0.3040182476290246	0.9955104191704165	1	0.75	0.9966309211774546	0.00034413002581994926	2.090616841321379e-13	0.9962880095592926	0
full_sample	530	17	20	2465	1233	1	pass	135.86854254694353	0.19705377180830466	4.33334184474356	134.98724655472546	0.881295992218071	0.8603839441535777	0.7582529217513246	0.988858646120251	1	0.75	0.9916322930611614	0.00034413002581994926	2.090616841321379e-13	0.9912911013250737	0
full_sample	531	17	21	2172	1255	1	pass	134.8858447607373	0.14164367871925446	4.018105912178771	134.98724655472546	-0.10140179398814553	0.8444790046656299	-0.08563168605841838	1.0012700459867185	1	0.75	1.0009523833496796	0.00034413002581994926	2.090616841321379e-13	1.000607984842485	0
full_sample	532	17	22	2068	1235	1	pass	135.09480407351325	0.13418923007633607	3.7182266708436345	134.98724655472546	0.10755751878778597	0.8379254457050244	0.09012518186918209	0.9986659169666401	1	0.75	0.9989992707780172	0.00034413002581994926	2.090616841321379e-13	0.9986555442798664	0
full_sample	533	17	23	2056	1220	1	pass	134.7727846945875	0.1340838354906131	3.7193947064628667	134.98724655472546	-0.2144618601379591	0.8371335504885994	-0.17953321842167913	1.0026655294638602	1	0.75	1.001998481738395	0.00034413002581994926	2.090616841321379e-13	1.00165372329927	0
full_sample	534	17	24	1946	1160	1	pass	134.86298785874794	0.1385973181301485	3.6500481036517023	134.98724655472546	-0.12425869597751671	0.8294970161977835	-0.10307221754997763	1.001529011717173	1	0.75	1.0011465397514412	0.00034413002581994926	2.090616841321379e-13	1.000802074440694	0
full_sample	535	17	25	1923	1140	1	pass	135.25154430745832	0.1437574938553886	3.646098053744795	134.98724655472546	0.26429775273285827	0.8278088678433061	0.21878802346331747	0.9967659992954434	1	0.75	0.9975735176391358	0.00034413002581994926	2.090616841321379e-13	0.9972302817010366	0
full_sample	536	17	26	1903	1180	1	pass	135.2039028582478	0.1635517768460112	4.095462551442667	134.98724655472546	0.2166563035223419	0.8263135041250543	0.17902602935432768	0.9973525710115346	1	0.75	0.9980137704502217	0.00034413002581994926	2.090616841321379e-13	0.9976703830339766	0
full_sample	537	17	27	1762	1081	1	pass	135.16278753819563	0.16897175365762035	3.931325594357759	134.98724655472546	0.17554098347017089	0.8149861239592969	0.14306346571435757	0.9978835393028468	1	0.75	0.9984122341620606	0.00034413002581994926	2.090616841321379e-13	0.9980687096460796	0
full_sample	538	17	28	1736	1090	1	pass	134.69587548526218	0.1741009514940622	4.1647155328164125	134.98724655472546	-0.2913710694632812	0.8127340823970037	-0.23680719877727346	1.0035181187375248	1	0.75	1.0026374303920365	0.00034413002581994926	2.090616841321379e-13	1.0022924521093244	0
full_sample	539	17	29	1809	971	1	pass	140.13070186011265	0.3563739682213202	3.912670898927636	134.98724655472546	5.143455305387192	0.8189225894069715	4.212091737186705	0.9403922965739615	1	0.75	0.99	0.00034413002581994926	2.090616841321379e-13	0.99	1
full_sample	543	18	3	1689	898	1	pass	134.24421506919737	0.20699841388500195	4.39712983105394	134.98724655472546	-0.7430314855280926	0.8085208233604595	-0.6007564284619188	1.008961422210753	1	0.75	1.006713565839617	0.00034413002581994926	2.090616841321379e-13	1.0063671850776397	0
full_sample	544	18	4	2231	1181	1	pass	134.80331103947182	0.171231524471778	4.1305134528521625	134.98724655472546	-0.18393551525363705	0.8479665526415812	-0.15597116477797957	1.0023150965251373	1	0.75	1.001735820408674	0.00034413002581994926	2.090616841321379e-13	1.0013911523436483	0
full_sample	545	18	5	2367	1235	1	pass	134.84838959978703	0.18437574135895402	4.567505599562725	134.98724655472546	-0.13885695493843286	0.855439103722443	-0.11878366907816067	1.0017623892338987	1	0.75	1.0013215009500585	0.00034413002581994926	2.090616841321379e-13	1.0009769754402682	0
full_sample	546	18	6	2471	1359	1	pass	135.16650989064232	0.15604806280714395	4.064861891041381	134.98724655472546	0.1792633359168576	0.8606757227446883	0.15428760120186527	0.9977177753522635	1	0.75	0.9982878427477607	0.00034413002581994926	2.090616841321379e-13	0.9979443610312356	0
full_sample	547	18	7	2450	1292	1	pass	134.9532324147025	0.15014747733519224	3.954117495619392	134.98724655472546	-0.034014140022947004	0.8596491228070176	-0.029240225633761458	1.0004334044556407	1	0.75	1.000325035734964	0.00034413002581994926	2.090616841321379e-13	0.9999808530797776	0
full_sample	548	18	8	2444	1302	1	pass	134.76360142426415	0.1436633698155829	3.6859749476463555	134.98724655472546	-0.22364513046130696	0.8593530239099859	-0.19219011914466744	1.00285384848283	1	0.75	1.002139623726302	0.00034413002581994926	2.090616841321379e-13	1.0017948167243378	0
full_sample	549	18	9	2435	1341	1	pass	134.99478726249885	0.1435675309053693	4.257010560280515	134.98724655472546	0.007540707773387112	0.8589065255731922	0.0064767631140026875	0.9999040382263442	1	0.75	0.9999280278064115	0.00034413002581994926	2.090616841321379e-13	0.9995839817500686	0
full_sample	550	18	10	2506	1360	1	pass	135.10015157649374	0.1403646872330223	4.02690509979736	134.98724655472546	0.11290502176828454	0.8623537508602891	0.09736406901284277	0.9985588787790448	1	0.75	0.9989189642644286	0.00034413002581994926	2.090616841321379e-13	0.9985752653974057	0
full_sample	551	18	11	2401	1309	1	pass	134.85670645466135	0.1400731010320229	3.9747295177474453	134.98724655472546	-0.13054010006410977	0.8571938593359515	-0.11189817217205554	1.001660102191263	1	0.75	1.001244818452689	0.00034413002581994926	2.090616841321379e-13	1.0009003193271084	0
full_sample	552	18	12	2425	1394	1	pass	134.8383763785331	0.14246004647991178	3.8774549468848023	134.98724655472546	-0.14887017619236076	0.8584070796460177	-0.1277912131916725	1.001896223864901	1	0.75	1.0014218310711387	0.00034413002581994926	2.090616841321379e-13	1.0010772710406817	0
full_sample	553	18	13	2388	1324	1	pass	135.0436409380227	0.13619696340168744	3.7625081664645355	134.98724655472546	0.05639438329723134	0.8565279770444764	0.04830336704224837	0.9992846545208518	1	0.75	0.9994634429026633	0.00034413002581994926	2.090616841321379e-13	0.999119556696429	0
full_sample	554	18	14	2466	1354	1	pass	134.82187725959764	0.12364956783706735	3.735579590639101	134.98724655472546	-0.1653692951278174	0.8604326587578507	-0.1422891422837396	1.002111691296517	1	0.75	1.0015833507860226	0.00034413002581994926	2.090616841321379e-13	1.001238735181345	0
full_sample	555	18	15	2312	1295	1	pass	134.9336394284795	0.13425059995084673	3.6972783853556366	134.98724655472546	-0.05360712624596431	0.8525073746312685	-0.045700470457474	1.0006775054473902	1	0.75	1.0005080860651578	0.00034413002581994926	2.090616841321379e-13	1.0001638404276942	0
full_sample	556	18	16	2339	1314	1	pass	134.70026170879666	0.12342944768095558	3.394519411832542	134.98724655472546	-0.28698484592879936	0.8539612997444322	-0.24507395203631313	1.0036412686999232	1	0.75	1.0027297103909483	0.00034413002581994926	2.090616841321379e-13	1.0023847003573814	0
full_sample	557	18	17	2234	1265	1	pass	135.10833437861945	0.13629306701619362	3.784076184215323	134.98724655472546	0.12108782389398698	0.8481397114654518	0.10269939201942554	0.9984799987586618	1	0.75	0.9988597823313448	0.00034413002581994926	2.090616841321379e-13	0.9985161038270982	0
full_sample	558	18	18	2148	1211	1	pass	135.1952660606046	0.14347237792469514	3.864935634081368	134.98724655472546	0.2080195058791503	0.8430141287284144	0.17536338250722716	0.9974066286760496	1	0.75	0.9980543403020772	0.00034413002581994926	2.090616841321379e-13	0.9977109389269299	0
full_sample	559	18	19	2331	1279	1	pass	135.17481991310132	0.127334157049949	3.562621254652384	134.98724655472546	0.18757335837585742	0.8535335042109118	0.16010014587115476	0.9976319488608655	1	0.75	0.9982234354075308	0.00034413002581994926	2.090616841321379e-13	0.997879975851692	0
full_sample	560	18	20	2073	1215	1	pass	134.75147258644543	0.1439883467338904	3.918028466905098	134.98724655472546	-0.2357739682800286	0.8382531338455318	-0.197638267789931	1.0029349265263892	1	0.75	1.0022003883375372	0.00034413002581994926	2.090616841321379e-13	1.001855560428243	0
full_sample	561	18	21	1784	1044	1	pass	136.17543460288283	0.15624034360187053	3.7919656374455917	134.98724655472546	1.1881880481573717	0.8168498168498168	0.9705711895204904	0.9857723177475697	1	0.75	0.99	0.00034413002581994926	2.090616841321379e-13	0.99	1
full_sample	562	18	22	2031	1231	1	pass	135.17777507147932	0.12935656422303124	3.5597708689168472	134.98724655472546	0.19052851675385796	0.8354586589880707	0.15917869910616433	0.9976455539604897	1	0.75	0.9982336452645957	0.00034413002581994926	2.090616841321379e-13	0.9978901821958431	0
full_sample	563	18	23	1993	1176	1	pass	135.0532484344508	0.13916454355557473	3.7851893618689316	134.98724655472546	0.06600187972534854	0.8328458002507313	0.05496938833791042	0.9991859948015483	1	0.75	0.9993894339609143	0.00034413002581994926	2.090616841321379e-13	0.9990455732189973	0
full_sample	564	18	24	1945	1175	1	pass	134.87862967834198	0.13435248822972176	3.5980288583632656	134.98724655472546	-0.10861687638347917	0.8294243070362474	-0.09008947742680895	1.0013362279452591	1	0.75	1.0010020036609661	0.00034413002581994926	2.090616841321379e-13	1.0006575880808704	0
full_sample	565	18	25	1885	1130	1	pass	135.05976704880985	0.1423252381859573	3.6364020779864608	134.98724655472546	0.07252049408438666	0.824945295404814	0.05982544041534742	0.9991141325322876	1	0.75	0.9993355258006864	0.00034413002581994926	2.090616841321379e-13	0.9989916836069943	0
full_sample	566	18	26	1758	1089	1	pass	134.8031564444001	0.15245227278261708	3.772621283642568	134.98724655472546	-0.18409011032537137	0.8146431881371641	-0.1499677543799828	1.002225838567621	1	0.75	1.0016689148849431	0.00034413002581994926	2.090616841321379e-13	1.0013242698401559	0
full_sample	567	18	27	1788	1121	1	pass	135.3191708399328	0.14853612810422537	3.7609509849620077	134.98724655472546	0.33192428520735007	0.8171846435100548	0.27124342867949813	0.9959929647886049	1	0.75	0.9969932157915113	0.00034413002581994926	2.090616841321379e-13	0.9966501795183443	0
full_sample	568	18	28	1663	1067	1	pass	135.17521618362267	0.1576285060105164	3.9872377462790176	134.98724655472546	0.18796962889720703	0.8061076102762966	0.15152374835484986	0.9977585895549363	1	0.75	0.9983184707332036	0.00034413002581994926	2.090616841321379e-13	0.9979749784784824	0
full_sample	569	18	29	1800	996	1	pass	140.75659617671042	0.29790953611693005	3.798216317920077	134.98724655472546	5.769349621984958	0.8181818181818182	4.720376963442239	0.9335615412257815	1	0.75	0.99	0.00034413002581994926	2.090616841321379e-13	0.99	1
full_sample	573	19	3	1696	901	1	pass	135.3432325515037	0.18780977546269742	4.332852637501907	134.98724655472546	0.3559859967782302	0.8091603053435115	0.288049737851087	0.995745480677373	1	0.75	0.9968074105299521	0.00034413002581994926	2.090616841321379e-13	0.996464438186954	0
full_sample	574	19	4	2416	1290	1	pass	134.83141202360216	0.17085660947502543	4.36174655475106	134.98724655472546	-0.15583453112330403	0.8579545454545454	-0.13369894431601653	1.0019840158527442	1	0.75	1.001487643164388	0.00034413002581994926	2.090616841321379e-13	1.00114306048991	0
full_sample	575	19	5	2530	1281	1	pass	135.52284853231367	0.16944376446705095	4.289096284253416	134.98724655472546	0.5356019775882146	0.863481228668942	0.46248225368538665	0.9931822834350988	1	0.75	0.9948823425318425	0.00034413002581994926	2.090616841321379e-13	0.9945400325485686	0
full_sample	576	19	6	2449	1357	1	pass	134.7106927241632	0.15638586828992657	4.1300068876799765	134.98724655472546	-0.2765538305622499	0.8595998595998596	-0.23772563392311338	1.0035317995620865	1	0.75	1.0026476819882606	0.00034413002581994926	2.090616841321379e-13	1.0023027001782732	0
full_sample	577	19	7	2514	1396	1	pass	135.34212709520688	0.1367596967898948	3.8119179346678997	134.98724655472546	0.3548805404814175	0.8627316403568978	0.30616667082027577	0.995478800055264	1	0.75	0.9966071800550355	0.00034413002581994926	2.090616841321379e-13	0.996264276605501	0
full_sample	578	19	8	2511	1322	1	pass	135.03923382383408	0.14379699174559513	4.055496748910239	134.98724655472546	0.05198726910862206	0.8625901751975267	0.044843707568447265	0.999335864592658	1	0.75	0.9995018570821865	0.00034413002581994926	2.090616841321379e-13	0.9991579576587539	0
full_sample	579	19	9	2530	1344	1	pass	135.21133152284227	0.138971236504313	3.851669452896444	134.98724655472546	0.2240849681168129	0.863481228668942	0.19349316359574628	0.9971390909281733	1	0.75	0.9978535499549017	0.00034413002581994926	2.090616841321379e-13	0.9975102176658539	0
full_sample	580	19	10	2443	1279	1	pass	135.2573544516734	0.15351902063253145	4.0183109399564625	134.98724655472546	0.270107896947934	0.8593035525852972	0.23210467542870306	0.9965696667844514	1	0.75	0.9974261453348323	0.00034413002581994926	2.090616841321379e-13	0.9970829601032426	0
full_sample	581	19	11	2467	1311	1	pass	134.87303528391962	0.13887031058365415	3.966457033870232	134.98724655472546	-0.11421127080583915	0.860481339379142	-0.09827666727520236	1.0014577949756498	1	0.75	1.0010931471183255	0.00034413002581994926	2.090616841321379e-13	1.0007487001784257	0
full_sample	582	19	12	2494	1340	1	pass	135.05841218017935	0.1459557078476782	3.8315613912896738	134.98724655472546	0.0711656254538866	0.861782999308915	0.061329326151345266	0.9990918788568465	1	0.75	0.9993188317992395	0.00034413002581994926	2.090616841321379e-13	0.9989749953494662	0
full_sample	583	19	13	2396	1277	1	pass	134.94034032954093	0.1348102220309139	3.7276155215756566	134.98724655472546	-0.046906225184528694	0.8569384835479256	-0.040195749478587534	1.0005958619779423	1	0.75	1.0004468632056402	0.00034413002581994926	2.090616841321379e-13	1.000102638633176	0
full_sample	584	19	14	2331	1274	1	pass	134.96365001580094	0.12695316786170546	3.64975605524698	134.98724655472546	-0.023596538924522292	0.8535335042109118	-0.02014043655549669	1.000298495373475	1	0.75	1.000223863178068	0.00034413002581994926	2.090616841321379e-13	0.999879715333406	0
full_sample	585	19	15	2289	1269	1	pass	134.70234908645273	0.13294051335147722	3.9116837440367638	134.98724655472546	-0.28489746827273166	0.8512458162885831	-0.24251777793837218	1.0036031869104276	1	0.75	1.0027011748543535	0.00034413002581994926	2.090616841321379e-13	1.002356174639032	0
full_sample	586	19	16	2289	1284	1	pass	135.04918838964554	0.12544303965094825	3.899196205431901	134.98724655472546	0.0619418349200771	0.8512458162885831	0.05272772782895369	0.9992191706221707	1	0.75	0.9994143207891625	0.00034413002581994926	2.090616841321379e-13	0.999070451484414	0
full_sample	587	19	17	2328	1305	1	pass	134.64387650980836	0.12665337361918869	3.6049863415720917	134.98724655472546	-0.3433700449170942	0.8533724340175953	-0.2930225309996317	1.0043560067499695	1	0.75	1.0032652293962603	0.00034413002581994926	2.090616841321379e-13	1.0029200351062302	0
full_sample	588	19	18	2254	1299	1	pass	134.92984119104165	0.12897298696884363	3.667997408374012	134.98724655472546	-0.05740536368381299	0.8492840994724944	-0.04875346260109815	1.000722790319328	1	0.75	1.000542043776817	0.00034413002581994926	2.090616841321379e-13	1.0001977864554956	0
full_sample	589	19	19	2180	1294	1	pass	134.47332067740854	0.1361526731074879	3.877302323377633	134.98724655472546	-0.5139258773169217	0.8449612403100775	-0.4342474467251509	1.0064655957720354	1	0.75	1.0048452882305718	0.00034413002581994926	2.090616841321379e-13	1.004499550288403	0
full_sample	590	19	20	2230	1274	1	pass	134.88484110083937	0.12857378295382615	3.4930574905565575	134.98724655472546	-0.10240545388609235	0.8479087452471483	-0.08683047991102127	1.0012878430622707	1	0.75	1.0009657268919758	0.00034413002581994926	2.090616841321379e-13	1.0006213237936574	0
full_sample	591	19	21	1939	1153	1	pass	134.30895471369135	0.15493942811117511	3.9201276055402983	134.98724655472546	-0.6782918410341097	0.8289867464728516	-0.5622949464579473	1.0083840937850832	1	0.75	1.0062815032806247	0.00034413002581994926	2.090616841321379e-13	1.0059352711787664	0
full_sample	592	19	22	2085	1226	1	pass	134.98669496006104	0.14126048608640526	3.820526876543248	134.98724655472546	-0.0005515946644152336	0.8390342052313883	-0.0004628067908675099	1.0000068576208199	1	0.75	1.000005143211206	0.00034413002581994926	2.090616841321379e-13	0.9996610706217025	0
full_sample	593	19	23	2036	1209	1	pass	134.78901032712736	0.13260821225339767	3.6787092613671124	134.98724655472546	-0.19823622759810178	0.8357963875205254	-0.16568512290219015	1.002459547702096	1	0.75	1.0018440942280729	0.00034413002581994926	2.090616841321379e-13	1.0014993889091854	0
full_sample	594	19	24	1972	1203	1	pass	134.9511957064473	0.13389544018075203	3.688678070906578	134.98724655472546	-0.036050848278165404	0.8313659359190556	-0.029971447219452857	1.000444246378706	1	0.75	1.0003331662854367	0.00034413002581994926	2.090616841321379e-13	0.9999889808327651	0
full_sample	595	19	25	1808	1125	1	pass	134.78633795847904	0.13113631251891786	3.5333906294077075	134.98724655472546	-0.2009085962464212	0.8188405797101449	-0.164512111419171	1.002442102805821	1	0.75	1.001831018560058	0.00034413002581994926	2.090616841321379e-13	1.0014863177401263	0
full_sample	596	19	26	1810	1101	1	pass	135.26829873546993	0.15298587695054094	3.927420380863184	134.98724655472546	0.28105218074446725	0.8190045248868778	0.2301830077590433	0.9965979950868622	1	0.75	0.9974474097456578	0.00034413002581994926	2.090616841321379e-13	0.9971042171976047	0
full_sample	597	19	27	1835	1121	1	pass	135.31315941856676	0.1296786228866696	3.427811708622471	134.98724655472546	0.32591286384129603	0.8210290827740492	0.26758393966388283	0.9960468654373372	1	0.75	0.9970336816026387	0.00034413002581994926	2.090616841321379e-13	0.996690631406367	0
full_sample	598	19	28	1672	1045	1	pass	135.0379511691665	0.16909456401093956	4.1188497759413085	134.98724655472546	0.050704614441031026	0.806949806949807	0.04091607883465438	0.9993940063428464	1	0.75	0.9995454703207847	0.00034413002581994926	2.090616841321379e-13	0.9992015558913093	0
full_sample	599	19	29	1805	963	0	mu_error	139.85740366113706	0.5433081904082508	5.630906454432538	134.98724655472546	nan	0.81859410430839	nan	1.0	0	0.75	1.0	0.00034413002581994926	2.090616841321379e-13	1.0	0
full_sample	603	20	3	1849	987	1	pass	135.07558913142535	0.19497045547715744	4.113302239580819	134.98724655472546	0.08834257669988688	0.8221431747443309	0.07263024647313955	0.9989246778251134	1	0.75	0.999193399915443	0.00034413002581994926	2.090616841321379e-13	0.9988496066231207	0
full_sample	604	20	4	2272	1244	1	pass	134.89175262248173	0.16171321800231084	4.12537408185335	134.98724655472546	-0.09549393224372693	0.8502994011976048	-0.08119843340484566	1.001204234845698	1	0.75	1.0009030402479229	0.00034413002581994926	2.090616841321379e-13	1.0005586587182498	0
full_sample	605	20	5	2699	1384	1	pass	134.99828476620638	0.15660418893274528	3.8492850674597694	134.98724655472546	0.011038211480922655	0.8709261051952243	0.009613466533401177	0.9998575687996581	1	0.75	0.9998931746977576	0.00034413002581994926	2.090616841321379e-13	0.9995491406333523	0
full_sample	606	20	6	2456	1279	1	pass	135.11382623161927	0.16510169908217345	4.271965182280657	134.98724655472546	0.12657967689381167	0.8599439775910365	0.10885143083025262	0.9983890556146814	1	0.75	0.9987915482530122	0.00034413002581994926	2.090616841321379e-13	0.9984478932261208	0
full_sample	607	20	7	2430	1277	1	pass	134.72480000243266	0.15682597058178002	3.8640039635773227	134.98724655472546	-0.26244655229280056	0.8586572438162544	-0.22535163324081461	1.003347502449093	1	0.75	1.002509577758168	0.00034413002581994926	2.090616841321379e-13	1.0021646434658165	0
full_sample	608	20	8	2549	1415	1	pass	134.71244786504963	0.14469841331863129	3.8875467502262344	134.98724655472546	-0.27479868967583343	0.8643608002712784	-0.23752521532170207	1.0035288141431877	1	0.75	1.0026454448958837	0.00034413002581994926	2.090616841321379e-13	1.0023004638556148	0
full_sample	609	20	9	2400	1290	1	pass	135.1080659247397	0.1493416443724128	3.9382774099925477	134.98724655472546	0.12081937001423171	0.8571428571428571	0.1035594600121986	0.9984672839683046	1	0.75	0.9988502425962272	0.00034413002581994926	2.090616841321379e-13	0.9985065673743252	0
full_sample	610	20	10	2484	1332	1	pass	135.49721883664833	0.1486118057163328	3.9750296720544753	134.98724655472546	0.5099722819228703	0.8613037447988904	0.4392410361638036	0.9935232294594555	1	0.75	0.9951384787656421	0.00034413002581994926	2.090616841321379e-13	0.9947960806533644	0
full_sample	611	20	11	2446	1356	1	pass	134.529861100094	0.13778058243665722	4.064160204741973	134.98724655472546	-0.4573854546314635	0.859451862262825	-0.39310078075494015	1.0058502696243672	1	0.75	1.0043845013589654	0.00034413002581994926	2.090616841321379e-13	1.0040389219601131	0
full_sample	612	20	12	2511	1374	1	pass	134.6540876433458	0.12598014557207163	3.6882313065300107	134.98724655472546	-0.33315891137965536	0.8625901751975267	-0.2873796037355942	1.0042718516980074	1	0.75	1.0032021809941454	0.00034413002581994926	2.090616841321379e-13	1.0028570083972306	0
full_sample	613	20	13	2535	1379	1	pass	134.9789371365264	0.14691300603468402	4.115551814993932	134.98724655472546	-0.008309418199047514	0.8637137989778535	-0.007176959159995042	1.000106352236153	1	0.75	1.0000797631167744	0.00034413002581994926	2.090616841321379e-13	0.9997356648527387	0
full_sample	614	20	14	2333	1296	1	pass	134.66260519692034	0.13731680295378243	3.7761283470415625	134.98724655472546	-0.3246413578051204	0.8536406878887669	-0.2771270719939063	1.0041189789812108	1	0.75	1.0030876463980265	0.00034413002581994926	2.090616841321379e-13	1.0027425132091243	0
full_sample	615	20	15	2438	1367	1	pass	134.6434183226413	0.12926152096216298	3.6872802694151705	134.98724655472546	-0.3438282320841495	0.8590556730091614	-0.29536759331259915	1.0043909826390842	1	0.75	1.0032914327099516	0.00034413002581994926	2.090616841321379e-13	1.002946229404126	0
full_sample	616	20	16	2382	1307	1	pass	135.1526103456498	0.13645738548595523	3.7774625856942703	134.98724655472546	0.16536379092434572	0.8562185478073329	0.1415875449251587	0.9979053395524126	1	0.75	0.9984285929671564	0.00034413002581994926	2.090616841321379e-13	0.9980850628225878	0
full_sample	617	20	17	2269	1298	1	pass	134.6042991227895	0.14371185013432383	3.9504805434154666	134.98724655472546	-0.38294743193594627	0.8501311352566504	-0.32555553505532486	1.004841389769996	1	0.75	1.0036288493367846	0.00034413002581994926	2.090616841321379e-13	1.0032835299357437	0
full_sample	618	20	18	2433	1359	1	pass	135.0688129958979	0.13305775656544744	3.7176886854723934	134.98724655472546	0.08156644117244127	0.8588069184609954	0.07004982399313435	0.9989628523718235	1	0.75	0.9992220383907124	0.00034413002581994926	2.090616841321379e-13	0.9988782352447265	0
full_sample	619	20	19	2348	1292	1	pass	135.65859640452462	0.15288168318425635	4.0155754591411945	134.98724655472546	0.6713498497991566	0.8544395924308588	0.5736278920409096	0.9915542135477857	1	0.75	0.9936589492050578	0.00034413002581994926	2.090616841321379e-13	0.9933170601557292	0
full_sample	620	20	20	1671	960	1	pass	135.17932084905894	0.15689411344761675	3.7864800366074585	134.98724655472546	0.1920742943334801	0.8068565910188314	0.15497641034825943	0.9977076040008163	1	0.75	0.9982802098657341	0.00034413002581994926	2.090616841321379e-13	0.997936730775461	0
full_sample	621	20	21	2162	1206	1	pass	134.93470429080844	0.15203583942680346	3.853037465115589	134.98724655472546	-0.05254226391701877	0.843871975019516	-0.04433894402365129	1.0006573109884687	1	0.75	1.0004929427470284	0.00034413002581994926	2.090616841321379e-13	1.0001487023199387	0
full_sample	622	20	22	2173	1260	1	pass	134.58549670402326	0.13641847280070424	3.743933399334021	134.98724655472546	-0.4017498507022026	0.8445394481150408	-0.3392935971923382	1.0050464633578722	1	0.75	1.003782465012615	0.00034413002581994926	2.090616841321379e-13	1.0034370927569023	0
full_sample	623	20	23	2085	1232	1	pass	134.9832837057095	0.13968121245275025	3.961201122069119	134.98724655472546	-0.003962849015948677	0.8390342052313883	-0.0033249658745484875	1.0000492691138707	1	0.75	1.0000369516078347	0.00034413002581994926	2.090616841321379e-13	0.9996928680739899	0
full_sample	624	20	24	1568	866	1	pass	135.46504531006124	0.1586908198146757	3.417186951091901	134.98724655472546	0.4777987553357832	0.7967479674796748	0.3806851871781037	0.9943830159093249	1	0.75	0.9957842971270968	0.00034413002581994926	2.090616841321379e-13	0.9954416768075661	0
full_sample	625	20	25	1859	1087	1	pass	135.02807095765647	0.14794081472924037	3.6305145011785136	134.98724655472546	0.04082440293100831	0.8229305002213368	0.033595646325252075	0.999502386227495	1	0.75	0.9996267664514816	0.00034413002581994926	2.090616841321379e-13	0.9992828240503798	0
full_sample	626	20	26	1834	1092	1	pass	135.07380739571997	0.14886832225089178	3.6009136075829815	134.98724655472546	0.08656084099450823	0.8209489704565801	0.07106203329629726	0.9989478775742145	1	0.75	0.9992108043574895	0.00034413002581994926	2.090616841321379e-13	0.9988670050768067	0
full_sample	627	20	27	1817	1110	1	pass	134.89592964059028	0.14356242695352983	3.7435030157703975	134.98724655472546	-0.09131691413517729	0.8195760036084799	-0.0748411515487673	1.0011098730286834	1	0.75	1.0008322893419335	0.00034413002581994926	2.090616841321379e-13	1.0004879321555826	0
full_sample	628	20	28	1689	1071	1	pass	134.94494571246364	0.186274262789395	4.5068998161774925	134.98724655472546	-0.042300842261823846	0.8085208233604595	-0.03420111181437074	1.0005069636560064	1	0.75	1.000380198652204	0.00034413002581994926	2.090616841321379e-13	1.0000359970170674	0
full_sample	629	20	29	1773	953	1	pass	141.99999999999997	0.46625159591579424	4.362840424090389	134.98724655472546	7.012753445274512	0.8159226875287621	5.721864638044965	0.9203187115431023	1	0.75	0.99	0.00034413002581994926	2.090616841321379e-13	0.99	1
full_sample	633	21	3	1938	1060	1	pass	135.7001605005252	0.18304700780252312	3.9419838945303676	134.98724655472546	0.7129139457997269	0.8289136013686912	0.5909440662788156	0.9913009253573015	1	0.75	0.9934685737487753	0.00034413002581994926	2.090616841321379e-13	0.9931267502020859	0
full_sample	634	21	4	2491	1314	1	pass	134.98645056117851	0.17969991956282597	4.248433756470749	134.98724655472546	-0.0007959935469443735	0.8616395710826703	-0.0006858595383737233	1.0000101627210347	1	0.75	1.0000076220310934	0.00034413002581994926	2.090616841321379e-13	0.9996635485887001	0
full_sample	635	21	5	2485	1348	1	pass	135.14240150880642	0.1645488690692732	4.259109630371531	134.98724655472546	0.15515495408095603	0.8613518197573656	0.13364300204200197	0.9980226975656817	1	0.75	0.9985166563352332	0.00034413002581994926	2.090616841321379e-13	0.9981730958906294	0
full_sample	636	21	6	2610	1412	1	pass	135.40424655039712	0.15332720509343703	4.1179440734971475	134.98724655472546	0.41699999567165946	0.867109634551495	0.36158471385482766	0.9946637131357072	1	0.75	0.9959951092771093	0.00034413002581994926	2.090616841321379e-13	0.9956524164232692	0
full_sample	637	21	7	2425	1302	1	pass	135.15663114587127	0.16218212626751147	4.137355148013253	134.98724655472546	0.16938459114581406	0.8584070796460177	0.14540093222251296	0.9978490149594977	1	0.75	0.9983863270738402	0.00034413002581994926	2.090616841321379e-13	0.9980428114717323	0
full_sample	638	21	8	2595	1387	1	pass	135.09137824596849	0.15120863478197155	4.092263298124371	134.98724655472546	0.10413169124302613	0.8664440734557596	0.090224286736445	0.9986644514310822	1	0.75	0.9989981712592512	0.00034413002581994926	2.090616841321379e-13	0.9986544451394127	0
full_sample	639	21	9	2509	1363	1	pass	134.95315172310947	0.149773670878175	3.8974062196572086	134.98724655472546	-0.03409483161598814	0.8624957029907184	-0.029406645762981864	1.000435871974304	1	0.75	1.0003268861729266	0.00034413002581994926	2.090616841321379e-13	0.9999827028810585	0
full_sample	640	21	10	2386	1295	1	pass	135.05816980893468	0.149658842380803	3.934039011733727	134.98724655472546	0.07092325420921952	0.8564249820531228	0.0607404467132799	0.9991005926828902	1	0.75	0.9993253686462152	0.00034413002581994926	2.090616841321379e-13	0.9989815299473036	0
full_sample	641	21	11	2419	1314	1	pass	134.90957248886778	0.1464505136034137	3.8611786801646484	134.98724655472546	-0.07767406585767844	0.8581057112451224	-0.06665255952810363	1.000988348534939	1	0.75	1.0007411698608186	0.00034413002581994926	2.090616841321379e-13	1.0003968440260222	0
full_sample	642	21	12	2406	1309	1	pass	134.78829443690032	0.13925792377763493	3.7737291431278166	134.98724655472546	-0.19895211782514366	0.857448325017819	-0.1705911601879172	1.00253251467818	1	0.75	1.0018987853643415	0.00034413002581994926	2.090616841321379e-13	1.0015540612278298	0
full_sample	643	21	13	2413	1316	1	pass	134.6475105589826	0.13453887378976911	3.787797829754601	134.98724655472546	-0.3397359957428705	0.8578030572342694	-0.29142657580076303	1.0043322046097205	1	0.75	1.0032473971259213	0.00034413002581994926	2.090616841321379e-13	1.002902208971455	0
full_sample	644	21	14	2429	1338	1	pass	134.76610250646152	0.13984711461137062	3.8896171757661793	134.98724655472546	-0.22114404826393752	0.8586072817249911	-0.18987589014955963	1.0028194116561244	1	0.75	1.0021138143897201	0.00034413002581994926	2.090616841321379e-13	1.0017690162679955	0
full_sample	645	21	15	2196	1209	1	pass	134.69992194302566	0.14649026048038885	3.939743662321151	134.98724655472546	-0.28732461169980184	0.8459167950693375	-0.24305271467363823	1.0036111561992782	1	0.75	1.0027071464431243	0.00034413002581994926	2.090616841321379e-13	1.0023621441731534	0
full_sample	646	21	16	2313	1325	1	pass	135.1626349393438	0.13813948877768836	3.8744148345912603	134.98724655472546	0.17538838461834416	0.8525617397714707	0.14952942632592334	0.9977880415436412	1	0.75	0.998340572038177	0.00034413002581994926	2.090616841321379e-13	0.9979970721790418	0
full_sample	647	21	17	2285	1286	1	pass	134.72207996218154	0.14090098136595172	3.602888832638941	134.98724655472546	-0.2651665925439204	0.851024208566108	-0.2256631895578615	1.003352142114261	1	0.75	1.002513054598995	0.00034413002581994926	2.090616841321379e-13	1.002168119110364	0
full_sample	648	21	18	2313	1293	1	pass	134.98124431539696	0.1411185584241248	3.8895495045770185	134.98724655472546	-0.006002239328495307	0.8525617397714707	-0.005117279604426703	1.0000758290048979	1	0.75	1.0000568712146243	0.00034413002581994926	2.090616841321379e-13	0.9997127808270241	0
full_sample	649	21	19	2201	1313	1	pass	134.19832394420501	0.1459598244479896	4.041255949822513	134.98724655472546	-0.7889226105204443	0.8462129950019224	-0.6675965650732403	1.009965910345225	1	0.75	1.0074651600170947	0.00034413002581994926	2.090616841321379e-13	1.0071185206534925	0
full_sample	650	21	20	2217	1258	1	pass	133.98791836640842	0.15448395254145286	3.893077407356533	134.98724655472546	-0.9993281883170368	0.8471532288880398	-0.8465841014516129	1.0126631727367819	1	0.75	1.0094824249433616	0.00034413002581994926	2.090616841321379e-13	1.0091350914977624	0
full_sample	651	21	21	2051	1192	1	pass	134.64608353815063	0.1482385241162521	3.8351984312061362	134.98724655472546	-0.34116301657482495	0.8368013055895552	-0.2854856576886846	1.0042436089540054	1	0.75	1.0031810214232082	0.00034413002581994926	2.090616841321379e-13	1.0028358561066844	0
full_sample	652	21	22	2184	1291	1	pass	134.685854163146	0.13698421721429146	3.8237608377310077	134.98724655472546	-0.3013923915794692	0.8452012383900929	-0.25473722260431914	1.0037852513432157	1	0.75	1.0028375973595138	0.00034413002581994926	2.090616841321379e-13	1.0024925502051893	0
full_sample	653	21	23	2053	1245	1	pass	135.03311895295323	0.14275165249201352	3.811077105043064	134.98724655472546	0.04587239822777178	0.8369343660823482	0.03839218653143721	0.9994313708810421	1	0.75	0.9995734978405589	0.00034413002581994926	2.090616841321379e-13	0.9992295737676319	0
full_sample	654	21	24	2021	1191	1	pass	134.96623310033698	0.15248951127021151	3.9096094929671388	134.98724655472546	-0.021013454388480568	0.8347790169351508	-0.01754159079682744	1.0002599711498643	1	0.75	1.000194972026991	0.00034413002581994926	2.090616841321379e-13	0.9998508341229311	0
full_sample	655	21	25	1874	1167	1	pass	135.0732025821223	0.14628053806296673	3.970727436420129	134.98724655472546	0.08595602739683272	0.8240985048372911	0.07083623365948308	0.9989512180634946	1	0.75	0.999213310382824	0.00034413002581994926	2.090616841321379e-13	0.9988695102398908	0
full_sample	656	21	26	1859	1164	1	pass	135.2400541030563	0.1535886498888551	3.8439254263873313	134.98724655472546	0.25280754833084984	0.8229305002213368	0.20804304220763606	0.9969244589752166	1	0.75	0.9976924563162541	0.00034413002581994926	2.090616841321379e-13	0.9973491794548267	0
full_sample	657	21	27	1847	1147	1	pass	135.3215205992451	0.1445968365333547	3.856531139641886	134.98724655472546	0.3342740445196455	0.8219848687138407	0.2747682065989253	0.995941052437384	1	0.75	0.9969542421734588	0.00034413002581994926	2.090616841321379e-13	0.9966112193099765	0
full_sample	658	21	28	1738	1072	1	pass	135.10216089873649	0.16979855606124966	3.898454399059796	134.98724655472546	0.11491434401102651	0.8129092609915809	0.09341493446733587	0.998617270732498	1	0.75	0.9989627737016274	0.00034413002581994926	2.090616841321379e-13	0.9986190597610556	0
full_sample	659	21	29	1785	933	0	mu_error	139.8223985046898	0.7581435672376576	5.798546778251251	134.98724655472546	nan	0.816933638443936	nan	1.0	0	0.75	1.0	0.00034413002581994926	2.090616841321379e-13	1.0	0
full_sample	663	22	3	1771	921	1	pass	135.51915265245555	0.19574571942100427	4.164780957883467	134.98724655472546	0.5319060977300865	0.8157531091662829	0.43390405300782275	0.9936015471833394	1	0.75	0.9951973119743426	0.00034413002581994926	2.090616841321379e-13	0.9948548936192745	0
full_sample	664	22	4	2167	1162	1	pass	134.91109759456978	0.18255914377712906	4.1533414751706	134.98724655472546	-0.07614896015567751	0.8441760810284379	-0.06428313075861052	1.0009531886649043	1	0.75	1.0007148063541806	0.00034413002581994926	2.090616841321379e-13	1.0003704895902978	0
full_sample	665	22	5	2597	1383	1	pass	134.78119559163406	0.1686230084173097	4.103218266683546	134.98724655472546	-0.2060509630913998	0.8665331998665332	-0.17855000038317162	1.0026509026166648	1	0.75	1.0019875188811578	0.00034413002581994926	2.090616841321379e-13	1.0016427642140322	0
full_sample	666	22	6	2402	1316	1	pass	134.97272960726767	0.1701580204604199	4.342902298193047	134.98724655472546	-0.01451694745779264	0.8572448251249107	-0.012444578084802968	1.0001844215863336	1	0.75	1.0001383130014339	0.00034413002581994926	2.090616841321379e-13	0.9997941945920914	0
full_sample	667	22	7	2552	1343	1	pass	134.7127696043238	0.16350135025043044	4.228046347886345	134.98724655472546	-0.2744769504016631	0.8644986449864499	-0.23728495170225075	1.003525235213756	1	0.75	1.0026427630604138	0.00034413002581994926	2.090616841321379e-13	1.002297782942886	0
full_sample	668	22	8	2362	1213	1	pass	134.71689080325672	0.17056574195228125	4.162602464451487	134.98724655472546	-0.2703557514687418	0.8551774076755974	-0.2312021306912267	1.0034346328377228	1	0.75	1.002574870267069	0.00034413002581994926	2.090616841321379e-13	1.0022299135094703	0
full_sample	669	22	9	2437	1329	1	pass	134.6442135344485	0.15053412173331218	3.952327619870731	134.98724655472546	-0.34303302027694826	0.8590059922453296	-0.2946674199559122	1.0043805395757235	1	0.75	1.003283608976615	0.00034413002581994926	2.090616841321379e-13	1.0029384083627075	0
full_sample	670	22	10	2470	1265	1	pass	134.9020245931247	0.15688246194909283	4.253478653108724	134.98724655472546	-0.08522196160075168	0.8606271777003485	-0.07334433629054239	1.0010876575793592	1	0.75	1.000815632328593	0.00034413002581994926	2.090616841321379e-13	1.0004712808734344	0
full_sample	671	22	11	2197	1162	1	pass	134.82729567194195	0.1564234762095885	3.9439811867733883	134.98724655472546	-0.15995088278350522	0.8459761262995764	-0.13531462821538737	1.0020080277736667	1	0.75	1.0015056431297145	0.00034413002581994926	2.090616841321379e-13	1.0011610542619733	0
full_sample	672	22	12	2442	1319	1	pass	134.69807451576725	0.1428581476406909	3.9660093363485287	134.98724655472546	-0.2891720389582133	0.8592540464461647	-0.24847224459393275	1.0036918996962108	1	0.75	1.002767648909686	0.00034413002581994926	2.090616841321379e-13	1.0024226258225817	0
full_sample	673	22	13	2342	1340	1	pass	134.7787729622262	0.1384043742033425	4.032413099948663	134.98724655472546	-0.2084735924992458	0.8541210795040116	-0.17806168987353524	1.0026436383823107	1	0.75	1.001982074305137	0.00034413002581994926	2.090616841321379e-13	1.0016373215113312	0
full_sample	674	22	14	2383	1311	1	pass	134.80916440936164	0.13840574963410973	3.8464782309706527	134.98724655472546	-0.17808214536381684	0.8562702120014373	-0.15248643636434622	1.0022632845656039	1	0.75	1.0016969836461553	0.00034413002581994926	2.090616841321379e-13	1.0013523289437263	0
full_sample	675	22	15	2257	1249	1	pass	134.7098475869291	0.1334920678637694	3.565399218749159	134.98724655472546	-0.2773989677963584	0.8494542717350395	-0.2356377381695073	1.003500699093247	1	0.75	1.0026243770961254	0.00034413002581994926	2.090616841321379e-13	1.0022794033046716	0
full_sample	676	22	16	2271	1254	1	pass	134.7980891217504	0.14827738561888662	4.066784866577152	134.98724655472546	-0.18915743297506538	0.8502433545488581	-0.16082985035057037	1.0023873435871558	1	0.75	1.0017899739015246	0.00034413002581994926	2.090616841321379e-13	1.001445287203862	0
full_sample	677	22	17	2235	1278	1	pass	134.70711126056904	0.14674236800884263	3.8573733436121516	134.98724655472546	-0.28013529415642324	0.8481973434535104	-0.2376100123110459	1.003530077270497	1	0.75	1.0026463914073036	0.00034413002581994926	2.090616841321379e-13	1.0023014100413676	0
full_sample	678	22	18	2261	1344	1	pass	134.90114439385547	0.13587156548611087	3.8262309738667724	134.98724655472546	-0.08610216086998435	0.8496805712138293	-0.07315933323075333	1.0010849118502378	1	0.75	1.0008135735906185	0.00034413002581994926	2.090616841321379e-13	1.0004692228438112	0
full_sample	679	22	19	2206	1284	1	pass	134.85102094533258	0.12628520696449466	3.450543112923954	134.98724655472546	-0.13622560939288064	0.8465080583269379	-0.11531607610157127	1.001710874678118	1	0.75	1.0012828817891306	0.00034413002581994926	2.090616841321379e-13	1.0009383695670668	0
full_sample	680	22	20	2066	1243	1	pass	135.21355939679594	0.1384595495591689	3.7405277481193515	134.98724655472546	0.22631284207048452	0.83779399837794	0.1896035408425065	0.9971964802843812	1	0.75	0.9978966225021761	0.00034413002581994926	2.090616841321379e-13	0.9975532753931216	0
full_sample	681	22	21	2004	1164	1	pass	135.00268833282746	0.13972227481865104	3.7551993366039573	134.98724655472546	0.015441778102001535	0.8336106489184693	0.012872430664064509	0.9998092915442562	1	0.75	0.9998569652482604	0.00034413002581994926	2.090616841321379e-13	0.9995129436424699	0
full_sample	682	22	22	1982	1201	1	pass	134.94258705609963	0.13835044247845546	3.6184900753243134	134.98724655472546	-0.044659498625833294	0.8320738874895046	-0.0371600026349293	1.0005508414626394	1	0.75	1.000413102657289	0.00034413002581994926	2.090616841321379e-13	1.0000688897008445	0
full_sample	683	22	23	1992	1219	1	pass	134.46243104734796	0.14108729513863819	3.926297692649768	134.98724655472546	-0.5248155073774967	0.8327759197324415	-0.43705371684614275	1.0065075825909824	1	0.75	1.0048767274849495	0.00034413002581994926	2.090616841321379e-13	1.0045309787254508	0
full_sample	684	22	24	1959	1194	1	pass	134.6599199939239	0.14119377275442271	3.6571724389274944	134.98724655472546	-0.3273265608015663	0.8304366256888512	-0.2718239646503893	1.0040399194842784	1	0.75	1.0030284120939597	0.00034413002581994926	2.090616841321379e-13	1.0026832992858532	0
full_sample	685	22	25	1825	1127	1	pass	134.7310062272693	0.16212743837541477	4.0816990254332115	134.98724655472546	-0.25624032745616887	0.8202247191011236	-0.21017465061011603	1.0031215273202831	1	0.75	1.0023402331825524	0.00034413002581994926	2.090616841321379e-13	1.001995357156728	0
full_sample	686	22	26	1741	1091	1	pass	134.91535086987747	0.15875561571329222	3.9632427567043473	134.98724655472546	-0.0718956848479877	0.8131714152265297	-0.05846351579651872	1.0008668394657174	1	0.75	1.0006500591799699	0.00034413002581994926	2.090616841321379e-13	1.0003057646937001	0
full_sample	687	22	27	1728	1052	1	pass	135.4436752901059	0.1530645220542174	3.803737199966308	134.98724655472546	0.4564287353804275	0.8120300751879699	0.37063386030891854	0.9945307136430246	1	0.75	0.9958952244692918	0.00034413002581994926	2.090616841321379e-13	0.9955525659828994	0
full_sample	688	22	28	1638	1010	1	pass	134.76099382630775	0.1634306552493258	3.8495465198966556	134.98724655472546	-0.22625272841770538	0.803729146221786	-0.18184591224151198	1.0026999355248607	1	0.75	1.0020242690064323	0.00034413002581994926	2.090616841321379e-13	1.0016795016946611	0
full_sample	689	22	29	1653	911	1	pass	140.2467941779213	0.4228565008206507	4.111562233795631	134.98724655472546	5.259547623195829	0.8051631758402338	4.234794067775307	0.940085606792459	1	0.75	0.99	0.00034413002581994926	2.090616841321379e-13	0.99	1
full_sample	693	23	3	1719	909	1	pass	135.07525361744	0.21255460539681997	4.3971934134848345	134.98724655472546	0.08800706271455283	0.8112317130722039	0.07139412024837957	0.9989429646963855	1	0.75	0.9992071187270363	0.00034413002581994926	2.090616841321379e-13	0.9988633207144714	0
full_sample	694	23	4	2097	1118	1	pass	134.91654098118389	0.165887088113776	3.9239483290160027	134.98724655472546	-0.07070557354157359	0.8398077693231878	-0.05937908999466552	1.0008804236613769	1	0.75	1.0006602451027569	0.00034413002581994926	2.090616841321379e-13	1.0003159471118084	0
full_sample	695	23	5	2390	1312	1	pass	134.70765767076142	0.17202764560531056	4.2405816909652225	134.98724655472546	-0.27958888396403836	0.8566308243727598	-0.23950445615557409	1.003558297334693	1	0.75	1.0026675377436576	0.00034413002581994926	2.090616841321379e-13	1.0023225491018846	0
full_sample	696	23	6	2659	1406	1	pass	134.8396066387022	0.1592322761257605	4.203681637388263	134.98724655472546	-0.14763991602325177	0.8692383131742399	-0.1283342715612378	1.001904293515963	1	0.75	1.0014278804376406	0.00034413002581994926	2.090616841321379e-13	1.0010833183257732	0
full_sample	697	23	7	2513	1333	1	pass	134.98117499735417	0.1633750567612454	4.32392818406251	134.98724655472546	-0.0060715573712855075	0.8626845176793684	-0.005237838542410052	1.0000776155784608	1	0.75	1.0000582111190972	0.00034413002581994926	2.090616841321379e-13	0.999714120270475	0
full_sample	698	23	8	2373	1282	1	pass	135.10254335330742	0.15399272570368683	3.9485722438674595	134.98724655472546	0.11529679858196573	0.855751893256401	0.09866545367291911	0.9985396376109069	1	0.75	0.9989045281497054	0.00034413002581994926	2.090616841321379e-13	0.9985608342497284	0
full_sample	699	23	9	2520	1377	1	pass	135.21665479806953	0.16207442041057674	4.350781487754781	134.98724655472546	0.22940824334406784	0.863013698630137	0.1979824565846065	0.9970728599087815	1	0.75	0.9978038406862964	0.00034413002581994926	2.090616841321379e-13	0.9974605255007573	0
full_sample	700	23	10	2376	1330	1	pass	134.7097030492781	0.14018126171076553	3.6889651372538417	134.98724655472546	-0.27754350544736894	0.8559077809798271	-0.2375516458728201	1.003529207849727	1	0.75	1.00264573991585	0.00034413002581994926	2.090616841321379e-13	1.002300758774073	0
full_sample	701	23	11	2265	1239	1	pass	135.0926905489653	0.14912945702730424	3.728444155536923	134.98724655472546	0.10544399423983464	0.849906191369606	0.08961750354717653	0.9986734244248213	1	0.75	0.9990049032458476	0.00034413002581994926	2.090616841321379e-13	0.9986611748097288	0
full_sample	702	23	12	2321	1259	1	pass	134.74652080171754	0.13909393376726	3.8910975169458473	134.98724655472546	-0.2407257530079221	0.8529952223447262	-0.20533791721109415	1.0030495276334492	1	0.75	1.0022862749917198	0.00034413002581994926	2.090616841321379e-13	1.0019414175313341	0
full_sample	703	23	13	2281	1264	1	pass	134.721193008007	0.14694347503896732	3.831337463012015	134.98724655472546	-0.26605354671846726	0.8508019395747856	-0.22635887357882276	1.0033625022865127	1	0.75	1.0025208182201273	0.00034413002581994926	2.090616841321379e-13	1.0021758800602607	0
full_sample	704	23	14	2286	1289	1	pass	134.83144635945183	0.1524778954851363	3.8696309548269543	134.98724655472546	-0.15580019527362765	0.8510796723752793	-0.13259837914948355	1.0019676600016594	1	0.75	1.0014753823279485	0.00034413002581994926	2.090616841321379e-13	1.0011308038720665	0
full_sample	705	23	15	2126	1174	1	pass	134.74712800953827	0.14342093337816972	3.966748209415278	134.98724655472546	-0.24011854518718678	0.8416468725257323	-0.2020950225922245	1.0030012581958059	1	0.75	1.0022501002432067	0.00034413002581994926	2.090616841321379e-13	1.0019052552294965	0
full_sample	706	23	16	2146	1223	1	pass	134.5188033867801	0.15016648531213436	3.9949921515373483	134.98724655472546	-0.46844316794536667	0.842890809112333	-0.3948464408526146	1.0058763635638674	1	0.75	1.0044040432313133	0.00034413002581994926	2.090616841321379e-13	1.0040584571086733	0
full_sample	707	23	17	2287	1276	1	pass	134.58692896410557	0.1296164058713566	3.6374316795847057	134.98724655472546	-0.4003175906198919	0.851135094901377	-0.3407243504829523	1.0050678243980598	1	0.75	1.0037984656016863	0.00034413002581994926	2.090616841321379e-13	1.0034530878406376	0
full_sample	708	23	18	2164	1236	1	pass	134.5618773749374	0.13460934635742303	3.7455302672615836	134.98724655472546	-0.4253691797880492	0.84399375975039	-0.3590089333312553	1.0053408718328356	1	0.75	1.004002985597406	0.00034413002581994926	2.090616841321379e-13	1.0036575374669952	0
full_sample	709	23	19	2169	1270	1	pass	134.68157811380303	0.12970179290792067	3.6385974921140143	134.98724655472546	-0.30566844092243173	0.8442973919813157	-0.258075067481804	1.003834992400987	1	0.75	1.002874867702318	0.00034413002581994926	2.090616841321379e-13	1.002529807724356	0
full_sample	710	23	20	2034	1196	1	pass	134.8385127505669	0.15546290568306004	3.976548122908373	134.98724655472546	-0.14873380415855308	0.8356614626129828	-0.12429110832312941	1.0018442159108538	1	0.75	1.0013828433217475	0.00034413002581994926	2.090616841321379e-13	1.001038296705837	0
full_sample	711	23	21	2083	1214	1	pass	134.71232098081217	0.1367262101664181	3.7956842163835365	134.98724655472546	-0.2749255739132934	0.8389045509464358	-0.23063631512742255	1.0034262057542696	1	0.75	1.002568555363218	0.00034413002581994926	2.090616841321379e-13	1.0022236007783938	0
full_sample	712	23	22	2026	1199	1	pass	135.25501564254685	0.14876098394267745	3.8547559526445996	134.98724655472546	0.2677690878213923	0.8351195383347073	0.22361919700170685	0.9966947647440466	1	0.75	0.9975200479655421	0.00034413002581994926	2.090616841321379e-13	0.9971768304247972	0
full_sample	713	23	23	1907	1162	1	pass	135.0698528875851	0.1483933865928934	3.787762654535279	134.98724655472546	0.08260633285965469	0.8266146510619853	0.06828360501229366	0.9989889829240063	1	0.75	0.9992416413255332	0.00034413002581994926	2.090616841321379e-13	0.9988978314347493	0
full_sample	714	23	24	1999	1221	1	pass	134.96007240020018	0.1787713234840138	4.122333641159844	134.98724655472546	-0.02717415452528371	0.8332638599416423	-0.022643240890388553	1.0003355980221929	1	0.75	1.0002516879594303	0.00034413002581994926	2.090616841321379e-13	0.9999075305410731	0
full_sample	715	23	25	1498	905	1	pass	134.7400555496355	0.20282384467435774	4.293962210618428	134.98724655472546	-0.2471910050899453	0.7892518440463646	-0.19509595659891363	1.0028970912364779	1	0.75	1.0021720325189918	0.00034413002581994926	2.090616841321379e-13	1.0018272143661078	0
full_sample	716	23	26	1773	1062	1	pass	135.15801494140837	0.1898587583312863	4.352699927338906	134.98724655472546	0.1707683866829086	0.8159226875287621	0.13933380100726966	0.9979386301019921	1	0.75	0.998453573867139	0.00034413002581994926	2.090616841321379e-13	0.9981100351273715	0
full_sample	717	23	27	1729	1033	1	pass	135.45725413391884	0.156373259181386	3.5715612765530467	134.98724655472546	0.47000757919337843	0.8121183654297792	0.381701786954134	0.9943680794666863	1	0.75	0.9957730789877659	0.00034413002581994926	2.090616841321379e-13	0.9954304625280694	0
full_sample	718	23	28	1649	1063	1	pass	134.9162349208492	0.16154203357518915	4.100853225212325	134.98724655472546	-0.0710116338762532	0.8047828208882382	-0.05714894302681382	1.0008473358897214	1	0.75	1.0006354346305963	0.00034413002581994926	2.090616841321379e-13	1.0002911451762073	0
full_sample	719	23	29	1674	932	1	pass	138.72971102536204	0.4382313794827212	5.203388741634503	134.98724655472546	3.742464470636577	0.8071359691417551	3.020677687485839	0.9567003447369484	1	0.75	0.99	0.00034413002581994926	2.090616841321379e-13	0.99	1
full_sample	723	24	3	1849	931	1	pass	135.23484986790274	0.24484397759641455	4.76293862841164	134.98724655472546	0.24760331317727946	0.8221431747443309	0.20356537397278335	0.9969905037370431	1	0.75	0.9977420276361394	0.00034413002581994926	2.090616841321379e-13	0.9973987337186672	0
full_sample	724	24	4	2243	1210	1	pass	134.86727281218154	0.16123547647283754	3.9110097823822336	134.98724655472546	-0.11997374254391957	0.8486568293605751	-0.10181653595384471	1.0015103633729598	1	0.75	1.0011325588019258	0.00034413002581994926	2.090616841321379e-13	1.0007880983016157	0
full_sample	725	24	5	2407	1255	1	pass	134.95703166072454	0.16797723872661327	4.0825689866180745	134.98724655472546	-0.030214894000920367	0.8574991093694335	-0.025909244695481056	1.0003840177729257	1	0.75	1.0002879995066263	0.00034413002581994926	2.090616841321379e-13	0.9999438295945253	0
full_sample	726	24	6	2285	1241	1	pass	135.06124786131352	0.16806093987297596	4.114533984610811	134.98724655472546	0.07400130658805892	0.851024208566108	0.06297690337196077	0.9990674997671457	1	0.75	0.9993005432727292	0.00034413002581994926	2.090616841321379e-13	0.9989567131155043	0
full_sample	727	24	7	2361	1244	1	pass	135.02005303260486	0.15205680580664507	3.552781585426256	134.98724655472546	0.03280647787940438	0.8551249547265484	0.028053637911363182	0.9995844480554303	1	0.75	0.9996883198496985	0.00034413002581994926	2.090616841321379e-13	0.9993443562698687	0
full_sample	728	24	8	2346	1279	1	pass	134.8663042062329	0.16156738843831134	4.1491536439084955	134.98724655472546	-0.12094234849254804	0.8543335761107065	-0.10332510909086587	1.0015327675161287	1	0.75	1.001149355523617	0.00034413002581994926	2.090616841321379e-13	1.0008048892440449	0
full_sample	729	24	9	2298	1271	1	pass	134.90222011711265	0.15353515740961157	4.015170017595819	134.98724655472546	-0.08502643761281092	0.8517420311341735	-0.07242059067243865	1.001073947890378	1	0.75	1.0008053528382574	0.00034413002581994926	2.090616841321379e-13	1.0004610049199716	0
full_sample	730	24	10	2375	1237	1	pass	134.78950809740462	0.16693637031622896	4.327130514947033	134.98724655472546	-0.19773845732083828	0.8558558558558559	-0.16923561662594266	1.0025123530250002	1	0.75	1.0018836736450336	0.00034413002581994926	2.090616841321379e-13	1.0015389547080236	0
full_sample	731	24	11	2300	1251	1	pass	135.04945226302704	0.1598817663576503	4.31684527236051	134.98724655472546	0.062205708301576124	0.8518518518518519	0.052990047812453735	0.9992152882893927	1	0.75	0.9994114084694921	0.00034413002581994926	2.090616841321379e-13	0.9990675401667879	0
full_sample	732	24	12	2287	1273	1	pass	134.49163918855763	0.1515144717856998	4.0113125298592465	134.98724655472546	-0.49560736616783174	0.851135094901377	-0.42182882263707894	1.006279822484424	1	0.75	1.0047061793622185	0.00034413002581994926	2.090616841321379e-13	1.0043604892833524	0
full_sample	733	24	13	2262	1213	1	pass	134.87666975766405	0.14386453573699043	3.6432472890281344	134.98724655472546	-0.11057679706141244	0.8497370398196844	-0.09396120020770658	1.0013937142453724	1	0.75	1.001045103686003	0.00034413002581994926	2.090616841321379e-13	1.0007006732764463	0
full_sample	734	24	14	2220	1199	1	pass	134.6714721773766	0.15736734026121987	4.165346471756102	134.98724655472546	-0.31577437734887326	0.8473282442748091	-0.26756454874599184	1.0039764262527322	1	0.75	1.0029808397683404	0.00034413002581994926	2.090616841321379e-13	1.002635743328483	0
full_sample	735	24	15	2223	1152	1	pass	134.53393784387677	0.14639066829366795	3.8029172297158276	134.98724655472546	-0.4533087108486882	0.8475028593213877	-0.38418042859955537	1.0057169450090029	1	0.75	1.0042846519577808	0.00034413002581994926	2.090616841321379e-13	1.0039391069141943	0
full_sample	736	24	16	2153	1223	1	pass	134.67785933330768	0.14649579071198465	3.834191423436723	134.98724655472546	-0.3093872214177793	0.8433215824520173	-0.2609129211564743	1.003877285424001	1	0.75	1.0029065569641074	0.00034413002581994926	2.090616841321379e-13	1.0025614860827952	0
full_sample	737	24	17	2114	1206	1	pass	134.7459053699885	0.15067321457657645	3.938591107352498	134.98724655472546	-0.2413411847369673	0.8408910103420844	-0.20294163267062407	1.003013859376944	1	0.75	1.0022595440363637	0.00034413002581994926	2.090616841321379e-13	1.00191469577332	0
full_sample	738	24	18	2077	1178	1	pass	134.89672954909815	0.14353726445167098	3.724657869805207	134.98724655472546	-0.09051700562730502	0.838514331853048	-0.07589980649491826	1.0011255858318908	1	0.75	1.0008440706536383	0.00034413002581994926	2.090616841321379e-13	1.0004997094136818	0
full_sample	739	24	19	2005	1192	1	pass	134.77310299211035	0.1457581593746113	4.114184502265909	134.98724655472546	-0.21414356261510648	0.8336798336798337	-0.17852716966456902	1.0026505629791875	1	0.75	1.0019872643215748	0.00034413002581994926	2.090616841321379e-13	1.0016425097420356	0
full_sample	740	24	20	2138	1220	1	pass	134.561697898334	0.14572314237465375	4.001073183867871	134.98724655472546	-0.4255486563914701	0.8423955870764381	-0.3584803102304819	1.005332976233539	1	0.75	1.0039970717725994	0.00034413002581994926	2.090616841321379e-13	1.0036516256769628	0
full_sample	741	24	21	2016	1145	1	pass	135.25694587729456	0.1509047167170173	3.7553269264044946	134.98724655472546	0.269699322569096	0.8344370860927153	0.22504711684573575	0.9966737118538213	1	0.75	0.9975042451819871	0.00034413002581994926	2.090616841321379e-13	0.9971610330785189	0
full_sample	742	24	22	1917	1160	1	pass	134.7860146044299	0.14338349174389478	3.6499402553887688	134.98724655472546	-0.20123195029555063	0.8273629693569271	-0.16649186392601234	1.0024715457291409	1	0.75	1.0018530872103195	0.00034413002581994926	2.090616841321379e-13	1.0015083787972092	0
full_sample	743	24	23	1945	1115	1	pass	134.89867728950304	0.14660035380986147	3.6032438957968864	134.98724655472546	-0.08856926522241793	0.8294243070362474	-0.0734615014318136	1.001089396495578	1	0.75	1.0008169361610877	0.00034413002581994926	2.090616841321379e-13	1.000472584257318	0
full_sample	744	24	24	1830	1075	1	pass	135.2689113420946	0.2085635330039768	4.325476527119119	134.98724655472546	0.28166478736915224	0.820627802690583	0.23114195555405767	0.996583858587768	1	0.75	0.9974367983159674	0.00034413002581994926	2.090616841321379e-13	0.9970936094189978	0
full_sample	745	24	25	893	427	1	pass	134.54905610751106	0.37315371177501977	4.1228741257520145	134.98724655472546	-0.4381904472143958	0.6906419180201083	-0.3026326909222394	1.0044993509524889	1	0.75	1.0033726188735126	0.00034413002581994926	2.090616841321379e-13	1.003027387633897	0
full_sample	746	24	26	1622	967	1	pass	135.2529170052119	0.2011195453515178	4.308209343715126	134.98724655472546	0.26567045048645355	0.8021760633036598	0.21311447610733317	0.9968496642072077	1	0.75	0.9976363164992007	0.00034413002581994926	2.090616841321379e-13	0.997293058953846	0
full_sample	747	24	27	1645	1025	1	pass	134.77341260584396	0.1544532233507934	3.66193082382931	134.98724655472546	-0.21383394888150065	0.80440097799511	-0.1720082376088355	1.00255359220438	1	0.75	1.0019145834746959	0.00034413002581994926	2.090616841321379e-13	1.0015698539025153	0
full_sample	748	24	28	1637	1041	1	pass	135.30206338394242	0.17129416047203455	3.95460039694635	134.98724655472546	0.31481682921696574	0.803632793323515	0.2529971278488822	0.9962617582137931	1	0.75	0.9971950065105808	0.00034413002581994926	2.090616841321379e-13	0.9968519008071157	0
full_sample	749	24	29	1671	922	1	pass	139.34765432151627	0.4613269440207324	5.338246035480464	134.98724655472546	4.360407766790814	0.8068565910188314	3.5182237461648724	0.9498387531237338	1	0.75	0.99	0.00034413002581994926	2.090616841321379e-13	0.99	1
full_sample	753	25	3	1660	902	1	pass	134.5684806861816	0.19709090463503534	4.178419141273669	134.98724655472546	-0.4187658685438578	0.8058252427184466	-0.3374521076615553	1.005018971058457	1	0.75	1.0037618716494403	0.00034413002581994926	2.090616841321379e-13	1.0034165064793028	0
full_sample	754	25	4	2145	1124	1	pass	134.87595461124087	0.18752729288499442	4.48569928511682	134.98724655472546	-0.11129194348458782	0.8428290766208252	-0.0938000859624522	1.001391321965612	1	0.75	1.0010433101002574	0.00034413002581994926	2.090616841321379e-13	1.0006988803078212	0
full_sample	755	25	5	2337	1228	1	pass	134.83310103395996	0.18532523945093507	4.552925613607177	134.98724655472546	-0.15414552076549626	0.8538545853123858	-0.13161785971098455	1.0019530885258825	1	0.75	1.001464459070603	0.00034413002581994926	2.090616841321379e-13	1.0011198843730953	0
full_sample	756	25	6	2412	1311	1	pass	134.99461056481388	0.16924526644198254	4.43015314388141	134.98724655472546	0.007364010088423356	0.8577524893314367	0.006316497984806947	0.9999064125985856	1	0.75	0.9999298086277882	0.00034413002581994926	2.090616841321379e-13	0.9995857619587166	0
full_sample	757	25	7	2258	1195	1	pass	135.20735621791113	0.1626090637535501	3.9744495170393095	134.98724655472546	0.22010966318566716	0.8495109104589917	0.1869855603736781	0.9972351100111806	1	0.75	0.9979256149986426	0.00034413002581994926	2.090616841321379e-13	0.997582257914116	0
full_sample	758	25	8	2305	1245	1	pass	134.96341033701063	0.16260445943547303	4.048064247792896	134.98724655472546	-0.023836217714830354	0.8521256931608133	-0.020311453542581872	1.0003010305371949	1	0.75	1.0002257644083943	0.00034413002581994926	2.090616841321379e-13	0.9998816159095746	0
full_sample	759	25	9	2302	1217	1	pass	135.060528456395	0.174141522703941	4.232614770080174	134.98724655472546	0.07328190166953163	0.8519615099925981	0.06243335960150327	0.9990755424492523	1	0.75	0.9993065766852711	0.00034413002581994926	2.090616841321379e-13	0.998962744452125	0
full_sample	760	25	10	2150	1049	1	pass	135.00128830755673	0.19578924753897683	4.421637871535259	134.98724655472546	0.01404175283127529	0.8431372549019608	0.011839124936173282	0.9998245982272369	1	0.75	0.9998684457859248	0.00034413002581994926	2.090616841321379e-13	0.9995244202300164	0
full_sample	761	25	11	2204	1185	1	pass	135.16252505148353	0.1629544281144023	4.385688481551223	134.98724655472546	0.17527849675806806	0.8463901689708141	0.1483539964880115	0.9978054008085644	1	0.75	0.9983535986681301	0.00034413002581994926	2.090616841321379e-13	0.9980100943269117	0
full_sample	762	25	12	2326	1252	1	pass	134.59235675607772	0.14336576747453422	3.8601443542104494	134.98724655472546	-0.3948897986477391	0.8532648569332355	-0.33694558754755727	1.0050114092243378	1	0.75	1.0037562073624027	0.00034413002581994926	2.090616841321379e-13	1.003410844141181	0
full_sample	763	25	13	2222	1207	1	pass	134.85072046981787	0.15549647332119415	4.032919713525137	134.98724655472546	-0.13652608490758666	0.84744469870328	-0.1156983068896482	1.001716552903235	1	0.75	1.0012871386353852	0.00034413002581994926	2.090616841321379e-13	1.000942624948665	0
full_sample	764	25	14	2097	1138	1	pass	134.92409971640157	0.15159908065740457	3.938341532482577	134.98724655472546	-0.06314683832388823	0.8398077693231878	-0.05303120543259656	1.0007862470251156	1	0.75	1.0005896273330284	0.00034413002581994926	2.090616841321379e-13	1.0002453536395937	0
full_sample	765	25	15	2117	1164	1	pass	134.59747423492493	0.14830160887793387	3.9514269106035944	134.98724655472546	-0.38977231980052807	0.8410806515693285	-0.3278299567015168	1.0048753366424312	1	0.75	1.0036542786610005	0.00034413002581994926	2.090616841321379e-13	1.0033089505104706	0
full_sample	766	25	16	2200	1221	1	pass	134.61419437391064	0.14970736541368024	3.8581357093141766	134.98724655472546	-0.37305218081482394	0.8461538461538461	-0.31565953761254334	1.0046937071174136	1	0.75	1.0035182189711358	0.00034413002581994926	2.090616841321379e-13	1.0031729376347749	0
full_sample	767	25	17	2074	1172	1	pass	134.69471487402734	0.13966722692704528	3.9356337684502916	134.98724655472546	-0.29253168069811863	0.8383185125303153	-0.24523472343083996	1.0036436639388089	1	0.75	1.0027315051879684	0.00034413002581994926	2.090616841321379e-13	1.0023864945368641	0
full_sample	768	25	18	2058	1161	1	pass	134.60845289551554	0.14829148085673433	3.631481852061913	134.98724655472546	-0.3787936592099186	0.8372660699755899	-0.3171510783783615	1.0047159640022083	1	0.75	1.0035348920582041	0.00034413002581994926	2.090616841321379e-13	1.003189604985121	0
full_sample	769	25	19	2078	1139	1	pass	134.85090574699413	0.14581732612329787	3.675407296539392	134.98724655472546	-0.1363408077313295	0.8385794995964487	-0.11433260632191393	1.0016962649759356	1	0.75	1.001271929174153	0.00034413002581994926	2.090616841321379e-13	1.0009274207205645	0
full_sample	770	25	20	2007	1094	1	pass	135.3355741964471	0.1528521734145666	3.9019672220275927	134.98724655472546	0.348327641721653	0.8338180307436643	0.29044186827393337	0.9957102624606806	1	0.75	0.9967809685812259	0.00034413002581994926	2.090616841321379e-13	0.9964380053361307	0
full_sample	771	25	21	1572	806	1	pass	134.696030209639	0.18680468538223585	3.898835426164359	134.98724655472546	-0.2912163450864682	0.7971602434077079	-0.23214609253343205	1.0034486921521497	1	0.75	1.002585405699714	0.00034413002581994926	2.090616841321379e-13	1.0022404453171807	0
full_sample	772	25	22	1986	1062	1	pass	134.75845580850697	0.1756895847705963	3.555646753393913	134.98724655472546	-0.22879074621849327	0.8323554065381391	-0.1904352145808582	1.0028277345067942	1	0.75	1.0021200521291989	0.00034413002581994926	2.090616841321379e-13	1.00177525186125	0
full_sample	773	25	23	1761	1062	1	pass	134.4159839579572	0.1802306044167798	3.8239231400906957	134.98724655472546	-0.5712625967682641	0.8149005090236002	-0.46552218089260206	1.0069336702796212	1	0.75	1.0051957585756086	0.00034413002581994926	2.090616841321379e-13	1.0048499000468212	0
full_sample	774	25	24	1837	1081	1	pass	134.82218925083333	0.16070935221556315	3.9982875472675685	134.98724655472546	-0.16505730389212658	0.8211890925346446	-0.13554325759939048	1.0020114256804744	1	0.75	1.0015081902810141	0.00034413002581994926	2.090616841321379e-13	1.001163600536873	0
full_sample	775	25	25	1612	919	1	pass	134.86364826238216	0.20572438098132592	4.327130775822502	134.98724655472546	-0.12359829234330277	0.8011928429423459	-0.09902606722534994	1.0014689235047989	1	0.75	1.0011014904645328	0.00034413002581994926	2.090616841321379e-13	1.000757040653931	0
full_sample	776	25	26	1667	1011	1	pass	135.28231833493737	0.1698771453744379	3.7554769493591853	134.98724655472546	0.29507178021191294	0.8064828253507499	0.23797032298657902	0.9964832056933438	1	0.75	0.9973612430824037	0.00034413002581994926	2.090616841321379e-13	0.9970180801817851	0
full_sample	777	25	27	1637	1033	1	pass	135.27592510695263	0.15548944551096	3.684759381125544	134.98724655472546	0.288678552227168	0.803632793323515	0.23199155129890722	0.9965713343726159	1	0.75	0.9974273971005713	0.00034413002581994926	2.090616841321379e-13	0.9970842114382854	0
full_sample	778	25	28	1581	977	1	pass	135.4687431080789	0.1790711944504433	4.038725979437371	134.98724655472546	0.4814965533534519	0.7980817768803634	0.3842736248620936	0.994330294113237	1	0.75	0.9957446997960636	0.00034413002581994926	2.090616841321379e-13	0.995402093100819	0
full_sample	779	25	29	1593	879	0	mu_error,window_stability	140.09196243062942	0.7432528085823615	5.924750051171509	134.98724655472546	nan	0.7992975413948821	nan	1.0	0	0.75	1.0	0.00034413002581994926	2.090616841321379e-13	1.0	0
full_sample	783	26	3	1556	840	1	pass	135.061421107548	0.20629986638823614	4.086559293873022	134.98724655472546	0.07417455282254082	0.7955010224948875	0.05900593261343227	0.9991262594717787	1	0.75	0.9993446230069049	0.00034413002581994926	2.090616841321379e-13	0.9990007776831296	0
full_sample	784	26	4	2056	1110	1	pass	135.58976792054204	0.18817826594356396	4.07233511800554	134.98724655472546	0.6025213658165853	0.8371335504885994	0.5043908502112783	0.9925679324816588	1	0.75	0.9944207549180545	0.00034413002581994926	2.090616841321379e-13	0.9940786037536095	0
full_sample	785	26	5	2163	1163	1	pass	134.729904401619	0.17945108211410288	4.3699339315287204	134.98724655472546	-0.2573421531064639	0.8439328911431916	-0.21717950728415195	1.0032258154676492	1	0.75	1.0024183873578325	0.00034413002581994926	2.090616841321379e-13	1.0020734844414367	0
full_sample	786	26	6	2365	1266	1	pass	134.71789291502915	0.18549161761055816	4.44290883669526	134.98724655472546	-0.26935363969630544	0.8553345388788427	-0.23038747120497735	1.003422499582828	1	0.75	1.0025657781091641	0.00034413002581994926	2.090616841321379e-13	1.002220824479912	0
full_sample	787	26	7	2252	1166	1	pass	134.7067281293835	0.189519505346898	4.308906646225903	134.98724655472546	-0.2805184253419668	0.8491704374057315	-0.23820795394800498	1.003538984215867	1	0.75	1.0026530657264856	0.00034413002581994926	2.090616841321379e-13	1.002308082064111	0
full_sample	788	26	8	2383	1283	1	pass	134.9697358742833	0.168952189226167	4.316827654113798	134.98724655472546	-0.017510680442171633	0.8562702120014373	-0.014993874054507726	1.0002222070020448	1	0.75	1.0001666506229667	0.00034413002581994926	2.090616841321379e-13	0.9998225224634757	0
full_sample	789	26	9	2355	1255	1	pass	134.96786368782784	0.16173748610137462	4.023101223998985	134.98724655472546	-0.01938286689761526	0.8548094373865699	-0.01656865754768927	1.0002455493589657	1	0.75	1.0001841563671943	0.00034413002581994926	2.090616841321379e-13	0.9998400221844873	0
full_sample	790	26	10	2259	1230	1	pass	134.98572797408173	0.15528735055473744	3.807167146714377	134.98724655472546	-0.001518580643733003	0.8495675065814215	-0.0012901367710390574	1.0000191167249495	1	0.75	1.0000143375094515	0.00034413002581994926	2.090616841321379e-13	0.9996702617564581	0
full_sample	791	26	11	2221	1213	1	pass	134.9561589056339	0.158750913430594	3.9544085101638213	134.98724655472546	-0.031087649091546155	0.8473864937046929	-0.026343253961207177	1.0003904523902678	1	0.75	1.0002928250025502	0.00034413002581994926	2.090616841321379e-13	0.9999486534301368	0
full_sample	792	26	12	2259	1209	1	pass	135.12583638396708	0.14439389295699848	3.6913533450972156	134.98724655472546	0.13858982924162433	0.8495675065814215	0.11774141566635177	0.9982576604513148	1	0.75	0.9986929605303791	0.00034413002581994926	2.090616841321379e-13	0.9983493394246463	0
full_sample	793	26	13	2153	1161	1	pass	134.89055831891193	0.1529999781701275	3.913415794411735	134.98724655472546	-0.09668823581353081	0.8433215824520173	-0.08153927603076061	1.0012092943861999	1	0.75	1.000906833759348	0.00034413002581994926	2.090616841321379e-13	1.0005624509244382	0
full_sample	794	26	14	2122	1168	1	pass	134.73890211589998	0.14707852549420009	3.7290151570682	134.98724655472546	-0.24834443882548385	0.8413957176843775	-0.20895594733849196	1.0031033849543134	1	0.75	1.0023266369751493	0.00034413002581994926	2.090616841321379e-13	1.001981765627383	0
full_sample	795	26	15	2097	1168	1	pass	134.50729222106028	0.1503128685227138	3.8838811684495	134.98724655472546	-0.4799543336651766	0.8398077693231878	-0.4030693783323489	1.0059992928072916	1	0.75	1.0044961038071778	0.00034413002581994926	2.090616841321379e-13	1.0041504860091803	0
full_sample	796	26	16	2116	1177	1	pass	134.92038093631416	0.13791918003671716	3.699983980811971	134.98724655472546	-0.06686561841129901	0.8410174880763116	-0.056235154434939864	1.0008337788587764	1	0.75	1.000625268992915	0.00034413002581994926	2.090616841321379e-13	1.0002809830362251	0
full_sample	797	26	17	2098	1187	1	pass	135.00804318100242	0.15806114852961167	3.7529273214708585	134.98724655472546	0.02079662627696166	0.8398718975180144	0.01746650197320479	0.9997412423752384	1	0.75	0.9998059255036731	0.00034413002581994926	2.090616841321379e-13	0.9994619214591695	0
full_sample	798	26	18	2022	1191	1	pass	134.5724863955674	0.13709829301585885	3.705328324570652	134.98724655472546	-0.41476015915804965	0.8348472336911643	-0.3462613715184048	1.0051504981279435	1	0.75	1.003860391952273	0.00034413002581994926	2.090616841321379e-13	1.0035149928841745	0
full_sample	799	26	19	2026	1179	1	pass	134.7525066277057	0.1505721097605109	3.884082442228493	134.98724655472546	-0.23473992701974566	0.8351195383347073	-0.1960358994814529	1.00291107944429	1	0.75	1.0021825160718427	0.00034413002581994926	2.090616841321379e-13	1.0018376943118739	0
full_sample	800	26	20	1895	1130	1	pass	135.30411156090926	0.1458236995968353	3.7553904723514515	134.98724655472546	0.31686500618380364	0.8257080610021786	0.2616379898554719	0.996134452719622	1	0.75	0.997099436423289	0.00034413002581994926	2.090616841321379e-13	0.9967563636027024	0
full_sample	801	26	21	1956	1084	1	pass	135.01176204396705	0.18274004934022733	4.097635522370719	134.98724655472546	0.02451548924159397	0.830220713073005	0.02035326695948973	0.9996984860450135	1	0.75	0.9997738560098144	0.00034413002581994926	2.090616841321379e-13	0.9994298629994879	0
full_sample	802	26	22	1919	1097	1	pass	135.27016753674948	0.15988155313825073	3.7046320658050718	134.98724655472546	0.2829209820240237	0.827511858559724	0.2341204676602421	0.9965399522409473	1	0.75	0.9974038401909666	0.00034413002581994926	2.090616841321379e-13	0.9970606626339259	0
full_sample	803	26	23	1918	1119	1	pass	135.1259717186673	0.17777994066908537	4.20590995595853	134.98724655472546	0.1387251639418423	0.8274374460742019	0.11478639535826296	0.9983013331680016	1	0.75	0.9987257291716358	0.00034413002581994926	2.090616841321379e-13	0.9983820967911697	0
full_sample	804	26	24	1701	1018	1	pass	133.98237414582428	0.16217168581056315	4.021613537586514	134.98724655472546	-1.0048724089011785	0.8096144693003332	-0.813559242047075	1.012164690552236	1	0.75	1.0091097146577395	0.00034413002581994926	2.090616841321379e-13	1.0087625094508736	0
full_sample	805	26	25	1697	1026	1	pass	134.80121110585696	0.1628630626741942	3.904386903745857	134.98724655472546	-0.18603544886849477	0.8092513113972342	-0.1505494309632025	1.0022344863409032	1	0.75	1.001675397103823	0.00034413002581994926	2.090616841321379e-13	1.0013307498286932	0
full_sample	806	26	26	1689	1005	1	pass	135.31622350158548	0.16485081922668415	4.273523839319948	134.98724655472546	0.3289769468600241	0.8085208233604595	0.26598471194187684	0.9960704218516275	1	0.75	0.9970513663646582	0.00034413002581994926	2.090616841321379e-13	0.996708310083576	0
full_sample	807	26	27	1667	1018	1	pass	135.17469136633653	0.1548462044368969	3.7913504460216756	134.98724655472546	0.18744481161107274	0.8064828253507499	0.151171021265437	0.9977637985055454	1	0.75	0.9983223796358182	0.00034413002581994926	2.090616841321379e-13	0.9979788860361577	0
full_sample	808	26	28	1587	1006	1	pass	134.89486207365684	0.1813270835827945	4.052804828654936	134.98724655472546	-0.09238448106862052	0.7986914947156517	-0.07378669927322634	1.0010942229702113	1	0.75	1.0008205550296878	0.00034413002581994926	2.090616841321379e-13	1.0004762018807714	0
full_sample	809	26	29	1576	901	1	pass	140.55380174317878	0.37995660762619765	3.892196598056477	134.98724655472546	5.5665551884533215	0.7975708502024291	4.439722154353459	0.9373239738137067	1	0.75	0.99	0.00034413002581994926	2.090616841321379e-13	0.99	1
full_sample	813	27	3	1653	893	1	pass	134.9505894824995	0.2077424898057123	4.264467906300808	134.98724655472546	-0.036657072225949605	0.8051631758402338	-0.029514924690450414	1.000437477435684	1	0.75	1.0003280901375478	0.00034413002581994926	2.090616841321379e-13	0.9999839064314305	0
full_sample	814	27	4	2013	1106	1	pass	134.53433774247944	0.20523926235631915	4.561934147076131	134.98724655472546	-0.4529088122460223	0.8342312474098632	-0.3778306834029187	1.0056220571323728	1	0.75	1.0042135865631878	0.00034413002581994926	2.090616841321379e-13	1.0038680659711297	0
full_sample	815	27	5	2173	1171	1	pass	134.9393857925627	0.18863190964136864	4.245981849271659	134.98724655472546	-0.04786076216277024	0.8445394481150408	-0.0404203016633112	1.0005991922363546	1	0.75	1.0004493605264788	0.00034413002581994926	2.090616841321379e-13	1.0001051350947592	0
full_sample	816	27	6	2290	1207	1	pass	134.77449168935667	0.18717710617204625	4.284946085581989	134.98724655472546	-0.21275486536879384	0.8513011152416357	-0.18111845416153824	1.0026891129039057	1	0.75	1.0020161574993665	0.00034413002581994926	2.090616841321379e-13	1.0016713929785281	0
full_sample	817	27	7	2314	1229	1	pass	135.1035628629601	0.14866274891796266	3.6828420502184445	134.98724655472546	0.11631630823464434	0.8526160648489315	0.09917315300477782	0.9985321313506458	1	0.75	0.9988988963919909	0.00034413002581994926	2.090616841321379e-13	0.9985552044297374	0
full_sample	818	27	8	2202	1163	1	pass	134.67760477096	0.1660659092930152	3.959614134541882	134.98724655472546	-0.30964178376547125	0.846272098385857	-0.26204120209514514	1.0038941011321056	1	0.75	1.0029191565234745	0.00034413002581994926	2.090616841321379e-13	1.0025740813070214	0
full_sample	819	27	9	2162	1174	1	pass	134.91840956455096	0.17285904114892855	4.113162556936911	134.98724655472546	-0.0688369901745034	0.843871975019516	-0.05808960685295721	1.0008612919312398	1	0.75	1.0006458994273955	0.00034413002581994926	2.090616841321379e-13	1.0003016063723753	0
full_sample	820	27	10	2151	1156	1	pass	134.95285347536714	0.14726044386421736	3.7511690965153974	134.98724655472546	-0.03439307935832403	0.8431987455899648	-0.029000201371914933	1.0004298456213045	1	0.75	1.0003223668971497	0.00034413002581994926	2.090616841321379e-13	0.9999781851602324	0
full_sample	821	27	11	2085	1114	1	pass	135.07957833709563	0.16376328502419546	4.008352100271655	134.98724655472546	0.09233178237016659	0.8390342052313883	0.07746952363855024	0.9988530918774587	1	0.75	0.9991396955305396	0.00034413002581994926	2.090616841321379e-13	0.998795920716329	0
full_sample	822	27	12	2150	1139	1	pass	134.87082185793324	0.1749664642240792	4.012061574630888	134.98724655472546	-0.11642469679222245	0.8431372549019608	-0.09816199925618756	1.001456092181128	1	0.75	1.0010918704871754	0.00034413002581994926	2.090616841321379e-13	1.0007474239865273	0
full_sample	823	27	13	2085	1115	1	pass	134.71711595659937	0.17189698096025702	4.01024982488126	134.98724655472546	-0.2701305981260873	0.8390342052313883	-0.2266488117074012	1.0033668201115897	1	0.75	1.0025240538706455	0.00034413002581994926	2.090616841321379e-13	1.0021791145974859	0
full_sample	824	27	14	2056	1085	1	pass	134.74034103705677	0.17133594038461494	4.239347596057373	134.98724655472546	-0.24690551766869362	0.8371335504885994	-0.2066928926412191	1.0030696970366424	1	0.75	1.0023013904954614	0.00034413002581994926	2.090616841321379e-13	1.0019565278342721	0
full_sample	825	27	15	2058	1119	1	pass	135.09943347650827	0.1689213335419337	4.011191812217481	134.98724655472546	0.11218692178280776	0.8372660699755899	0.09393030310375036	0.9986096501947227	1	0.75	0.9989570563154192	0.00034413002581994926	2.090616841321379e-13	0.9986133443420331	0
full_sample	826	27	16	1974	1100	1	pass	135.27147517477738	0.13812867726714698	3.6733236298148397	134.98724655472546	0.28422862005191973	0.83150800336984	0.23633837235993665	0.9965072599181138	1	0.75	0.9973792995927836	0.00034413002581994926	2.090616841321379e-13	0.9970361304794467	0
full_sample	827	27	17	2015	1078	1	pass	135.00061936362633	0.1916191421586693	4.410833037950379	134.98724655472546	0.01337280890086845	0.8343685300207039	0.011157850904865393	0.9998346903461719	1	0.75	0.9998760151975198	0.00034413002581994926	2.090616841321379e-13	0.9995319870371977	0
full_sample	828	27	18	1947	1121	1	pass	134.91140712041866	0.17565903644769437	4.135008383221529	134.98724655472546	-0.07583943430680051	0.8295696634000852	-0.06291409399034538	1.0009328744209254	1	0.75	1.0006995742610132	0.00034413002581994926	2.090616841321379e-13	1.0003552627380488	0
full_sample	829	27	19	2010	1132	1	pass	135.25043838605055	0.1536472192459241	3.86373248301744	134.98724655472546	0.26319183132508783	0.8340248962655602	0.21950853981884919	0.9967553749616639	1	0.75	0.9975655429227911	0.00034413002581994926	2.090616841321379e-13	0.997222309728559	0
full_sample	830	27	20	1730	1024	1	pass	133.63719259216637	0.18713740912938495	4.241050482320708	134.98724655472546	-1.3500539625590875	0.812206572769953	-1.0965227019846109	1.016447751874898	1	0.75	1.01	0.00034413002581994926	2.090616841321379e-13	1.0096524884719267	1
full_sample	831	27	21	1955	1130	1	pass	135.1900440295133	0.15849899501306516	3.893280103507429	134.98724655472546	0.20279747478784316	0.8301486199575372	0.16835204382600144	0.9975101225465011	1	0.75	0.9981320101038998	0.00034413002581994926	2.090616841321379e-13	0.9977885820048402	0
full_sample	832	27	22	1802	1049	1	pass	134.92909997985518	0.16532848758320728	3.9912382286333647	134.98724655472546	-0.0581465748702783	0.818346957311535	-0.04758407262317961	1.0007054444560592	1	0.75	1.0005290367008888	0.00034413002581994926	2.090616841321379e-13	1.0001847838549227	0
full_sample	833	27	23	1704	984	1	pass	135.24714115874139	0.15542533855816842	3.671033101874856	134.98724655472546	0.25989460401592623	0.8098859315589354	0.21048498348057906	0.996888443567449	1	0.75	0.997665423829552	0.00034413002581994926	2.090616841321379e-13	0.9973221562692144	0
full_sample	834	27	24	1800	1074	1	pass	135.02351252527782	0.156951058477775	3.8137170968667613	134.98724655472546	0.036265970552364024	0.8181818181818182	0.029672157724661478	0.9995604812054372	1	0.75	0.9996703427904382	0.00034413002581994926	2.090616841321379e-13	0.99932638539599	0
full_sample	835	27	25	1666	1025	1	pass	135.21071875714745	0.14591701741633045	3.526823828883493	134.98724655472546	0.22347220242198773	0.8063891577928364	0.18020556110117694	0.9973351630255721	1	0.75	0.9980007057767176	0.00034413002581994926	2.090616841321379e-13	0.9976573228556453	0
full_sample	836	27	26	1546	949	1	pass	134.77302739176451	0.17109450835535564	4.069533976936431	134.98724655472546	-0.21421916296094423	0.7944501541623844	-0.1701864470388591	1.0025264951206343	1	0.75	1.001894273546646	0.00034413002581994926	2.090616841321379e-13	1.001549550962519	0
full_sample	837	27	27	1672	1047	1	pass	134.90595670492732	0.1677309367681416	3.899113391637511	134.98724655472546	-0.08128984979813936	0.806949806949807	-0.06559682860158736	1.0009726823520932	1	0.75	1.0007294231020958	0.00034413002581994926	2.090616841321379e-13	1.0003851013090164	0
full_sample	838	27	28	1508	930	1	pass	135.1965757032248	0.17954727934380713	3.8532218939523437	134.98724655472546	0.20932914849933582	0.790356394129979	0.16544463099423398	0.9975530433848651	1	0.75	0.9981642206283515	0.00034413002581994926	2.090616841321379e-13	0.9978207814465904	0
full_sample	839	27	29	1599	852	0	mu_error	140.05984996590152	0.6782955242342111	5.7661594034087775	134.98724655472546	nan	0.7998999499749875	nan	1.0	0	0.75	1.0	0.00034413002581994926	2.090616841321379e-13	1.0	0
full_sample	843	28	3	1786	943	1	pass	135.50850872475007	0.21413117700447487	4.148666506601986	134.98724655472546	0.5212621700246132	0.8170173833485819	0.42588025419211306	0.9937193100946554	1	0.75	0.9952857746963308	0.00034413002581994926	2.090616841321379e-13	0.9949433259038215	0
full_sample	844	28	4	1911	1021	1	pass	135.29774217327136	0.19251565018276245	4.307359287375199	134.98724655472546	0.31049561854590024	0.8269147555170921	0.2567534084990114	0.9962064140742335	1	0.75	0.9971534592346821	0.00034413002581994926	2.090616841321379e-13	0.9968103678264225	0
full_sample	845	28	5	2086	1084	1	pass	134.931221562463	0.2019734959490666	4.381428778789549	134.98724655472546	-0.056024992262450724	0.8390989541432019	-0.04701051241330338	1.0006969368543235	1	0.75	1.000522657117619	0.00034413002581994926	2.090616841321379e-13	1.0001784064666814	0
full_sample	846	28	6	2219	1212	1	pass	134.98600995705328	0.1785530622185465	4.186468141797936	134.98724655472546	-0.0012365976721753213	0.8472699503627339	-0.0010477320483226569	1.0000155248279736	1	0.75	1.0000116435983848	0.00034413002581994926	2.090616841321379e-13	0.9996675687722877	0
full_sample	847	28	7	2252	1174	1	pass	135.43439681081645	0.18567089633919565	4.270144260405763	134.98724655472546	0.44715025609099257	0.8491704374057315	0.37970677855087304	0.9943973915444315	1	0.75	0.9957950940274884	0.00034413002581994926	2.090616841321379e-13	0.9954524699930594	0
full_sample	848	28	8	2134	1148	1	pass	134.9857428015668	0.16321855807599986	3.8959632302724048	134.98724655472546	-0.0015037531586585828	0.8421468034727704	-0.0012663809157764073	1.000018764715339	1	0.75	1.0000140735034937	0.00034413002581994926	2.090616841321379e-13	0.9996699978413371	0
full_sample	849	28	9	2097	1137	1	pass	135.13526239732482	0.16260319264147838	4.168003594391627	134.98724655472546	0.14801584259936362	0.8398077693231878	0.12430485459786364	0.9981606685911136	1	0.75	0.9986201840306306	0.00034413002581994926	2.090616841321379e-13	0.9982765879651677	0
full_sample	850	28	10	2102	1124	1	pass	135.05553246001963	0.1714931312354343	4.014614889089435	134.98724655472546	0.06828590529417511	0.8401278976818545	0.057368894056097554	0.9991504847558041	1	0.75	0.9993627958857544	0.00034413002581994926	2.090616841321379e-13	0.9990189443092217	0
full_sample	851	28	11	1935	1028	1	pass	135.04181578602547	0.1766317104503276	4.0066871000359825	134.98724655472546	0.05456923130000746	0.828693790149893	0.045221183111569356	0.9993302769873708	1	0.75	0.999497665679204	0.00034413002581994926	2.090616841321379e-13	0.9991537676979108	0
full_sample	852	28	12	2144	1165	1	pass	134.81216841828999	0.16416830278226804	3.975975976026587	134.98724655472546	-0.17507813643547365	0.8427672955974843	-0.1475501275619715	1.0021898969609158	1	0.75	1.0016419735383502	0.00034413002581994926	2.090616841321379e-13	1.001297337763294	0
full_sample	853	28	13	1952	1051	1	pass	135.05824648974004	0.1619888243151024	3.7828170342721066	134.98724655472546	0.07099993501458357	0.8299319727891157	0.058925116134552355	0.9991274553924869	1	0.75	0.9993455201433322	0.00034413002581994926	2.090616841321379e-13	0.9990016745108784	0
full_sample	854	28	14	2056	1098	1	pass	135.07246876174284	0.16085719448670027	3.8799006704156644	134.98724655472546	0.08522220701738092	0.8371335504885994	0.07134236874093453	0.9989437303032253	1	0.75	0.9992076930839502	0.00034413002581994926	2.090616841321379e-13	0.9988638948737657	0
full_sample	855	28	15	1943	1056	1	pass	134.90258816048512	0.15033095209916156	3.7324855279598275	134.98724655472546	-0.08465839424033561	0.8292787025181392	-0.07020540333289463	1.001041072530607	1	0.75	1.0007807028327542	0.00034413002581994926	2.090616841321379e-13	1.0004363633958155	0
full_sample	856	28	16	1958	1087	1	pass	134.68227138038554	0.13929132397339966	3.386861114508332	134.98724655472546	-0.3049751743399156	0.8303647158608991	-0.2532406239853922	1.0037629500098206	1	0.75	1.0028208871037492	0.00034413002581994926	2.090616841321379e-13	1.0024758456989358	0
full_sample	857	28	17	1953	1056	1	pass	134.6948512754728	0.1579776444344878	3.7922727019187707	134.98724655472546	-0.2923952792526734	0.8300042498937527	-0.2426893244285895	1.0036057425360014	1	0.75	1.0027030898502276	0.00034413002581994926	2.090616841321379e-13	1.002358088976012	0
full_sample	858	28	18	1985	1149	1	pass	134.50571504513204	0.15688997456699202	4.036673567330237	134.98724655472546	-0.48153150959342383	0.8322851153039832	-0.40077150798446387	1.0059649384030098	1	0.75	1.0044703763940428	0.00034413002581994926	2.090616841321379e-13	1.004124767448097	0
full_sample	859	28	19	1707	977	1	pass	134.52888849575524	0.20286648935098495	4.243827655118168	134.98724655472546	-0.4583580589702194	0.81015662078785	-0.37134181616619105	1.0055251041481499	1	0.75	1.0041409727938964	0.00034413002581994926	2.090616841321379e-13	1.0037954771861173	0
full_sample	860	28	20	2004	1064	1	pass	135.40570270248594	0.1799171777596066	4.129475436707463	134.98724655472546	0.41845614776048023	0.8336106489184693	0.34882950087853676	0.9948512277139581	1	0.75	0.9961359301392038	0.00034413002581994926	2.090616841321379e-13	0.9957931888330142	0
full_sample	861	28	21	1750	1019	1	pass	134.508935541594	0.19066334307134505	4.046384804551109	134.98724655472546	-0.47831101313144586	0.813953488372093	-0.38932291766513033	1.0057938020093389	1	0.75	1.0043422120662062	0.00034413002581994926	2.090616841321379e-13	1.003996647217866	0
full_sample	862	28	22	1767	1028	1	pass	134.9891027526416	0.16553672427769595	4.082678443945241	134.98724655472546	0.0018561979161404452	0.8154130133825566	0.0015135679362345024	0.9999775732611743	1	0.75	0.9999831798987279	0.00034413002581994926	2.090616841321379e-13	0.9996391148661592	0
full_sample	863	28	23	1765	1037	1	pass	134.7753500074488	0.15585324793852942	3.7328384592963566	134.98724655472546	-0.21189654727666607	0.815242494226328	-0.17274706971977627	1.0025645818133657	1	0.75	1.001922820416722	0.00034413002581994926	2.090616841321379e-13	1.0015780880104501	0
full_sample	864	28	24	1751	1028	1	pass	134.48261797424962	0.17263731056438247	4.056835938092518	134.98724655472546	-0.5046285804758384	0.8140399814039981	-0.4107878402664774	1.0061147008713376	1	0.75	1.0045825292817288	0.00034413002581994926	2.090616841321379e-13	1.0042368817472471	0
full_sample	865	28	25	1685	1034	1	pass	134.8716110132684	0.1657976227113324	3.980559572749926	134.98724655472546	-0.11563554145706689	0.8081534772182254	-0.09345126491854086	1.0013861425800787	1	0.75	1.001039426908584	0.00034413002581994926	2.090616841321379e-13	1.0006949984522409	0
full_sample	866	28	26	1522	941	1	pass	134.9778215861305	0.16611184414409996	3.8708805129044945	134.98724655472546	-0.00942496859497055	0.7918834547346514	-0.007463476691750873	1.0001105983670102	1	0.75	1.0000829476285606	0.00034413002581994926	2.090616841321379e-13	0.9997388482688273	0
full_sample	867	28	27	1568	959	1	pass	135.45018035429288	0.1840959318248392	3.9866586401958677	134.98724655472546	0.4629337995674234	0.7967479674796748	0.3688415638829878	0.9945570537343519	1	0.75	0.9959150065765425	0.00034413002581994926	2.090616841321379e-13	0.9955723412837042	0
full_sample	868	28	28	1487	938	1	pass	135.26344986253764	0.1937406513122914	4.069998416253164	134.98724655472546	0.2762033078121817	0.7880233174350821	0.21765464690869857	0.9967827117800433	1	0.75	0.997586062130863	0.00034413002581994926	2.090616841321379e-13	0.9972428218765701	0
full_sample	869	28	29	1579	858	0	mu_error	140.32147863298553	0.5923450190167668	5.058321508044859	134.98724655472546	nan	0.797877716018191	nan	1.0	0	0.75	1.0	0.00034413002581994926	2.090616841321379e-13	1.0	0
full_sample	873	29	3	1491	791	1	pass	134.8796350636679	0.23617722342297262	4.360912742598474	134.98724655472546	-0.10761149105755408	0.7884717080909571	-0.08484861616436443	1.0012584209296642	1	0.75	1.0009436673103609	0.00034413002581994926	2.090616841321379e-13	1.0005992718021008	0
full_sample	874	29	4	1890	1001	1	pass	134.7457680029149	0.20818475965928154	4.437324255723838	134.98724655472546	-0.24147855181055888	0.8253275109170306	-0.19929889210565777	1.0029596414950503	1	0.75	1.0022189109312551	0.00034413002581994926	2.090616841321379e-13	1.001874076648877	0
full_sample	875	29	5	2230	1164	1	pass	134.89479425837916	0.19179269546706876	4.421313350856557	134.98724655472546	-0.09245229634629482	0.8479087452471483	-0.07839111059020436	1.0011625638069586	1	0.75	1.0008717962083122	0.00034413002581994926	2.090616841321379e-13	1.0005274254288012	0
full_sample	876	29	6	2154	1151	1	pass	134.63457494892359	0.18988317241776542	4.41138789427472	134.98724655472546	-0.3526716058018735	0.8433829287392326	-0.29743721178435223	1.0044218518850645	1	0.75	1.003314559210174	0.00034413002581994926	2.090616841321379e-13	1.0029693479471944	0
full_sample	877	29	7	2122	1146	1	pass	134.81810706946746	0.18477010920900952	4.25326896923677	134.98724655472546	-0.16913948525800038	0.8413957176843775	-0.14231323858742143	1.0021120494723248	1	0.75	1.0015836192762364	0.00034413002581994926	2.090616841321379e-13	1.001239003579179	0
full_sample	878	29	8	2145	1156	1	pass	135.04971868530635	0.17113542929108896	3.954004171461219	134.98724655472546	0.06247213058088619	0.8428290766208252	0.05265332813202392	0.9992202717409598	1	0.75	0.9994151467894291	0.00034413002581994926	2.090616841321379e-13	0.9990712772004781	0
full_sample	879	29	9	2133	1183	1	pass	135.17900175215644	0.16317148764100753	3.9020689175638754	134.98724655472546	0.1917551974309788	0.8420844848006317	0.1614740766365092	0.9976116633821998	1	0.75	0.9982082122395372	0.00034413002581994926	2.090616841321379e-13	0.9978647579215464	0
full_sample	880	29	10	2045	1139	1	pass	134.84758492586633	0.16787858599340605	4.1045466923590945	134.98724655472546	-0.13966162885913036	0.83640081799591	-0.11681310062041783	1.0017331139845538	1	0.75	1.001299554096183	0.00034413002581994926	2.090616841321379e-13	1.000955036137665	0
full_sample	881	29	11	2067	1118	1	pass	135.0619869507498	0.1561400427830531	3.594002181919863	134.98724655472546	0.0747403960243389	0.8378597486826105	0.06262196942939137	0.9990727516254937	1	0.75	0.9993044830826917	0.00034413002581994926	2.090616841321379e-13	0.998960651569893	0
full_sample	882	29	12	2057	1099	1	pass	134.97535152293673	0.15459557574231894	3.683951742226866	134.98724655472546	-0.011895031788725419	0.8371998371998371	-0.009958518677007809	1.0001475755188474	1	0.75	1.0001106795975234	0.00034413002581994926	2.090616841321379e-13	0.999766570696029	0
full_sample	883	29	13	2067	1113	1	pass	135.08928438611352	0.15852610781217125	3.9190456391554447	134.98724655472546	0.10203783138805989	0.8378597486826105	0.08549339176291844	0.9987344142053892	1	0.75	0.9990506604147329	0.00034413002581994926	2.090616841321379e-13	0.9987069162349077	0
full_sample	884	29	14	1994	1081	1	pass	134.85275956716	0.16578183218458672	4.078074052735328	134.98724655472546	-0.1344869875654524	0.8329156223893066	-0.11201631295134173	1.0016618570916773	1	0.75	1.0012461340820313	0.00034413002581994926	2.090616841321379e-13	1.0009016345037813	0
full_sample	885	29	15	1979	1060	1	pass	134.77721993722704	0.1732261083092089	3.9932497260784743	134.98724655472546	-0.21002661749841423	0.8318621269440941	-0.17471318874710456	1.002593827333914	1	0.75	1.0019447404367294	0.00034413002581994926	2.090616841321379e-13	1.0016000004884185	0
full_sample	886	29	16	1863	1058	1	pass	135.02477227313312	0.16032614431158979	3.9089499507330374	134.98724655472546	0.0375257184076645	0.8232434821034026	0.030892803090357475	0.9995424066033826	1	0.75	0.9996567853183197	0.00034413002581994926	2.090616841321379e-13	0.9993128325886019	0
full_sample	887	29	17	1987	1116	1	pass	134.74590215197057	0.153549246750226	3.569539973446931	134.98724655472546	-0.24134440275489055	0.8324256388772517	-0.20090126865268854	1.0029834904318542	1	0.75	1.0022367843706028	0.00034413002581994926	2.090616841321379e-13	1.0018919439384957	0
full_sample	888	29	18	1934	1102	1	pass	135.11700518207755	0.16276558434834235	3.815934901243161	134.98724655472546	0.1297586273520892	0.8286203941730934	0.10752064494384769	0.9984087270401986	1	0.75	0.9988063077335837	0.00034413002581994926	2.090616841321379e-13	0.9984626476283859	0
full_sample	889	29	19	1878	1086	1	pass	134.96435814407275	0.16893123398102783	3.7731963885006117	134.98724655472546	-0.022888410652711855	0.8244073748902546	-0.01886937454161232	1.0002796533934457	1	0.75	1.000209732714124	0.00034413002581994926	2.090616841321379e-13	0.9998655897313423	0
full_sample	890	29	20	1774	987	1	pass	134.65096270393673	0.19723655385175437	4.421768462064604	134.98724655472546	-0.3362838507887318	0.8160073597056118	-0.2744100971937489	1.004078472758552	1	0.75	1.0030572977810135	0.00034413002581994926	2.090616841321379e-13	1.002712175034185	0
full_sample	891	29	21	1741	946	1	pass	134.88934414380074	0.19019590470324443	3.9025054038474414	134.98724655472546	-0.09790241092471774	0.8131714152265297	-0.07961144204574198	1.001180677713103	1	0.75	1.0008853776615891	0.00034413002581994926	2.090616841321379e-13	1.0005410022090964	0
full_sample	892	29	22	1811	951	1	pass	135.77353904202806	0.191137929860208	4.221500939685311	134.98724655472546	0.7862924873026031	0.8190863862505654	0.6440414719606578	0.9905248605482684	1	0.75	0.9928851952914413	0.00034413002581994926	2.090616841321379e-13	0.9925435724682559	0
full_sample	893	29	23	1704	1028	1	pass	134.61190033355746	0.17786996262537164	3.9474238864913707	134.98724655472546	-0.37534622116800165	0.8098859315589354	-0.30398762398777324	1.0045195634694588	1	0.75	1.0033877612190922	0.00034413002581994926	2.090616841321379e-13	1.0030425247694377	0
full_sample	894	29	24	1668	993	1	pass	135.50844610503708	0.16866571012869042	3.9834986529931093	134.98724655472546	0.5211995503116214	0.8065764023210832	0.42038725818171396	0.9937999412377959	1	0.75	0.9953463427674831	0.00034413002581994926	2.090616841321379e-13	0.9950038731352677	0
full_sample	895	29	25	1655	1005	1	pass	135.18677637231661	0.17100863704693753	4.028972470336529	134.98724655472546	0.19952981759115573	0.805352798053528	0.16069189689214733	0.997623211843518	1	0.75	0.9982168787522712	0.00034413002581994926	2.090616841321379e-13	0.9978734214523861	0
full_sample	896	29	26	1661	1020	1	pass	135.34531254473413	0.1756543157465356	3.963405163021695	134.98724655472546	0.3580659900086687	0.8059194565744784	0.28857234808558885	0.9957377863719602	1	0.75	0.9968016336410196	0.00034413002581994926	2.090616841321379e-13	0.9964586632856803	0
full_sample	897	29	27	1547	947	1	pass	134.8528649653379	0.16265550707786483	3.6347322576487815	134.98724655472546	-0.13438158938757283	0.7945557267591166	-0.10677366141888811	1.0015839855299309	1	0.75	1.001187754082851	0.00034413002581994926	2.090616841321379e-13	1.0008432745914553	0
full_sample	898	29	28	1448	895	1	pass	134.99792863670493	0.17893097411571615	3.847367522807515	134.98724655472546	0.010682081979467739	0.7835497835497836	0.008369943022872991	0.9998759908820806	1	0.75	0.9999069917197739	0.00034413002581994926	2.090616841321379e-13	0.9995629529013346	0
full_sample	899	29	29	1531	794	1	pass	137.92803134967863	0.4469673139575006	5.279088401467	134.98724655472546	2.9407847949531742	0.7928534438114966	2.3316113521871102	0.9663266319206963	1	0.75	0.99	0.00034413002581994926	2.090616841321379e-13	0.99	1
full_sample	903	30	3	1573	850	1	pass	136.04372617059752	0.2447272223482516	4.58681434951488	134.98724655472546	1.056479615872064	0.7972630511910795	0.8422921620713414	0.9876352932020435	1	0.75	0.9907120624803267	0.00034413002581994926	2.090616841321379e-13	0.9903711873687294	0
full_sample	904	30	4	1956	1050	1	pass	135.11141148846318	0.20784890795179742	4.023263833226465	134.98724655472546	0.12416493373771686	0.830220713073005	0.10308429982638971	0.9984743084551785	1	0.75	0.9988555129774107	0.00034413002581994926	2.090616841321379e-13	0.9985118359421241	0
full_sample	905	30	5	2039	1087	1	pass	134.8731199522979	0.19004578332253308	4.071110767795483	134.98724655472546	-0.11412660242754669	0.8359983599835998	-0.09540965245992936	1.0014152217478656	1	0.75	1.001061228654102	0.00034413002581994926	2.090616841321379e-13	1.0007167926964142	0
full_sample	906	30	6	2119	1111	1	pass	134.78090381356006	0.19635480332745897	4.322009691660758	134.98724655472546	-0.2063427411654004	0.8412068281063915	-0.1735769227985246	1.00257692551081	1	0.75	1.001932072249483	0.00034413002581994926	2.090616841321379e-13	1.0015873366599255	0
full_sample	907	30	7	2087	1124	1	pass	135.59324552894725	0.1762792722285145	4.163550481506142	134.98724655472546	0.6059989742217908	0.8391636509851227	0.5085323117011973	0.9925072524797807	1	0.75	0.9943751596148791	0.00034413002581994926	2.090616841321379e-13	0.9940330241384474	0
full_sample	908	30	8	2041	1100	1	pass	134.88373714153107	0.17470046046327478	4.1753326835881674	134.98724655472546	-0.10350941319438789	0.8361327324866857	-0.08654760849231695	1.0012836435618524	1	0.75	1.0009625782782519	0.00034413002581994926	2.090616841321379e-13	1.0006181762632798	0
full_sample	909	30	9	2231	1212	1	pass	135.00845908843087	0.15628512793375188	4.085441154277284	134.98724655472546	0.021212533705408987	0.8479665526415812	0.017987519078969005	0.9997335253060882	1	0.75	0.9998001373217554	0.00034413002581994926	2.090616841321379e-13	0.9994561352687964	0
full_sample	910	30	10	2115	1134	1	pass	135.20031420686595	0.17014444728955658	4.034491652903392	134.98724655472546	0.21306765214049506	0.8409542743538767	0.17918015279409424	0.9973502963722838	1	0.75	0.99801206333931	0.00034413002581994926	2.090616841321379e-13	0.9976686765104319	0
full_sample	911	30	11	1900	1033	1	pass	135.0253223811244	0.18815555952464505	4.281629957750311	134.98724655472546	0.038075826398937807	0.8260869565217391	0.03145394354694862	0.9995340977284608	1	0.75	0.9996505529425572	0.00034413002581994926	2.090616841321379e-13	0.9993066023572181	0
full_sample	912	30	12	2032	1102	1	pass	134.80186435284355	0.1763012341926563	4.119302832058642	134.98724655472546	-0.18538220188190735	0.8355263157894737	-0.1548917081513305	1.0022990464193307	1	0.75	1.001723789762214	0.00034413002581994926	2.090616841321379e-13	1.0013791258365823	0
full_sample	913	30	13	1937	1056	1	pass	135.05967577594564	0.16112642537588298	3.6982951713878145	134.98724655472546	0.07242922122017603	0.8288403936670946	0.060032264229131785	0.9991110720229491	1	0.75	0.9993332299091707	0.00034413002581994926	2.090616841321379e-13	0.9989893885054277	0
full_sample	914	30	14	1976	1070	1	pass	134.8911821010547	0.14873363080889515	3.796401729770754	134.98724655472546	-0.09606445367074912	0.8316498316498316	-0.07989198672281156	1.0011848420282459	1	0.75	1.0008884999751186	0.00034413002581994926	2.090616841321379e-13	1.000544123448329	0
full_sample	915	30	15	1869	1021	1	pass	134.62847360554886	0.1887511194300828	4.412492164254305	134.98724655472546	-0.35877294917659697	0.8237108858527986	-0.2955251837862758	1.0043933331184447	1	0.75	1.0032931936390788	0.00034413002581994926	2.090616841321379e-13	1.0029479897273688	0
full_sample	916	30	16	1884	1028	1	pass	135.42672051375487	0.18408778273075846	4.112692008388758	134.98724655472546	0.43947395902941366	0.8248686514886164	0.3625082919489559	0.9946501376586175	1	0.75	0.9959849140234196	0.00034413002581994926	2.090616841321379e-13	0.9956422246774687	0
full_sample	917	30	17	1859	1048	1	pass	134.77169895166506	0.156847958834436	3.8437432757190075	134.98724655472546	-0.21554760306040066	0.8229305002213368	-0.17738069680800567	1.0026335078838733	1	0.75	1.0019744814349467	0.00034413002581994926	2.090616841321379e-13	1.001629731253626	0
full_sample	918	30	18	1895	1052	1	pass	134.68309601010793	0.18038949920354563	4.425249002337038	134.98724655472546	-0.3041505446175279	0.8257080610021786	-0.2511395564488956	1.0037316425301985	1	0.75	1.0027974284398582	0.00034413002581994926	2.090616841321379e-13	1.0024523951064868	0
full_sample	919	30	19	1833	1079	1	pass	135.15437681289708	0.16268415372048578	4.1069871625704	134.98724655472546	0.16713025817162475	0.8208687863860278	0.13719201219372512	0.9979702684818089	1	0.75	0.9984773148021475	0.00034413002581994926	2.090616841321379e-13	0.9981337678938172	0
full_sample	920	30	20	1331	748	1	pass	135.1425065297441	0.2414996919455422	4.335423794555211	134.98724655472546	0.15525997501865163	0.7689196995956095	0.11938245335056344	0.9982334085311619	1	0.75	0.9986747636035376	0.00034413002581994926	2.090616841321379e-13	0.9983311487588363	0
full_sample	921	30	21	1814	973	1	pass	135.12709516193513	0.1913511013380547	3.8819690760647174	134.98724655472546	0.13984860720967163	0.8193315266485999	0.11458237284478065	0.9983043485550526	1	0.75	0.9987279916724916	0.00034413002581994926	2.090616841321379e-13	0.9983843585135651	0
full_sample	922	30	22	1780	1065	1	pass	134.8009796883163	0.15359198564798057	3.7295765171819912	134.98724655472546	-0.18626686640917	0.8165137614678899	-0.15208945972858834	1.0022573824559728	1	0.75	1.0016925595617923	0.00034413002581994926	2.090616841321379e-13	1.0013479063815613	0
full_sample	923	30	23	1691	993	1	pass	134.99177927407098	0.17003470361044978	3.6749530552099596	134.98724655472546	0.004532719345519354	0.8087039693926351	0.0036656281268642884	0.9999456871960283	1	0.75	0.9999592651204636	0.00034413002581994926	2.090616841321379e-13	0.9996152083162724	0
full_sample	924	30	24	1643	1005	1	pass	135.41755887912143	0.19849891894530888	4.491811563033208	134.98724655472546	0.43031232439597034	0.8042094958394518	0.3460612574559859	0.9948919307050259	1	0.75	0.9961664966475784	0.00034413002581994926	2.090616841321379e-13	0.9958237448243452	0
full_sample	925	30	25	1412	867	1	pass	135.0462878659534	0.20552216630204703	4.346704975011093	134.98724655472546	0.05904131122792933	0.7792494481236203	0.046007909190858835	0.9993186315760958	1	0.75	0.9994889301450607	0.00034413002581994926	2.090616841321379e-13	0.99914503516941	0
full_sample	926	30	26	1512	895	1	pass	134.89530737823895	0.18441352532005603	3.882799461027608	134.98724655472546	-0.0919391764865054	0.7907949790794979	-0.0727050391462323	1.001078169477263	1	0.75	1.000808518177242	0.00034413002581994926	2.090616841321379e-13	1.0004641691698553	0
full_sample	927	30	27	1504	927	1	pass	135.4280283134007	0.18849802185582987	4.06720022821536	134.98724655472546	0.44078175867522873	0.7899159663865546	0.3481805488695084	0.9948607693847193	1	0.75	0.9961430956249209	0.00034413002581994926	2.090616841321379e-13	0.9958003518532966	0
full_sample	928	30	28	1386	832	1	pass	135.41758025032348	0.17480368327824827	3.461395553292597	134.98724655472546	0.4303336955980228	0.7760358342665173	0.33395436847640514	0.9950699742445288	1	0.75	0.9963001973815265	0.00034413002581994926	2.090616841321379e-13	0.9959573995557722	0
full_sample	929	30	29	1437	781	0	mu_error	138.78951109056115	1.124902188444777	7.189601899555206	134.98724655472546	nan	0.7822536744692433	nan	1.0	0	0.75	1.0	0.00034413002581994926	2.090616841321379e-13	1.0	0
full_sample	933	31	3	1321	657	1	pass	132.7847224324784	0.37172661458647627	4.87766757695165	134.98724655472546	-2.2025241222470697	0.7675769901220221	-1.6906068364255544	1.0255289947711994	1	0.75	1.01	0.00034413002581994926	2.090616841321379e-13	1.0096524884719267	1
full_sample	934	31	4	1914	1034	1	pass	134.953084540232	0.2186977142849787	4.377281631582319	134.98724655472546	-0.0341620144934609	0.8271391529818496	-0.02825673973227492	1.000418822452786	1	0.75	1.0003141003975604	0.00034413002581994926	2.090616841321379e-13	0.9999699215049045	0
full_sample	935	31	5	2010	1087	1	pass	134.9795552756812	0.19051172744920086	4.117848151290164	134.98724655472546	-0.007691279044252042	0.8340248962655602	-0.0064147182070317865	1.0000950561137565	1	0.75	1.0000712912382574	0.00034413002581994926	2.090616841321379e-13	0.999727195889148	0
full_sample	936	31	6	2081	1067	1	pass	135.23478558881447	0.19979434889942416	3.9170456963133846	134.98724655472546	0.24753903408901579	0.8387746876259573	0.2076294759932454	0.9969305587237861	1	0.75	0.9976970346484617	0.00034413002581994926	2.090616841321379e-13	0.9973537562117637	0
full_sample	937	31	7	2033	1072	1	pass	134.88167580846232	0.18985965890090814	4.230347721761994	134.98724655472546	-0.10557074626314034	0.835593916974928	-0.08821427338798368	1.0013083871986024	1	0.75	1.000981129997905	0.00034413002581994926	2.090616841321379e-13	1.0006367215998275	0
full_sample	938	31	8	2079	1163	1	pass	134.9902032613201	0.17806893073741295	4.136592539560397	134.98724655472546	0.0029567065946309867	0.8386446147640177	0.0024796260630245348	0.9999632594429599	1	0.75	0.9999724444556678	0.00034413002581994926	2.090616841321379e-13	0.9996283831168518	0
full_sample	939	31	9	2083	1144	1	pass	135.1018924753926	0.17248582444454116	4.000204798179936	134.98724655472546	0.11464592066712953	0.8389045509464358	0.096176984595099	0.9985764304859169	1	0.75	0.998932132762577	0.00034413002581994926	2.090616841321379e-13	0.9985884293646582	0
full_sample	940	31	10	1973	1093	1	pass	134.76589894484033	0.1760327942167753	4.0591735384392384	134.98724655472546	-0.2213476098851288	0.8314369995785925	-0.1840365926267843	1.0027325280192143	1	0.75	1.0020486968061757	0.00034413002581994926	2.090616841321379e-13	1.001703921089511	0
full_sample	941	31	11	1947	1047	1	pass	134.7224340995047	0.17193254646880923	4.333081680619083	134.98724655472546	-0.26481245522074914	0.8295696634000852	-0.219680379341627	1.0032630523338115	1	0.75	1.0024462924009239	0.00034413002581994926	2.090616841321379e-13	1.002101379883217	0
full_sample	942	31	12	1887	1076	1	pass	134.86389480588736	0.17801760944106004	4.219353074759066	134.98724655472546	-0.12335174883810396	0.825098382160035	-0.10177732840293055	1.001509781103236	1	0.75	1.0011321222643403	0.00034413002581994926	2.090616841321379e-13	1.0007876619142302	0
full_sample	943	31	13	1967	1094	1	pass	134.94538187012927	0.1703236965635716	3.9704521950121348	134.98724655472546	-0.04186468459619164	0.8310097169412759	-0.03478995969611701	1.000515695533717	1	0.75	1.0003867467235918	0.00034413002581994926	2.090616841321379e-13	1.000042542835455	0
full_sample	944	31	14	1818	1006	1	pass	135.07776209869678	0.16010043551890524	3.554891013527893	134.98724655472546	0.09051554397132122	0.8196573489630298	0.0741917308114797	0.9989015784237366	1	0.75	0.9991760706538181	0.00034413002581994926	2.090616841321379e-13	0.9988322833239892	0
full_sample	945	31	15	2041	1055	1	pass	135.31339860615745	0.17414774216618478	3.871312338304981	134.98724655472546	0.3261520514319898	0.8361327324866857	0.2727064059699677	0.9959714178062664	1	0.75	0.996977039281688	0.00034413002581994926	2.090616841321379e-13	0.996634008574386	0
full_sample	946	31	16	1840	1054	1	pass	134.3815013585431	0.19593963560534272	4.405900233800226	134.98724655472546	-0.6057451961823688	0.8214285714285714	-0.4975764111498029	1.00741375006527	1	0.75	1.005555175554414	0.00034413002581994926	2.090616841321379e-13	1.0052091933607317	0
full_sample	947	31	17	1860	1040	1	pass	134.82979963940988	0.18069828674807978	4.304615136838126	134.98724655472546	-0.15744691531557464	0.8230088495575221	-0.1295802046402517	1.0019228079995628	1	0.75	1.001441759665448	0.00034413002581994926	2.090616841321379e-13	1.0010971927781431	0
full_sample	948	31	18	1657	851	1	pass	135.82945835705297	0.23841982617512494	3.3564809968933274	134.98724655472546	0.8422118023275118	0.8055420515313564	0.6784370230708251	0.9900226259094734	1	0.75	0.9925075977905727	0.00034413002581994926	2.090616841321379e-13	0.9921661048876691	0
full_sample	949	31	19	1780	1066	1	pass	135.1164986742514	0.1678801724441397	3.951832098471583	134.98724655472546	0.12925211952594395	0.8165137614678899	0.10553613429182579	0.9984380627816184	1	0.75	0.998828318220244	0.00034413002581994926	2.090616841321379e-13	0.99848465054188	0
full_sample	950	31	20	1704	958	1	pass	135.1373999526345	0.18790865156661352	4.053213428399051	134.98724655472546	0.1501533979090368	0.8098859315589354	0.12160712454229979	0.998200532849548	1	0.75	0.9986500958391302	0.00034413002581994926	2.090616841321379e-13	0.998306489481887	0
full_sample	951	31	21	1650	993	1	pass	135.18046634492003	0.16781744721026354	4.098197405965129	134.98724655472546	0.19321979019457558	0.8048780487804879	0.15551836771758523	0.9976996012563815	1	0.75	0.9982742043566761	0.00034413002581994926	2.090616841321379e-13	0.9979307273327234	0
full_sample	952	31	22	1491	882	1	pass	134.66655890020854	0.18373951422033596	3.8956922905340017	134.98724655472546	-0.3206876545169166	0.7884717080909571	-0.25285314272063597	1.0037571761386637	1	0.75	1.0028165607614896	0.00034413002581994926	2.090616841321379e-13	1.0024715208452446	0
full_sample	953	31	23	1588	936	1	pass	135.20814738924756	0.17420578040126086	3.8215343061930502	134.98724655472546	0.22090083452209797	0.7987927565392354	0.17645398652972413	0.9973905317953594	1	0.75	0.9980422597772545	0.00034413002581994926	2.090616841321379e-13	0.9976988625586632	0
full_sample	954	31	24	1561	943	1	pass	134.85835360050007	0.17879434327727067	4.093025680285265	134.98724655472546	-0.1288929542253925	0.7960224375318715	-0.10260168360318087	1.001522023675259	1	0.75	1.0011413007169239	0.00034413002581994926	2.090616841321379e-13	1.0007968372087757	0
full_sample	955	31	25	1468	847	1	pass	135.4542691406518	0.19653197417399698	3.9392977064739223	134.98724655472546	0.46702258592634394	0.7858672376873662	0.3670177495395465	0.994583858096044	1	0.75	0.9959351372286905	0.00034413002581994926	2.090616841321379e-13	0.9955924650094823	0
full_sample	956	31	26	1476	882	1	pass	135.06497736358133	0.190370950855874	4.123325276810996	134.98724655472546	0.07773080885587547	0.7867803837953091	0.06115707562434551	0.9990944276878715	1	0.75	0.9993207438561413	0.00034413002581994926	2.090616841321379e-13	0.9989769067484849	0
full_sample	957	31	27	1528	927	1	pass	135.31481898006612	0.18164817967594307	3.894277883137766	134.98724655472546	0.3275724253406622	0.7925311203319502	0.2596113412450891	0.9961643090666951	1	0.75	0.9971218502916382	0.00034413002581994926	2.090616841321379e-13	0.9967787697590934	0
full_sample	958	31	28	1389	873	1	pass	135.3133091159452	0.18297386679644512	3.6863866884368224	134.98724655472546	0.326062561219743	0.776411403018446	0.25315869062840857	0.9962593776915741	1	0.75	0.997193219445917	0.00034413002581994926	2.090616841321379e-13	0.9968501143573287	0
full_sample	959	31	29	1456	772	0	mu_error	140.8670053646066	0.6174025657826122	4.5707769887539875	134.98724655472546	nan	0.7844827586206896	nan	1.0	0	0.75	1.0	0.00034413002581994926	2.090616841321379e-13	1.0	0
full_sample	963	32	3	1539	803	1	pass	136.53194067974312	0.2987336658943889	4.862501404451574	134.98724655472546	1.5446941250176565	0.7937080969571945	1.2260362343487228	0.9820779076149262	1	0.75	0.99	0.00034413002581994926	2.090616841321379e-13	0.99	1
full_sample	964	32	4	1651	850	1	pass	135.42052696181665	0.24043094644896473	4.276443604177385	134.98724655472546	0.4332804070911891	0.8049731838127743	0.34877910877988944	0.9948519686341145	1	0.75	0.9961364865468605	0.00034413002581994926	2.090616841321379e-13	0.9957937450492272	0
full_sample	965	32	5	2023	1083	1	pass	135.12388779929591	0.2116459857756686	4.213193769070145	134.98724655472546	0.13664124457045546	0.8349153941394964	0.11408387856625314	0.9983117161974373	1	0.75	0.9987335197440949	0.00034413002581994926	2.090616841321379e-13	0.9983898846831203	0
full_sample	966	32	6	1967	1021	1	pass	135.0024963518191	0.19435437911242012	4.256739522141275	134.98724655472546	0.015249797093645157	0.8310097169412759	0.012672729566201954	0.999812249752073	1	0.75	0.999859184009094	0.00034413002581994926	2.090616841321379e-13	0.9995151616398927	0
full_sample	967	32	7	1992	1050	1	pass	135.25609993230321	0.16316471699459043	3.6349211197084723	134.98724655472546	0.26885337757775574	0.8327759197324415	0.22389461878548889	0.9966907039427727	1	0.75	0.9975169998412158	0.00034413002581994926	2.090616841321379e-13	0.9971737833492414	0
full_sample	968	32	8	1884	1034	1	pass	135.08270997991696	0.1981412294683247	4.192136854262651	134.98724655472546	0.09546342519149675	0.8248686514886164	0.07874478680419435	0.9988342285804297	1	0.75	0.9991255439649881	0.00034413002581994926	2.090616841321379e-13	0.9987817740199183	0
full_sample	969	32	9	1923	1046	1	pass	134.6573028088216	0.19596989816949364	4.195580303892989	134.98724655472546	-0.32994374590384723	0.8278088678433061	-0.2731303587486432	1.0040593945310485	1	0.75	1.003043003628741	0.00034413002581994926	2.090616841321379e-13	1.0026978858001125	0
full_sample	970	32	10	1933	1116	1	pass	134.80803107403466	0.18571676216415717	4.184386851437449	134.98724655472546	-0.17921548069080018	0.828546935276468	-0.14848843728046152	1.00220384609632	1	0.75	1.0016524296519438	0.00034413002581994926	2.090616841321379e-13	1.001307790279244	0
full_sample	971	32	11	1919	1021	1	pass	134.85810980439348	0.1961712446178866	4.337156666828001	134.98724655472546	-0.12913675033198047	0.827511858559724	-0.1068621922755802	1.001585300444882	1	0.75	1.0011887398787627	0.00034413002581994926	2.090616841321379e-13	1.0008442600481833	0
full_sample	972	32	12	1798	1020	1	pass	134.80636749923164	0.17490769255481853	4.112732680988336	134.98724655472546	-0.18087905549381844	0.8180163785259327	-0.14796202992624458	1.0021960203635514	1	0.75	1.0016465635759528	0.00034413002581994926	2.090616841321379e-13	1.001301926221599	0
full_sample	973	32	13	1959	1081	1	pass	135.11490498869117	0.16581466445940313	3.7347625437726033	134.98724655472546	0.1276584339657063	0.8304366256888512	0.10601223914320418	0.9984310247126933	1	0.75	0.9988230376006911	0.00034413002581994926	2.090616841321379e-13	0.9984793717392342	0
full_sample	974	32	14	1862	1049	1	pass	134.99337116117928	0.16724881192816812	3.642599828389127	134.98724655472546	0.006124606453823844	0.8231653404067197	0.005041563756419097	0.9999253014032604	1	0.75	0.9999439755293152	0.00034413002581994926	2.090616841321379e-13	0.9995999239858262	0
full_sample	975	32	15	1753	964	1	pass	135.2396593949407	0.16454052681141526	3.742910259070092	134.98724655472546	0.2524128402152428	0.8142127264282397	0.20551774681714846	0.9969617057989454	1	0.75	0.9977204128237719	0.00034413002581994926	2.090616841321379e-13	0.9973771263433259	0
full_sample	976	32	16	1843	1059	1	pass	135.31729512296445	0.158176066250876	3.673634998266825	134.98724655472546	0.3300485682389933	0.8216674097191262	0.27119015214643993	0.9959937494677855	1	0.75	0.9969938048918642	0.00034413002581994926	2.090616841321379e-13	0.9966507684160051	0
full_sample	977	32	17	1776	992	1	pass	134.72847534483344	0.17430538510230337	4.297470146339075	134.98724655472546	-0.25877120989201785	0.8161764705882353	-0.21120297277951455	1.003136835939015	1	0.75	1.00235170568223	0.00034413002581994926	2.090616841321379e-13	1.0020068257090533	0
full_sample	978	32	18	1716	946	1	pass	135.3046538906741	0.1744598705331913	3.914299897577328	134.98724655472546	0.31740733594864423	0.8109640831758034	0.2574059491908665	0.9961968001661083	1	0.75	0.9971462419402745	0.00034413002581994926	2.090616841321379e-13	0.9968031530152751	0
full_sample	979	32	19	1704	978	1	pass	134.41388816021927	0.17539825691538038	3.974844813566041	134.98724655472546	-0.5733583945061866	0.8098859315589354	-0.46435489745177855	1.006916194221608	1	0.75	1.005182674125743	0.00034413002581994926	2.090616841321379e-13	1.0048368200989326	0
full_sample	980	32	20	1777	953	1	pass	135.29423729864612	0.2034382393342168	4.054429384527841	134.98724655472546	0.3069907439206645	0.816260909508498	0.250584543843372	0.9962973070811642	1	0.75	0.9972216930173846	0.00034413002581994926	2.090616841321379e-13	0.9968785781318713	0
full_sample	981	32	21	1663	872	1	pass	135.33823842717584	0.1952762565218059	3.7717351471549114	134.98724655472546	0.3509918724503791	0.8061076102762966	0.2829372195273778	0.9958207561563573	1	0.75	0.9968639268142633	0.00034413002581994926	2.090616841321379e-13	0.9965209350256609	0
full_sample	982	32	22	1708	901	1	pass	135.3221160771915	0.2021815367843401	4.294164828840751	134.98724655472546	0.3348695224660503	0.8102466793168881	0.2713269185825493	0.9959917351160722	1	0.75	0.9969922926107722	0.00034413002581994926	2.090616841321379e-13	0.9966492566552448	0
full_sample	983	32	23	1514	931	1	pass	134.81728138543525	0.17256774543335732	3.6713378945711024	134.98724655472546	-0.169965169290208	0.7910135841170324	-0.1344447577353056	1.0019950998522582	1	0.75	1.001495952034359	0.00034413002581994926	2.090616841321379e-13	1.0011513665010412	0
full_sample	984	32	24	1547	873	1	pass	135.12137492196862	0.178781987892163	3.809871062048915	134.98724655472546	0.13412836724316435	0.7945557267591166	0.10657246231390613	0.9984227432513638	1	0.75	0.9988168240595959	0.00034413002581994926	2.090616841321379e-13	0.9984731603360371	0
full_sample	985	32	25	1410	836	1	pass	132.866510830824	0.3141197358491488	4.846234256611429	134.98724655472546	-2.120735723901447	0.7790055248618785	-1.6520648456911826	1.02493615241384	1	0.75	1.01	0.00034413002581994926	2.090616841321379e-13	1.0096524884719267	1
full_sample	986	32	26	1513	896	1	pass	135.51822940015765	0.20677189122686065	4.699367063814422	134.98724655472546	0.5309828454321917	0.7909043387349712	0.419956636246161	0.9938062627092635	1	0.75	0.9953510912446984	0.00034413002581994926	2.090616841321379e-13	0.9950086199786707	0
full_sample	987	32	27	1462	884	1	pass	135.21486192648098	0.176841347154668	3.728020734657548	134.98724655472546	0.22761537175551894	0.7851772287862513	0.17871840682415074	0.9973571110988084	1	0.75	0.9980171777711419	0.00034413002581994926	2.090616841321379e-13	0.9976737891825371	0
full_sample	988	32	28	1333	797	1	pass	134.80766730623992	0.1859781539453135	3.73270469941183	134.98724655472546	-0.1795792484855383	0.7691863819965378	-0.13812991242424844	1.0020498699397045	1	0.75	1.0015370088564706	0.00034413002581994926	2.090616841321379e-13	1.0011924091966984	0
full_sample	989	32	29	1332	706	0	mu_error	137.01294146397558	0.5038214217569525	6.070206666067973	134.98724655472546	nan	0.76905311778291	nan	1.0	0	0.75	1.0	0.00034413002581994926	2.090616841321379e-13	1.0	0
full_sample	993	33	3	1213	628	0	mu_error,window_stability	129.56152807230862	1.3472187038872179	6.901057617364837	134.98724655472546	nan	0.7520148791072536	nan	1.0	0	0.75	1.0	0.00034413002581994926	2.090616841321379e-13	1.0	0
full_sample	994	33	4	1797	925	1	pass	135.67150525815453	0.22999095894039706	4.415886916173357	134.98724655472546	0.6842587034290659	0.8179335457441966	0.5596781475020626	0.9917583307033309	1	0.75	0.9938123580784245	0.00034413002581994926	2.090616841321379e-13	0.993470416245579	0
full_sample	995	33	5	1901	989	1	pass	135.0362239134495	0.2146397606466811	4.222663421344978	134.98724655472546	0.04897735872404496	0.8261625380269448	0.04046325898931311	0.9994007098836779	1	0.75	0.9995504987341627	0.00034413002581994926	2.090616841321379e-13	0.9992065825745572	0
full_sample	996	33	6	1893	995	1	pass	134.792825122623	0.21392501378877346	4.62448927806582	134.98724655472546	-0.1944214321024731	0.8255560401221108	-0.1605057876013875	1.0023825246371663	1	0.75	1.0017863618407408	0.00034413002581994926	2.090616841321379e-13	1.0014416763858827	0
full_sample	997	33	7	1927	999	1	pass	135.12212565782673	0.20486845670256743	4.332947082565894	134.98724655472546	0.1348791031012695	0.8281048560378169	0.11169404025618664	0.9983470386464361	1	0.75	0.9987600226568769	0.00034413002581994926	2.090616841321379e-13	0.9984163784770232	0
full_sample	998	33	8	1885	994	1	pass	135.050590926674	0.1785456556150971	4.164840356823864	134.98724655472546	0.06334437194854559	0.824945295404814	0.05225564162932535	0.9992261575495681	1	0.75	0.9994195620035536	0.00034413002581994926	2.090616841321379e-13	0.9990756908954563	0
full_sample	999	33	9	1912	985	1	pass	135.1079579626639	0.2228819570893582	4.324559283476439	134.98724655472546	0.12071140793844393	0.8269896193771626	0.09982708130549516	0.9985224632412144	1	0.75	0.9988916426377853	0.00034413002581994926	2.090616841321379e-13	0.9985479531713369	0
full_sample	1000	33	10	1863	1054	1	pass	134.7001056072625	0.18331439039968925	4.286037049570827	134.98724655472546	-0.2871409474629729	0.8232434821034026	-0.236386913443888	1.0035118583453275	1	0.75	1.0026327392148244	0.00034413002581994926	2.090616841321379e-13	1.0022877625462097	0
full_sample	1001	33	11	1916	1094	1	pass	134.90863511282612	0.17513507299627862	3.8395926223237007	134.98724655472546	-0.07861144189934066	0.8272884283246977	-0.06503433621724383	1.0009643355756808	1	0.75	1.0007231645346062	0.00034413002581994926	2.090616841321379e-13	1.0003788448949171	0
full_sample	1002	33	12	1870	1043	1	pass	135.38888230968502	0.16253470603182466	4.090832516501599	134.98724655472546	0.40163575495955683	0.8237885462555066	0.33086293470236616	0.9951154444351719	1	0.75	0.9963343419911984	0.00034413002581994926	2.090616841321379e-13	0.9959915324172802	0
full_sample	1003	33	13	1815	962	1	pass	135.1897130528727	0.17659861883315078	3.6608818169756017	134.98724655472546	0.20246649814723128	0.8194130925507901	0.16590369938475158	0.9975462661788825	1	0.75	0.9981591346053695	0.00034413002581994926	2.090616841321379e-13	0.9978156971735604	0
full_sample	1004	33	14	1809	1016	1	pass	134.82313948179694	0.17467889484260743	4.115517761816191	134.98724655472546	-0.16410707292851612	0.8189225894069715	-0.13439098910261912	1.0019943007568397	1	0.75	1.0014953530112898	0.00034413002581994926	2.090616841321379e-13	1.001150767684079	0
full_sample	1005	33	15	1763	981	1	pass	134.72812140833216	0.15304975411235514	3.493908999479552	134.98724655472546	-0.259125146393302	0.8150716597318539	-0.21120556314904826	1.0031368745022549	1	0.75	1.0023517345820228	0.00034413002581994926	2.090616841321379e-13	1.0020068545989023	0
full_sample	1006	33	16	1699	982	1	pass	134.64778563392954	0.16242145215842146	3.5495624086776734	134.98724655472546	-0.33946092079591494	0.8094330633635064	-0.27477089301203406	1.0040838515689483	1	0.75	1.0030613277833154	0.00034413002581994926	2.090616841321379e-13	1.0027162036498805	0
full_sample	1007	33	17	1717	986	1	pass	134.98031839658438	0.18622428167459024	4.247666674678451	134.98724655472546	-0.006928158141079166	0.8110533774208786	-0.005619106059628213	1.0000832656470244	1	0.75	1.0000624485853065	0.00034413002581994926	2.090616841321379e-13	0.9997183562786959	0
full_sample	1008	33	18	1735	995	1	pass	134.78794635572072	0.1778437194384178	3.9391729987056934	134.98724655472546	-0.19930019900473894	0.8126463700234192	-0.16196058326614618	1.0024041583354897	1	0.75	1.001802577420824	0.00034413002581994926	2.090616841321379e-13	1.0014578863866583	0
full_sample	1009	33	19	1701	1016	1	pass	135.03877496535085	0.16052091373120791	3.7052518299211257	134.98724655472546	0.05152841062539437	0.8096144693003332	0.04171814682236832	0.9993821327012585	1	0.75	0.9995365637267268	0.00034413002581994926	2.090616841321379e-13	0.9991926523617507	0
full_sample	1010	33	20	1570	907	1	pass	135.18627360336586	0.17552590849426342	3.6801913897188703	134.98724655472546	0.19902704864040288	0.7969543147208121	0.158615465160118	0.9976538702089403	1	0.75	0.9982398861211224	0.00034413002581994926	2.090616841321379e-13	0.9978964209050729	0
full_sample	1011	33	21	1618	825	1	pass	135.408136997136	0.18132886396271333	3.7331492234560946	134.98724655472546	0.4208904424105526	0.8017839444995044	0.3374631991180744	0.9950183685700822	1	0.75	0.9962614450236924	0.00034413002581994926	2.090616841321379e-13	0.9959186605314934	0
full_sample	1012	33	22	1713	901	1	pass	134.78766106867243	0.18491036708206646	3.672742940318346	134.98724655472546	-0.1995854860530244	0.8106956933270232	-0.16180309399376752	1.0024018163402053	1	0.75	1.0018008219779886	0.00034413002581994926	2.090616841321379e-13	1.0014561315478192	0
full_sample	1013	33	23	1533	906	1	pass	135.15447178699668	0.19573767926296096	4.066771364675684	134.98724655472546	0.1672252322712211	0.793067770305225	0.13262094209611067	0.9980377970959031	1	0.75	0.9985279865664637	0.00034413002581994926	2.090616841321379e-13	0.9981844222234579	0
full_sample	1014	33	24	1499	862	1	pass	135.38986510713843	0.17269667276486744	3.866097910463257	134.98724655472546	0.4026185524129744	0.789362822538178	0.31781211693894085	0.9953074360554818	1	0.75	0.9964785086048976	0.00034413002581994926	2.090616841321379e-13	0.9961356494274545	0
full_sample	1015	33	25	1504	864	1	pass	135.25056972309156	0.19852066107090494	4.24272809105915	134.98724655472546	0.2633231683660995	0.7899159663865546	0.2080031750118769	0.9969250469798785	1	0.75	0.9976928976594523	0.00034413002581994926	2.090616841321379e-13	0.9973496206461716	0
full_sample	1016	33	26	1415	830	1	pass	134.96389990854968	0.1835157860152144	3.6057827149604247	134.98724655472546	-0.023346646175781416	0.7796143250688705	-0.018201379800953557	1.0002697513806642	1	0.75	1.0002023067144703	0.00034413002581994926	2.090616841321379e-13	0.9998581662867584	0
full_sample	1017	33	27	1394	836	1	pass	135.55225699886566	0.1822452826271731	3.7033737543268517	134.98724655472546	0.5650104441401993	0.7770345596432553	0.43903264165631983	0.9935262873773536	1	0.75	0.9951407759318062	0.00034413002581994926	2.090616841321379e-13	0.9947983770291406	0
full_sample	1018	33	28	1253	764	1	pass	135.3106205244434	0.24770944228671588	4.480628004518461	134.98724655472546	0.32337396971794874	0.7580157289776165	0.2451225553881366	0.996377795248162	1	0.75	0.9972821145414671	0.00034413002581994926	2.090616841321379e-13	0.9969389788666704	0
full_sample	1019	33	29	1348	734	1	pass	137.82995545172034	0.4703488259177312	5.691329428724119	134.98724655472546	2.8427088969948784	0.7711670480549199	2.192203428574998	0.9682918316196616	1	0.75	0.99	0.00034413002581994926	2.090616841321379e-13	0.99	1
full_sample	1023	34	3	1372	674	1	pass	135.71904411984954	0.4068699628083266	5.704949132874948	134.98724655472546	0.7317975651240829	0.7742663656884876	0.566606241168308	0.9916569487278047	1	0.75	0.9937361631442236	0.00034413002581994926	2.090616841321379e-13	0.9933942475278315	0
full_sample	1024	34	4	1709	931	1	pass	133.98057228745557	0.23585597680950623	4.255028015464826	134.98724655472546	-1.0066742672698865	0.8103366524419156	-0.815745055838898	1.0121976721781196	1	0.75	1.0091343761163691	0.00034413002581994926	2.090616841321379e-13	1.008787162424215	0
full_sample	1025	34	5	1845	958	1	pass	134.0498387370869	0.2502099237065333	4.30979075306527	134.98724655472546	-0.9374078176385581	0.821826280623608	-0.7703863801973896	1.0115135877969597	1	0.75	1.0086228223309803	0.00034413002581994926	2.090616841321379e-13	1.0082757846495565	0
full_sample	1026	34	6	2034	1084	1	pass	135.3988116718834	0.22325985366361323	4.523197144874121	134.98724655472546	0.41156511715794863	0.8356614626129828	0.343929107764695	0.9949232825663948	1	0.75	0.9961900405747499	0.00034413002581994926	2.090616841321379e-13	0.9958472806507385	0
full_sample	1027	34	7	1748	924	1	pass	133.74357786415783	0.25549643776814246	4.77389911464603	134.98724655472546	-1.243668690567631	0.813780260707635	-1.0120730312440498	1.0151666422548629	1	0.75	1.01	0.00034413002581994926	2.090616841321379e-13	1.0096524884719267	1
full_sample	1028	34	8	1816	1003	1	pass	135.30836837190094	0.22095334484229495	4.642313748617081	134.98724655472546	0.32112181717548083	0.8194945848375451	0.2631575902484987	0.9961120670273009	1	0.75	0.9970826308425984	0.00034413002581994926	2.090616841321379e-13	0.9967395638043216	0
full_sample	1029	34	9	1778	995	1	pass	134.82342516757774	0.18571712887415553	4.146741238632618	134.98724655472546	-0.16382138714772054	0.8163452708907254	-0.13373481466880033	1.0019845489402737	1	0.75	1.001488042781944	0.00034413002581994926	2.090616841321379e-13	1.0011434599699696	0
full_sample	1030	34	10	1834	1045	1	pass	134.80820195083126	0.18162112152103263	4.168903082549939	134.98724655472546	-0.17904460389419796	0.8209489704565801	-0.14698648323274802	1.0021815178302962	1	0.75	1.0016356926196386	0.00034413002581994926	2.090616841321379e-13	1.0012910590056632	0
full_sample	1031	34	11	1867	1040	1	pass	135.33926035199772	0.19778076800276811	4.393416390040523	134.98724655472546	0.3520137972722637	0.823555359505955	0.2899028493636155	0.9957181980207597	1	0.75	0.9967869266452933	0.00034413002581994926	2.090616841321379e-13	0.9964439613502021	0
full_sample	1032	34	12	1803	1010	1	pass	135.28329733269788	0.19852915538303129	4.152432491750256	134.98724655472546	0.2960507779724253	0.8184294144348615	0.24229666485895723	0.9964194415574604	1	0.75	0.9973133774589593	0.00034413002581994926	2.090616841321379e-13	0.996970231027505	0
full_sample	1033	34	13	1788	989	1	pass	135.1806396747851	0.16203482272587205	3.6226399207316677	134.98724655472546	0.19339312005965326	0.8171846435100548	0.15803788787324496	0.9976623983473366	1	0.75	0.9982462859751143	0.00034413002581994926	2.090616841321379e-13	0.9979028185570621	0
full_sample	1034	34	14	1781	1045	1	pass	134.9175451553055	0.19464107991991283	4.220751416986395	134.98724655472546	-0.06970139941995512	0.8165978908757451	-0.05691801575742324	1.0008439098107216	1	0.75	1.000632865614279	0.00034413002581994926	2.090616841321379e-13	1.0002885770438135	0
full_sample	1035	34	15	1714	946	1	pass	134.76034411410993	0.1899483688378831	3.8496759567379577	134.98724655472546	-0.22690244061553244	0.8107852412488175	-0.18396915005440995	1.0027315245987194	1	0.75	1.0020479447539359	0.00034413002581994926	2.090616841321379e-13	1.0017031692960308	0
full_sample	1036	34	16	1712	968	1	pass	135.03933271896233	0.19879546656908226	4.37900321501009	134.98724655472546	0.052086164236868626	0.8106060606060606	0.042221360404128355	0.9993746833438973	1	0.75	0.9995309758401572	0.00034413002581994926	2.090616841321379e-13	0.9991870663978096	0
full_sample	1037	34	17	1609	961	1	pass	134.84477166662995	0.19384766973108994	4.08700360544933	134.98724655472546	-0.14247488809550646	0.800895968143355	-0.1141075634373668	1.0016929219496462	1	0.75	1.001269422965513	0.00034413002581994926	2.090616841321379e-13	1.000924915374238	0
full_sample	1038	34	18	1655	988	1	pass	134.6862221657342	0.1981371760558592	4.357358632115583	134.98724655472546	-0.3010243889912658	0.805352798053528	-0.24243083395646955	1.0036018916602367	1	0.75	1.0027002042896562	0.00034413002581994926	2.090616841321379e-13	1.0023552044082775	0
full_sample	1039	34	19	1681	964	1	pass	135.4252819584101	0.17298989179301447	3.9747509429502377	134.98724655472546	0.438035403684637	0.8077847188851514	0.3538383054271383	0.9947775868804235	1	0.75	0.9960806276802028	0.00034413002581994926	2.090616841321379e-13	0.9957379054019755	0
full_sample	1040	34	20	1516	889	1	pass	134.56265421610706	0.19556529476338877	3.9409027062618773	134.98724655472546	-0.42459233861839607	0.791231732776618	-0.33595093180871005	1.004996560266311	1	0.75	1.0037450845324656	0.00034413002581994926	2.090616841321379e-13	1.0033997251382853	0
full_sample	1041	34	21	1527	877	1	pass	135.00942367637168	0.20150890298828447	3.9118996619634494	134.98724655472546	0.022177121646222986	0.7924234561494551	0.01757367138234691	0.9997396550232398	1	0.75	0.9998047349124117	0.00034413002581994926	2.090616841321379e-13	0.9994607312775557	0
full_sample	1042	34	22	1598	964	1	pass	134.2446847070164	0.17741652010903583	3.967142757392156	134.98724655472546	-0.7425618477090552	0.7997997997997998	-0.5939008171366718	1.0088584793325952	1	0.75	1.0066365297076403	0.00034413002581994926	2.090616841321379e-13	1.0062901754515479	0
full_sample	1043	34	23	1410	849	1	pass	134.64471074960863	0.20701145585887118	4.391798468621065	134.98724655472546	-0.3425358051168246	0.7790055248618785	-0.26683728464901807	1.0039655858500278	1	0.75	1.0029727175177092	0.00034413002581994926	2.090616841321379e-13	1.0026276238724807	0
full_sample	1044	34	24	1376	836	1	pass	134.76248497456817	0.2077878072690709	4.053406274625396	134.98724655472546	-0.22476158015729197	0.7747747747747747	-0.17413960264438838	1.0025852952542944	1	0.75	1.0019383455130122	0.00034413002581994926	2.090616841321379e-13	1.0015936077650078	0
full_sample	1045	34	25	1430	848	1	pass	135.32007001205022	0.21964574073231474	4.533807160201681	134.98724655472546	0.33282345732476415	0.7814207650273224	0.26007516064175557	0.9961574760158834	1	0.75	0.9971167205730403	0.00034413002581994926	2.090616841321379e-13	0.996773641805482	0
full_sample	1046	34	26	1396	847	1	pass	134.82517115870075	0.20393366639514923	4.423086710086425	134.98724655472546	-0.16207539602470433	0.77728285077951	-0.12597842586330024	1.0018692872063961	1	0.75	1.0014016380751753	0.00034413002581994926	2.090616841321379e-13	1.0010570849925389	0
full_sample	1047	34	27	1357	805	1	pass	134.98700114163617	0.20147414247200818	3.9525764762071587	134.98724655472546	-0.00024541308928860417	0.7723392145702903	-0.00018954215262642908	1.0000028085246166	1	0.75	1.000002106392723	0.00034413002581994926	2.090616841321379e-13	0.9996580348481	0
full_sample	1048	34	28	1296	782	1	pass	135.34489295705004	0.20154419357865325	4.088485147668031	134.98724655472546	0.35764640232457623	0.7641509433962265	0.2732958357385913	0.9959627367803844	1	0.75	0.9969705219313229	0.00034413002581994926	2.090616841321379e-13	0.9966274934664511	0
full_sample	1049	34	29	1302	665	1	pass	139.89578332927712	0.4940644203538156	4.450566651876925	134.98724655472546	4.9085367745516635	0.7649823736780259	3.754944113082413	0.9466000614497326	1	0.75	0.99	0.00034413002581994926	2.090616841321379e-13	0.99	1
full_sample	1053	35	3	1035	453	0	mu_error	132.2743034588411	0.9294975355456163	5.767000701823213	134.98724655472546	nan	0.7212543554006968	nan	1.0	0	0.75	1.0	0.00034413002581994926	2.090616841321379e-13	1.0	0
full_sample	1054	35	4	1492	656	0	mu_error	129.09891852470128	0.7248262574894817	5.519936673134507	134.98724655472546	nan	0.7885835095137421	nan	1.0	0	0.75	1.0	0.00034413002581994926	2.090616841321379e-13	1.0	0
full_sample	1055	35	5	2026	754	0	mu_error,significance	141.99999999999997	2.4219703662397687	5.008124039210767	134.98724655472546	nan	0.8351195383347073	nan	1.0	0	0.75	1.0	0.00034413002581994926	2.090616841321379e-13	1.0	0
full_sample	1056	35	6	1632	754	0	mu_error	132.75952450807588	0.672955712174033	5.5428684340881365	134.98724655472546	nan	0.8031496062992126	nan	1.0	0	0.75	1.0	0.00034413002581994926	2.090616841321379e-13	1.0	0
full_sample	1057	35	7	2029	977	0	mu_error,window_stability	139.5031508560469	0.5511701891782212	4.8463810106272565	134.98724655472546	nan	0.8353231782626596	nan	1.0	0	0.75	1.0	0.00034413002581994926	2.090616841321379e-13	1.0	0
full_sample	1058	35	8	1729	805	1	pass	130.87535837565053	0.4928524606401846	5.803178251919742	134.98724655472546	-4.111888179074924	0.8121183654297792	-3.3393399068203586	1.051379004078224	1	0.75	1.01	0.00034413002581994926	2.090616841321379e-13	1.0096524884719267	1
full_sample	1059	35	9	1784	843	1	pass	133.24626589771626	0.3435609385050493	4.327294304659201	134.98724655472546	-1.740980657009203	0.8168498168498168	-1.4221197308170412	1.0214098585349902	1	0.75	1.01	0.00034413002581994926	2.090616841321379e-13	1.0096524884719267	1
full_sample	1060	35	10	1655	745	0	mu_error	127.30004224177537	0.6424424798195063	5.470211590634089	134.98724655472546	nan	0.805352798053528	nan	1.0	0	0.75	1.0	0.00034413002581994926	2.090616841321379e-13	1.0	0
full_sample	1061	35	11	1784	855	0	mu_error	132.8042314703205	0.5391632840889394	5.62364250648502	134.98724655472546	nan	0.8168498168498168	nan	1.0	0	0.75	1.0	0.00034413002581994926	2.090616841321379e-13	1.0	0
full_sample	1062	35	12	1790	894	1	pass	135.90658965453125	0.4507056538089657	5.268868722725205	134.98724655472546	0.9193430998057863	0.817351598173516	0.7514265518960537	0.9889581168747631	1	0.75	0.9917071044403373	0.00034413002581994926	2.090616841321379e-13	0.991365886963837	0
full_sample	1063	35	13	1866	929	0	mu_error	137.29275333187826	0.5320807928717375	6.25232850162459	134.98724655472546	nan	0.823477493380406	nan	1.0	0	0.75	1.0	0.00034413002581994926	2.090616841321379e-13	1.0	0
full_sample	1064	35	14	1730	870	0	mu_error	133.58930408355226	0.5458780486665138	6.848588877507552	134.98724655472546	nan	0.812206572769953	nan	1.0	0	0.75	1.0	0.00034413002581994926	2.090616841321379e-13	1.0	0
full_sample	1065	35	15	1788	674	0	mu_error	132.17263046541376	0.6055540494792758	4.145957113594584	134.98724655472546	nan	0.8171846435100548	nan	1.0	0	0.75	1.0	0.00034413002581994926	2.090616841321379e-13	1.0	0
full_sample	1066	35	16	1579	704	0	mu_error	128.15194307028557	0.5923046907709169	4.579598618142423	134.98724655472546	nan	0.797877716018191	nan	1.0	0	0.75	1.0	0.00034413002581994926	2.090616841321379e-13	1.0	0
full_sample	1067	35	17	1516	596	1	pass	125.00000000000001	0.49275936963113043	5.107179539299213	134.98724655472546	-9.987246554725445	0.791231732776618	-7.902226397162722	1.1282387542194876	1	0.75	1.01	0.00034413002581994926	2.090616841321379e-13	1.0096524884719267	1
full_sample	1068	35	18	1337	513	0	mu_error	125.00000000000001	1.001114203673403	6.327110160784026	134.98724655472546	nan	0.7697179044329303	nan	1.0	0	0.75	1.0	0.00034413002581994926	2.090616841321379e-13	1.0	0
full_sample	1069	35	19	1598	790	0	mu_error	135.33023455785127	0.532117473422263	6.047054162044879	134.98724655472546	nan	0.7997997997997998	nan	1.0	0	0.75	1.0	0.00034413002581994926	2.090616841321379e-13	1.0	0
full_sample	1070	35	20	1362	611	0	mu_error,window_stability	128.00673407385224	0.8251453895761398	5.635096773689705	134.98724655472546	nan	0.7729852440408627	nan	1.0	0	0.75	1.0	0.00034413002581994926	2.090616841321379e-13	1.0	0
full_sample	1071	35	21	1562	745	1	pass	130.37025814017457	0.3672897869471303	4.30716008568617	134.98724655472546	-4.616988414550889	0.7961264016309888	-3.675706372848363	1.0567727469325041	1	0.75	1.01	0.00034413002581994926	2.090616841321379e-13	1.0096524884719267	1
full_sample	1072	35	22	1424	747	1	pass	136.8950573176452	0.395713471989286	5.17408101482933	134.98724655472546	1.9078107629197518	0.7807017543859649	1.4894312096478763	0.9782905218688743	1	0.75	0.99	0.00034413002581994926	2.090616841321379e-13	0.99	1
full_sample	1073	35	23	1441	790	1	pass	136.89644804447755	0.37047568382042667	4.704952734348808	134.98724655472546	1.9092014897520926	0.7827267789244976	1.4943831323915076	0.9782195275654297	1	0.75	0.99	0.00034413002581994926	2.090616841321379e-13	0.99	1
full_sample	1074	35	24	1434	778	0	mu_error	136.99614847416476	0.5995149064597136	5.729709910953683	134.98724655472546	nan	0.781897491821156	nan	1.0	0	0.75	1.0	0.00034413002581994926	2.090616841321379e-13	1.0	0
full_sample	1075	35	25	1333	701	1	pass	134.34911285003133	0.3832749081747731	5.048997973579653	134.98724655472546	-0.6381337046941269	0.7691863819965378	-0.4908437555437225	1.0073128858511533	1	0.75	1.0054796660118361	0.00034413002581994926	2.090616841321379e-13	1.005133709798784	0
full_sample	1076	35	26	1347	712	1	pass	136.86462382932743	0.4935325264590397	6.062473175339104	134.98724655472546	1.8773772746019688	0.7710360618202633	1.447525580359961	0.9788916204818621	1	0.75	0.99	0.00034413002581994926	2.090616841321379e-13	0.99	1
full_sample	1077	35	27	1264	667	0	mu_error	138.77966955792886	0.6734063368052126	6.04753421895582	134.98724655472546	nan	0.7596153846153846	nan	1.0	0	0.75	1.0	0.00034413002581994926	2.090616841321379e-13	1.0	0
full_sample	1078	35	28	1275	652	0	mu_error	137.51890747694557	0.6191569739309697	6.185073065597307	134.98724655472546	nan	0.7611940298507462	nan	1.0	0	0.75	1.0	0.00034413002581994926	2.090616841321379e-13	1.0	0
full_sample	1079	35	29	1205	553	0	mu_error	141.99999999923614	0.6845538661443741	2.6982661736412012	134.98724655472546	nan	0.7507788161993769	nan	1.0	0	0.75	1.0	0.00034413002581994926	2.090616841321379e-13	1.0	0
