fold	seed_block	row	col	entries	fit_entries	fit_ok	fit_reasons	fit_mu_mev	fit_mu_err_mev	fit_sigma_mev	global_reference_mu_mev	raw_spatial_residual_mev	shrink_factor	regularized_spatial_residual_mev	full_energy_scale	support_pass	damping	pre_normalization_energy_scale	normalization_log_energy_shift	remaining_mean_log_mass_shift	applied_energy_scale	clipped
full_sample	3	0	3	1230	563	1	pass	134.395621957447	0.3747442629272494	3.88415810554456	134.9873466310481	-0.5917246736011066	0.754601226993865	-0.44651616474193934	1.0066491770987884	1	0.75	1.0049827494311647	0.00032339135150835294	1.4806104907715038e-13	1.0046577992474555	0
full_sample	4	0	4	1630	718	1	pass	132.83029893996036	0.4716719255416926	4.787331224508434	134.9873466310481	-2.1570476910877403	0.8029556650246306	-1.7320136632872003	1.0261664765735778	1	0.75	1.01	0.00032339135150835294	1.4806104907715038e-13	1.009673427543177	1
full_sample	5	0	5	1935	890	0	mu_error	139.12265251945723	0.8027158835811764	6.363682112272925	134.9873466310481	nan	0.828693790149893	nan	1.0	0	0.75	1.0	0.00032339135150835294	1.4806104907715038e-13	1.0	0
full_sample	6	0	6	1977	896	1	pass	135.35678355203407	0.47217545949258827	5.063085778059852	134.9873466310481	0.3694369209859758	0.8317206562894405	0.30726831838000596	0.9954625872970208	1	0.75	0.9965950066786409	0.00032339135150835294	1.4806104907715038e-13	0.9962727685798403	0
full_sample	7	0	7	1730	793	1	pass	129.47980685630336	0.39583917378148215	4.38252912277793	134.9873466310481	-5.5075397747447425	0.812206572769953	-4.473260004839626	1.069728865491498	1	0.75	1.01	0.00032339135150835294	1.4806104907715038e-13	1.009673427543177	1
full_sample	8	0	8	1864	826	1	pass	132.37901991371947	0.38754377279096425	4.500206425509921	134.9873466310481	-2.608326717328623	0.823321554770318	-2.1474916082599615	1.0325960361222324	1	0.75	1.01	0.00032339135150835294	1.4806104907715038e-13	1.009673427543177	1
full_sample	9	0	9	1973	889	1	pass	136.14822039758076	0.4454557039680449	5.444769662012133	134.9873466310481	1.16087376653266	0.8314369995785925	0.9651934013354144	0.9858503125929923	1	0.75	0.99	0.00032339135150835294	1.4806104907715038e-13	0.99	1
full_sample	10	0	10	1895	890	1	pass	136.2468351367458	0.29936409376591644	4.754726384026574	134.9873466310481	1.2594885056977034	0.8257080610021786	1.039969811894182	0.9847666492695839	1	0.75	0.99	0.00032339135150835294	1.4806104907715038e-13	0.99	1
full_sample	11	0	11	1869	845	1	pass	134.51282623979495	0.3494669420521208	4.361499470212804	134.9873466310481	-0.4745203912531508	0.8237108858527986	-0.3908676118343494	1.0058168899356696	1	0.75	1.0043595029704815	0.00032339135150835294	1.4806104907715038e-13	1.0040347543067005	0
full_sample	12	0	12	1807	858	1	pass	137.3679441190023	0.42442945844234237	5.33213865130334	134.9873466310481	2.3805974879541907	0.8187584956955143	1.9491344180938934	0.9717326843434099	1	0.75	0.99	0.00032339135150835294	1.4806104907715038e-13	0.99	1
full_sample	13	0	13	1829	866	1	pass	138.6934385286066	0.4335450129691081	4.682484193933514	134.9873466310481	3.706091897558508	0.8205473306415433	3.0410238136538856	0.9564182979861672	1	0.75	0.99	0.00032339135150835294	1.4806104907715038e-13	0.99	1
full_sample	14	0	14	1889	943	1	pass	135.1999929646917	0.38675275604200327	5.398306588244435	134.9873466310481	0.21264633364359042	0.8252512013979904	0.1754866423122509	0.9974048093909231	1	0.75	0.998052974951844	0.00032339135150835294	1.4806104907715038e-13	0.9977302654349435	0
full_sample	15	0	15	1718	833	1	pass	135.23050587709457	0.4085371101663381	5.60599559743645	134.9873466310481	0.2431592460464742	0.8111425873465533	0.19723681997537426	0.9970838599084025	1	0.75	0.9978120967229221	0.00032339135150835294	1.4806104907715038e-13	0.9974894650913633	0
full_sample	16	0	16	1704	794	1	pass	133.59263304949093	0.33792645251506864	4.205003338905606	134.9873466310481	-1.3947135815571698	0.8098859315589354	-1.1295589082573276	1.0169495742743788	1	0.75	1.01	0.00032339135150835294	1.4806104907715038e-13	1.009673427543177	1
full_sample	17	0	17	1766	850	1	pass	136.51132479979006	0.3671582284474547	5.198046669916058	134.9873466310481	1.5239781687419622	0.8153277931671283	1.2425417571552655	0.9818399274450826	1	0.75	0.99	0.00032339135150835294	1.4806104907715038e-13	0.99	1
full_sample	18	0	18	1624	826	1	pass	135.31655477898445	0.3480545063307424	4.741555961998657	134.9873466310481	0.329208147936356	0.8023715415019763	0.2641472491347046	0.9960974884691093	1	0.75	0.9970716862504464	0.00032339135150835294	1.4806104907715038e-13	0.9967492940225182	0
full_sample	19	0	19	1783	839	0	mu_error	135.39950313892516	0.5803610688766313	6.567971034331177	134.9873466310481	nan	0.8167659184608337	nan	1.0	0	0.75	1.0	0.00032339135150835294	1.4806104907715038e-13	1.0	0
full_sample	20	0	20	1582	821	1	pass	135.49593909384959	0.41122865263182107	5.548334216136364	134.9873466310481	0.508592462801488	0.798183652875883	0.4059501897840333	0.9940119083297175	1	0.75	0.9955055612151416	0.00032339135150835294	1.4806104907715038e-13	0.9951836753766198	0
full_sample	21	0	21	1605	811	0	mu_error	139.6748309891168	0.714088823646989	5.276438036574058	134.9873466310481	nan	0.800498753117207	nan	1.0	0	0.75	1.0	0.00032339135150835294	1.4806104907715038e-13	1.0	0
full_sample	22	0	22	1606	817	1	pass	134.33294871244433	0.3909424755629098	5.248330390470139	134.9873466310481	-0.6543979186037632	0.8005982053838484	-0.5239097992410985	1.00780840509383	1	0.75	1.0058506062872068	0.00032339135150835294	1.4806104907715038e-13	1.0055253754914721	0
full_sample	23	0	23	1590	817	1	pass	137.9289114803703	0.3638820888737969	4.963021523523547	134.9873466310481	2.941564849322191	0.7989949748743719	2.3502955328755193	0.9660637002775447	1	0.75	0.99	0.00032339135150835294	1.4806104907715038e-13	0.99	1
full_sample	24	0	24	1504	783	1	pass	137.94335938852706	0.42062108709070095	5.3195255946769455	134.9873466310481	2.956012757478959	0.7899159663865546	2.335001673974976	0.9662789139165494	1	0.75	0.99	0.00032339135150835294	1.4806104907715038e-13	0.99	1
full_sample	25	0	25	1441	713	0	mu_error	137.24315551977017	0.5630536590091657	5.705371966055165	134.9873466310481	nan	0.7827267789244976	nan	1.0	0	0.75	1.0	0.00032339135150835294	1.4806104907715038e-13	1.0	0
full_sample	26	0	26	1301	668	1	pass	134.7267030907155	0.4596259871028102	6.124312182745124	134.9873466310481	-0.26064354033260884	0.7648442092886537	-0.19935170251188952	1.0029604274840382	1	0.75	1.0022194999875724	0.00032339135150835294	1.4806104907715038e-13	1.0018954432703577	0
full_sample	27	0	27	1315	706	1	pass	135.6998159747865	0.460291746015599	5.145386724097136	134.9873466310481	0.7124693437384053	0.7667638483965015	0.5462957358693895	0.9919542057019746	1	0.75	0.9939595649504392	0.00032339135150835294	1.4806104907715038e-13	0.9936381789929057	0
full_sample	28	0	28	1244	658	1	pass	134.10986647814093	0.47358472136280777	5.360450914431172	134.9873466310481	-0.8774801529071681	0.7566909975669099	-0.6639813322484897	1.009911541473447	1	0.75	1.0074244840555588	0.00032339135150835294	1.4806104907715038e-13	1.007098744363656	0
full_sample	29	0	29	1257	596	0	mu_error,significance	139.90979508479796	1.9772740282988035	7.0290436623413886	134.9873466310481	nan	0.7585998792999397	nan	1.0	0	0.75	1.0	0.00032339135150835294	1.4806104907715038e-13	1.0	0
full_sample	33	1	3	1220	630	1	pass	132.8312658581263	0.3827905087939924	5.578214397471803	134.9873466310481	-2.156080772921797	0.7530864197530864	-1.6237151499781435	1.024500413217314	1	0.75	1.01	0.00032339135150835294	1.4806104907715038e-13	1.009673427543177	1
full_sample	34	1	4	1644	867	1	pass	134.16830403218327	0.2582408798128936	4.487445123390556	134.9873466310481	-0.8190425988648258	0.8043052837573386	-0.6587602898893217	1.0098330308531211	1	0.75	1.007365745527571	0.00032339135150835294	1.4806104907715038e-13	1.007040024828129	0
full_sample	35	1	5	1918	1006	1	pass	134.3434136422814	0.24161304115085946	4.875389768308123	134.9873466310481	-0.6439329887666929	0.8274374460742019	-0.5328142676680401	1.0079419076615714	1	0.75	1.0059505370488044	0.00032339135150835294	1.4806104907715038e-13	1.0056252739415503	0
full_sample	36	1	6	1910	1016	1	pass	134.55937000899576	0.23327409030615198	4.343183000689561	134.9873466310481	-0.4279766220523413	0.8268398268398268	-0.3538681160692519	1.0052640917087696	1	0.75	1.003945476588349	0.00032339135150835294	1.4806104907715038e-13	1.003620861795472	0
full_sample	37	1	7	1948	1056	1	pass	134.5208456638535	0.24201573938970844	4.93408396194024	134.9873466310481	-0.4665009671946052	0.8296422487223168	-0.38702891145446805	1.0057595158823158	1	0.75	1.0043165344735516	0.00032339135150835294	1.4806104907715038e-13	1.0039917997031644	0
full_sample	38	1	8	1849	1039	1	pass	134.73050420467337	0.19053847720907124	4.63479023249172	134.9873466310481	-0.25684242637473176	0.8221431747443309	-0.21116124782875903	1.0031362147733955	1	0.75	1.0023512401726076	0.00032339135150835294	1.4806104907715038e-13	1.0020271408586443	0
full_sample	39	1	9	1872	979	1	pass	134.92974900576732	0.19800164833738615	4.061848317121919	134.9873466310481	-0.05759762528077772	0.823943661971831	-0.047457198294725306	1.0007035625235288	1	0.75	1.0005276254999742	0.00032339135150835294	1.4806104907715038e-13	1.0002041158318764	0
full_sample	40	1	10	1885	996	1	pass	134.91910598520047	0.20321758368070683	4.432037101343928	134.9873466310481	-0.06824064584762368	0.824945295404814	-0.05629479974738321	1.0008346637523666	1	0.75	1.0006259325247677	0.00032339135150835294	1.4806104907715038e-13	1.000302391070168	0
full_sample	41	1	11	1816	1016	1	pass	134.7767273064449	0.17031814498302492	4.096996792131298	134.9873466310481	-0.21061932460318644	0.8194945848375451	-0.17260139597445243	1.0025624150043666	1	0.75	1.001921196349797	0.00032339135150835294	1.4806104907715038e-13	1.0015972360858019	0
full_sample	42	1	12	1779	987	1	pass	134.37141208476754	0.1917664031060465	4.277560151463878	134.9873466310481	-0.6159345462805561	0.8164295548416705	-0.5028671674314407	1.0074930233235626	1	0.75	1.0056145202261773	0.00032339135150835294	1.4806104907715038e-13	1.005289365766289	0
full_sample	43	1	13	1799	1019	1	pass	134.69839108417932	0.19085290836319743	4.105810262055759	134.9873466310481	-0.28895554686877745	0.8180991359708959	-0.23639428322734454	1.003511968121994	1	0.75	1.0026328214751963	0.00032339135150835294	1.4806104907715038e-13	1.0023086311149976	0
full_sample	44	1	14	1712	924	1	pass	134.8669030328267	0.19462253748109315	4.26997893805702	134.9873466310481	-0.12044359822138517	0.8106060606060606	-0.09763231067945616	1.0014482264802018	1	0.75	1.0010859733512112	0.00032339135150835294	1.4806104907715038e-13	1.0007622831474405	0
full_sample	45	1	15	1636	898	1	pass	135.09783200972404	0.18223143638881928	4.071114845112611	134.9873466310481	0.11048537867594632	0.8035363457760314	0.08877901744295097	0.9986858239959674	1	0.75	0.9990142059965105	0.00032339135150835294	1.4806104907715038e-13	0.9986911856760614	0
full_sample	46	1	16	1633	917	1	pass	134.96688031904694	0.20908251302241734	4.187912704221482	134.9873466310481	-0.02046631200116167	0.8032464338416134	-0.016439492128822925	1.0002436347632355	1	0.75	1.0001827205081886	0.00032339135150835294	1.4806104907715038e-13	0.9998593223613487	0
full_sample	47	1	17	1707	947	1	pass	134.57984197750332	0.22287720996193702	4.519083093178084	134.9873466310481	-0.40750465354477683	0.81015662078785	-0.33014259307115995	1.004909855652475	1	0.75	1.0036801363485912	0.00032339135150835294	1.4806104907715038e-13	1.0033556073505794	0
full_sample	48	1	18	1621	909	1	pass	134.92763091516272	0.20569615940830852	4.1938772241627955	134.9873466310481	-0.05971571588537472	0.802078179119248	-0.0478966726621437	1.0007100812889287	1	0.75	1.0005325137104795	0.00032339135150835294	1.4806104907715038e-13	1.000209002461832	0
full_sample	49	1	19	1504	897	1	pass	134.35216650623119	0.23409295183630188	4.607801519539964	134.9873466310481	-0.6351801248169124	0.7899159663865546	-0.5017389221242837	1.0074761176432292	1	0.75	1.0056018645802698	0.00032339135150835294	1.4806104907715038e-13	1.005276714212446	0
full_sample	50	1	20	1509	875	1	pass	135.168942620768	0.23618991651736346	4.583826754916258	134.9873466310481	0.1815959897199093	0.7904662126767942	0.14354549423119076	0.997876419602632	1	0.75	0.9984068915530353	0.00032339135150835294	1.4806104907715038e-13	0.9980840676010713	0
full_sample	51	1	21	1165	661	1	pass	134.5400720160473	0.2440123542429035	3.9613021731401137	134.9873466310481	-0.4472746150007936	0.744408945686901	-0.3329552245852553	1.0049518401167983	1	0.75	1.0037115859999526	0.00032339135150835294	1.4806104907715038e-13	1.00338704683304	0
full_sample	52	1	22	1579	885	1	pass	134.91758044500833	0.23042437610702562	4.555202146663506	134.9873466310481	-0.06976618603977158	0.797877716018191	-0.055664885172713154	1.0008253184440303	1	0.75	1.0006189249971096	0.00032339135150835294	1.4806104907715038e-13	1.0002953858083174	0
full_sample	53	1	23	1391	840	1	pass	133.9940602063305	0.22502614088225573	4.66630887138236	134.9873466310481	-0.9932864247176099	0.7766610831937465	-0.7714469105428226	1.0115295744423096	1	0.75	1.0086347780256628	0.00032339135150835294	1.4806104907715038e-13	1.0083086469984377	0
full_sample	54	1	24	1417	817	1	pass	133.9929036785615	0.19619299632925763	3.9895357823770086	134.9873466310481	-0.9944429524865939	0.7798569069895432	-0.7755232051037444	1.0115910248452797	1	0.75	1.0086807335848	0.00032339135150835294	1.4806104907715038e-13	1.0083545876983477	0
full_sample	55	1	25	1410	832	1	pass	134.69009567280253	0.21132004450068054	4.137294641188241	134.9873466310481	-0.29725095824557	0.7790055248618785	-0.2315601387437866	1.0034399649546806	1	0.75	1.002578865925636	0.00032339135150835294	1.4806104907715038e-13	1.0022546930113745	0
full_sample	56	1	26	1363	806	1	pass	134.72749565675073	0.22737946803878994	4.393459907988195	134.9873466310481	-0.2598509742973647	0.7731140102098696	-0.20089442879597738	1.0029833886291863	1	0.75	1.002236708075444	0.00032339135150835294	1.4806104907715038e-13	1.001912645794182	0
full_sample	57	1	27	1405	826	1	pass	134.60492946841947	0.18652327277352265	3.9306844024352734	134.9873466310481	-0.38241716262862724	0.778393351800554	-0.29767097700455475	1.004425338682901	1	0.75	1.0033171714244864	0.00032339135150835294	1.4806104907715038e-13	1.0029927597872141	0
full_sample	58	1	28	1248	750	1	pass	133.79344994834864	0.25939998988385277	4.808815296150605	134.9873466310481	-1.1938966826994601	0.7572815533980582	-0.9041159344714358	1.013532446831559	1	0.75	1.01	0.00032339135150835294	1.4806104907715038e-13	1.009673427543177	1
full_sample	59	1	29	1246	672	1	pass	135.981236180118	0.4039029624661746	5.06040706121722	134.9873466310481	0.9938895490699053	0.7569866342648846	0.7523611045814714	0.9889444981116856	1	0.75	0.9916968619585408	0.00032339135150835294	1.4806104907715038e-13	0.9913762076212798	0
full_sample	63	2	3	1517	801	1	pass	135.59337061703073	0.31894161186013464	5.281653168979008	134.9873466310481	0.6060239859826311	0.7913406364110589	0.4795714067478619	0.9929316994528444	1	0.75	0.9946940769082545	0.00032339135150835294	1.4806104907715038e-13	0.9943724534543106	0
full_sample	64	2	4	1663	867	1	pass	134.34439159027986	0.21712745465759484	4.152386312507307	134.9873466310481	-0.6429550407682427	0.8061076102762966	-0.518290951428787	1.0077241766995695	1	0.75	1.0057875570512735	0.00032339135150835294	1.4806104907715038e-13	1.0054623466418198	0
full_sample	65	2	5	1894	1004	1	pass	134.6830606208218	0.19859033407893487	4.074097154350546	134.9873466310481	-0.3042860102262921	0.8256320836965998	-0.2512282926628584	1.0037329647366102	1	0.75	1.0027984191715302	0.00032339135150835294	1.4806104907715038e-13	1.0024741752671271	0
full_sample	66	2	6	1916	1022	1	pass	133.9660676156008	0.2065898704124689	4.643099358911215	134.9873466310481	-1.0212790154473055	0.8272884283246977	-0.844892311570396	1.0126376276582325	1	0.75	1.0094633262515307	0.00032339135150835294	1.4806104907715038e-13	1.0091369273222963	0
full_sample	67	2	7	1990	1029	1	pass	134.95583262858523	0.21937743026615664	4.593622265722128	134.9873466310481	-0.031514002462870394	0.8326359832635983	-0.02623969242724355	1.000388916982288	1	0.75	1.000291673558724	0.00032339135150835294	1.4806104907715038e-13	0.9999682401831064	0
full_sample	68	2	8	1946	1017	1	pass	134.79341690719687	0.1962620367220628	4.246348601071033	134.9873466310481	-0.19392972385122675	0.8294970161977835	-0.16086412728665272	1.0023878533017088	1	0.75	1.0017903559595929	0.00032339135150835294	1.4806104907715038e-13	1.0014664380014073	0
full_sample	69	2	9	1841	1053	1	pass	134.5416322668838	0.1746831328042754	3.8944749202061018	134.9873466310481	-0.4457143641643029	0.821508255243195	-0.3661580296414465	1.0054476610160303	1	0.75	1.0040829698382463	0.00032339135150835294	1.4806104907715038e-13	1.0037583105884302	0
full_sample	70	2	10	1816	1009	1	pass	134.46776087617695	0.20339584470144254	4.226819319360344	134.9873466310481	-0.5195857548711444	0.8194945848375451	-0.425797712475631	1.0063391885022808	1	0.75	1.004750633919349	0.00032339135150835294	1.4806104907715038e-13	1.0044257587876526	0
full_sample	71	2	11	1805	988	1	pass	135.08659199183413	0.1782236637343705	4.04798632132608	134.9873466310481	0.09924536078602841	0.81859410430839	0.08124166721940194	0.9987972970474068	1	0.75	0.9990978371087027	0.00032339135150835294	1.4806104907715038e-13	0.998774789747048	0
full_sample	72	2	12	1902	1034	1	pass	134.78764471773428	0.18111930307495447	4.1430303960667025	134.9873466310481	-0.1997019133138167	0.8262380538662033	-0.16500132020976516	1.0024493782091741	1	0.75	1.0018364717813357	0.00032339135150835294	1.4806104907715038e-13	1.0015125389121033	0
full_sample	73	2	13	1891	991	1	pass	134.88718464437744	0.1665666685075625	3.706605564353712	134.9873466310481	-0.10016198667065623	0.8254037538192929	-0.08267407978795763	1.0012261399311766	1	0.75	1.0009194640747971	0.00032339135150835294	1.4806104907715038e-13	1.0005958277099805	0
full_sample	74	2	14	1879	1031	1	pass	134.73138706946278	0.18707317267139853	4.0557315585196045	134.9873466310481	-0.2559595615853141	0.8244844229925405	-0.21103467144309132	1.0031343304152294	1	0.75	1.0023498280095628	0.00032339135150835294	1.4806104907715038e-13	1.002025729152207	0
full_sample	75	2	15	1808	994	1	pass	134.64657888126766	0.1757389939074272	3.953344974918692	134.9873466310481	-0.34076774978044	0.8188405797101449	-0.2790344617767371	1.0041474169093063	1	0.75	1.0031089528621815	0.00032339135150835294	1.4806104907715038e-13	1.0027846085501047	0
full_sample	76	2	16	1767	1012	1	pass	134.83425326617945	0.16042850153364788	3.8201657229772565	134.9873466310481	-0.15309336486865277	0.8154130133825566	-0.12483432197642337	1.0018522872408797	1	0.75	1.001388894025397	0.00032339135150835294	1.4806104907715038e-13	1.0010651058755382	0
full_sample	77	2	17	1806	1007	1	pass	135.08511398701856	0.18557621972716118	4.018842771829296	134.9873466310481	0.09776735597046127	0.8186763372620127	0.0800398208896886	0.998815073384924	1	0.75	0.9991111733438724	0.00032339135150835294	1.4806104907715038e-13	0.998788121670092	0
full_sample	78	2	18	1699	947	1	pass	134.58776716417543	0.19019143061705368	4.000862950823636	134.9873466310481	-0.399579466872666	0.8094330633635064	-0.32343283192789873	1.0048097089236692	1	0.75	1.0036051172804286	0.00032339135150835294	1.4806104907715038e-13	1.0032806125390121	0
full_sample	79	2	19	1810	1058	1	pass	134.86908072468376	0.19097798849671846	4.249648429185495	134.9873466310481	-0.11826590636434275	0.8190045248868778	-0.09686031245224451	1.0014367627267164	1	0.75	1.0010773786338802	0.00032339135150835294	1.4806104907715038e-13	1.0007536912091173	0
full_sample	80	2	20	1658	973	1	pass	135.01955539971266	0.20014223106477594	4.302542976914065	134.9873466310481	0.03220876866456024	0.8056365403304179	0.025948560955219083	0.9996156210757183	1	0.75	0.9997117019532739	0.00032339135150835294	1.4806104907715038e-13	0.9993884561051337	0
full_sample	81	2	21	1336	754	1	pass	134.96272659276326	0.21469784634411493	4.2874917679513045	134.9873466310481	-0.024620038284837165	0.7695852534562212	-0.018947218403538277	1.0002808073206522	1	0.75	1.0002105980989084	0.00032339135150835294	1.4806104907715038e-13	0.9998871909381544	0
full_sample	82	2	22	1525	844	1	pass	134.2395653209039	0.2120073225110989	4.746148697518174	134.9873466310481	-0.7477813101442052	0.7922077922077922	-0.5923981807635912	1.0088359180649695	1	0.75	1.006619645977092	0.00032339135150835294	1.4806104907715038e-13	1.0062941665207823	0
full_sample	83	2	23	1687	873	1	pass	136.63598106923686	0.24515474362923173	4.303606875351075	134.9873466310481	1.6486344381887648	0.808337326305702	1.3326527538210091	0.9805422117235036	1	0.75	0.99	0.00032339135150835294	1.4806104907715038e-13	0.99	1
full_sample	84	2	24	1536	917	1	pass	134.64241798458505	0.18762687447840035	3.829015767582961	134.9873466310481	-0.3449286464630461	0.7933884297520661	-0.27366239719382174	1.0040673260470734	1	0.75	1.0030489462381955	0.00032339135150835294	1.4806104907715038e-13	1.0027246213286045	0
full_sample	85	2	25	1505	883	1	pass	134.73664797520925	0.17973110583982377	4.0114438398200924	134.9873466310481	-0.2506986558388462	0.7900262467191601	-0.19805851812990213	1.002941180999784	1	0.75	1.0022050757534	0.00032339135150835294	1.4806104907715038e-13	1.0018810237001037	0
full_sample	86	2	26	1376	811	1	pass	134.18899811153864	0.19396164965053003	3.8984391057756818	134.9873466310481	-0.7983485195094602	0.7747747747747747	-0.6185402943947169	1.0092285356567507	1	0.75	1.00691344798521	0.00032339135150835294	1.4806104907715038e-13	1.006587873531233	0
full_sample	87	2	27	1325	746	1	pass	134.9548249841224	0.22298471788165186	4.1029363018569205	134.9873466310481	-0.032521646925687264	0.7681159420289855	-0.02498039546465833	1.0003702468714673	1	0.75	1.0002776723040752	0.00032339135150835294	1.4806104907715038e-13	0.9999542434556101	0
full_sample	88	2	28	1327	799	1	pass	134.72912033628234	0.19465800205206177	4.054844465659221	134.9873466310481	-0.25822629476576253	0.768384481760278	-0.1984170776804672	1.0029465173919159	1	0.75	1.0022090751073691	0.00032339135150835294	1.4806104907715038e-13	1.0018850217609252	0
full_sample	89	2	29	1316	705	1	pass	138.40750917814063	0.4419490632890483	5.218029957221987	134.9873466310481	3.4201625470925308	0.7668997668997669	2.622921860124575	0.9622393630601922	1	0.75	0.99	0.00032339135150835294	1.4806104907715038e-13	0.99	1
full_sample	93	3	3	802	109	0	entries,sigma,significance	125.00000000000001	1.1350357897957915e-16	1.0000000000077092	134.9873466310481	nan	0.6672212978369384	nan	1.0	0	0.75	1.0	0.00032339135150835294	1.4806104907715038e-13	1.0	0
full_sample	94	3	4	2015	999	1	pass	135.78717901862458	0.23306338977240074	4.665318930794068	134.9873466310481	0.7998323875764868	0.8343685300207039	0.6673549734851432	0.9901844013165066	1	0.75	0.9926292314055649	0.00032339135150835294	1.4806104907715038e-13	0.9923082755968377	0
full_sample	95	3	5	1763	961	1	pass	134.18349129356406	0.21768323523904506	4.381934921082146	134.9873466310481	-0.8038553374840376	0.8150716597318539	-0.6551997041074241	1.0097794943434082	1	0.75	1.0073256909825812	0.00032339135150835294	1.4806104907715038e-13	1.0069999832343384	0
full_sample	96	3	6	2072	1106	1	pass	134.54514501436046	0.19780598069447253	4.493396815569952	134.9873466310481	-0.44220161668764035	0.8381877022653722	-0.37064795702944614	1.0055147377271716	1	0.75	1.0041332086703925	0.00032339135150835294	1.4806104907715038e-13	1.0038085331763993	0
full_sample	97	3	7	1899	1005	1	pass	134.09139931180582	0.20078132219502537	4.403935820605826	134.9873466310481	-0.895947319242282	0.8260113092648977	-0.7400626181996927	1.0110566416715716	1	0.75	1.008281072852909	0.00032339135150835294	1.4806104907715038e-13	1.0079550561923845	0
full_sample	98	3	8	1994	1025	1	pass	134.30046916315462	0.19001209117701642	4.076639969390009	134.9873466310481	-0.6868774678934813	0.8329156223893066	-0.5721109736756899	1.0085313907576294	1	0.75	1.0063917436495817	0.00032339135150835294	1.4806104907715038e-13	1.0060663378829973	0
full_sample	99	3	9	1929	1019	1	pass	134.93941018858678	0.179490335854547	4.168625759828756	134.9873466310481	-0.047936442461320894	0.82825246887076	-0.03970347681747016	1.000588561304785	1	0.75	1.0004413885111367	0.00032339135150835294	1.4806104907715038e-13	1.0001179067268262	0
full_sample	100	3	10	1930	1017	1	pass	134.62801135525632	0.16781929488249633	3.7690475515223727	134.9873466310481	-0.3593352757917785	0.8283261802575107	-0.29764681642838303	1.0044249783074728	1	0.75	1.0033169014411008	0.00032339135150835294	1.4806104907715038e-13	1.0029924898911244	0
full_sample	101	3	11	1764	1013	1	pass	133.99401682542552	0.23095074300452206	4.550989557225652	134.9873466310481	-0.9933298056225794	0.8151571164510166	-0.8097198600361507	1.0121067622274826	1	0.75	1.0090663992363362	0.00032339135150835294	1.4806104907715038e-13	1.0087401286491122	0
full_sample	102	3	12	1953	1045	1	pass	135.15223116876223	0.18207507788368182	3.783670647783928	134.9873466310481	0.16488453771412992	0.8300042498937527	0.13685486704449457	0.9979752489074109	1	0.75	0.9984810520168496	0.00032339135150835294	1.4806104907715038e-13	0.9981582040859105	0
full_sample	103	3	13	1842	1036	1	pass	134.5167958613063	0.191808155692397	4.082959541492022	134.9873466310481	-0.47055076974180565	0.8215878679750223	-0.3865988036861757	1.005753087703614	1	0.75	1.0043117202526475	0.00032339135150835294	1.4806104907715038e-13	1.003986987038886	0
full_sample	104	3	14	1906	1008	1	pass	134.65008346595792	0.18892678350803316	4.074008337217184	134.9873466310481	-0.33726316509017806	0.826539462272333	-0.27876131511790087	1.0041433443980246	1	0.75	1.00310590163594	0.00032339135150835294	1.4806104907715038e-13	1.002781558310444	0
full_sample	105	3	15	1772	943	1	pass	134.70668060190573	0.184091420479993	4.082455756479346	134.9873466310481	-0.2806660291423668	0.8158379373848987	-0.22897799430951843	1.003401507844175	1	0.75	1.0025500477060885	0.00032339135150835294	1.4806104907715038e-13	1.0022258841098828	0
full_sample	106	3	16	1800	1003	1	pass	134.9174524902126	0.19189552534184975	4.215320041642089	134.9873466310481	-0.06989414083548695	0.8181818181818182	-0.05718611522903478	1.000847887384923	1	0.75	1.0006358481643962	0.00032339135150835294	1.4806104907715038e-13	1.000312303503683	0
full_sample	107	3	17	1695	992	1	pass	134.51625959476132	0.20994654299734355	4.3428471541426354	134.9873466310481	-0.4710870362867752	0.8090692124105012	-0.3811420174253384	1.00567153861627	1	0.75	1.0042506454704903	0.00032339135150835294	1.4806104907715038e-13	1.0039259320045917	0
full_sample	108	3	18	1792	1007	1	pass	134.58510917534662	0.17943535946308764	4.245515248429531	134.9873466310481	-0.4022374557014814	0.8175182481751825	-0.32883646013551765	1.0048903597550423	1	0.75	1.0036655322831094	0.00032339135150835294	1.4806104907715038e-13	1.0033410080071625	0
full_sample	109	3	19	1755	978	1	pass	134.85672627303154	0.19023077766241622	4.081940203910589	134.9873466310481	-0.13062035801655725	0.814385150812065	-0.1063752799624399	1.0015780685545799	1	0.75	1.00118331810365	0.00032339135150835294	1.4806104907715038e-13	1.0008595964245182	0
full_sample	110	3	20	1770	1020	1	pass	134.9973004527856	0.1759675896929547	4.099626175074412	134.9873466310481	0.009953821737497037	0.815668202764977	0.008119015887267168	0.9998797082843668	1	0.75	0.9999097798566355	0.00032339135150835294	1.4806104907715038e-13	0.9995864699621709	0
full_sample	111	3	21	1630	982	1	pass	134.81130499866563	0.2033611590778498	4.513686864959029	134.9873466310481	-0.17604163238246429	0.8029556650246306	-0.14135362600168314	1.002097785606772	1	0.75	1.0015729269992264	0.00032339135150835294	1.4806104907715038e-13	1.0012490793443178	0
full_sample	112	3	22	1642	957	1	pass	134.59524776842227	0.21090114029485843	4.580266183391388	134.9873466310481	-0.39209886262582927	0.8041136141038198	-0.3152920335120527	1.0046882233068253	1	0.75	1.0035141109224213	0.00032339135150835294	1.4806104907715038e-13	1.0031896356069159	0
full_sample	113	3	23	1516	866	1	pass	134.26589259737673	0.21964085141911546	4.406221891073931	134.9873466310481	-0.721454033671364	0.791231732776618	-0.5708373251804738	1.0085122768688122	1	0.75	1.0063774386123447	0.00032339135150835294	1.4806104907715038e-13	1.006052037471138	0
full_sample	114	3	24	1579	931	1	pass	135.22825325024584	0.19293606407148145	4.314343619797544	134.9873466310481	0.24090661919774448	0.797877716018191	0.19221402309916044	0.9971579634326969	1	0.75	0.9978677144415218	0.00032339135150835294	1.4806104907715038e-13	0.9975450648265817	0
full_sample	115	3	25	1552	914	1	pass	134.19530497121238	0.18752558910216835	4.048332997209323	134.9873466310481	-0.7920416598357178	0.7950819672131147	-0.6297380410169232	1.0093967800985106	1	0.75	1.0070393392390684	0.00032339135150835294	1.4806104907715038e-13	1.006713724079531	0
full_sample	116	3	26	1488	894	1	pass	134.6593322769611	0.21760255212859186	4.618537193753416	134.9873466310481	-0.32801435408700286	0.788135593220339	-0.2585197875431463	1.0038416199641997	1	0.75	1.0028798336163962	0.00032339135150835294	1.4806104907715038e-13	1.0025555633875227	0
full_sample	117	3	27	1392	865	1	pass	134.55962432363717	0.20562407740239347	4.353044175806428	134.9873466310481	-0.42772230741093153	0.7767857142857143	-0.33224857807813435	1.0049412916780909	1	0.75	1.0037036844242648	0.00032339135150835294	1.4806104907715038e-13	1.0033791478122402	0
full_sample	118	3	28	1383	828	1	pass	134.42698324712052	0.21820718442425927	4.48657239540127	134.9873466310481	-0.5603633839275801	0.7756590016825575	-0.4346509029567265	1.0064716320369775	1	0.75	1.0048498081375592	0.00032339135150835294	1.4806104907715038e-13	1.0045249009389638	0
full_sample	119	3	29	1376	694	0	mu_error	140.39373288629835	0.6799380317185287	5.369879510622716	134.9873466310481	nan	0.7747747747747747	nan	1.0	0	0.75	1.0	0.00032339135150835294	1.4806104907715038e-13	1.0	0
full_sample	123	4	3	1628	835	1	pass	135.02682504259295	0.30771970145753547	4.655729147408316	134.9873466310481	0.03947841154484877	0.8027613412228797	0.031691742601091616	0.9995305766402282	1	0.75	0.9996479118175396	0.00032339135150835294	1.4806104907715038e-13	0.9993246865952424	0
full_sample	124	4	4	1763	893	1	pass	134.674141586395	0.21926611083164527	4.313706471300576	134.9873466310481	-0.3132050446531025	0.8150716597318539	-0.2552845555817937	1.0037934075267354	1	0.75	1.0028437087158768	0.00032339135150835294	1.4806104907715038e-13	1.0025194501675947	0
full_sample	125	4	5	2001	1053	1	pass	134.65092862294128	0.22234497889814125	4.735965369304572	134.9873466310481	-0.33641800810681843	0.8334027488546439	-0.2803716927204264	1.0041673548642167	1	0.75	1.0031238908267899	0.00032339135150835294	1.4806104907715038e-13	1.0027995416846858	0
full_sample	126	4	6	1955	1044	1	pass	134.43864040622375	0.20116348465747852	4.54558206430932	134.9873466310481	-0.5487062248243433	0.8301486199575372	-0.4555077153000387	1.0067837528640828	1	0.75	1.0050835124867554	0.00032339135150835294	1.4806104907715038e-13	1.0047585297224135	0
full_sample	127	4	7	2143	1156	1	pass	134.64511761766434	0.20823308557781828	4.599881137233914	134.9873466310481	-0.3422290133837578	0.842705465985057	-0.2883982601971659	1.0042870425145192	1	0.75	1.003213561949971	0.00032339135150835294	1.4806104907715038e-13	1.0028891838136895	0
full_sample	128	4	8	1999	1102	1	pass	134.4905061323615	0.1871777625241419	4.26306790453307	134.9873466310481	-0.49684049868659486	0.8332638599416423	-0.4139992317109225	1.0061627241211704	1	0.75	1.0046184916550336	0.00032339135150835294	1.4806104907715038e-13	1.0042936592500933	0
full_sample	129	4	9	2085	1100	1	pass	134.8775630673636	0.18058661317427063	4.085094227138931	134.9873466310481	-0.10978356368448772	0.8390342052313883	-0.09211216510348365	1.0013662596511592	1	0.75	1.0010245198380314	0.00032339135150835294	1.4806104907715038e-13	1.0007008495045822	0
full_sample	130	4	10	2056	1105	1	pass	135.10636745819093	0.16937582110077293	3.891128184725202	134.9873466310481	0.11902082714283324	0.8371335504885994	0.09963632760816984	0.9985252834558043	1	0.75	0.99889375858001	0.00032339135150835294	1.4806104907715038e-13	0.9985707772049163	0
full_sample	131	4	11	2061	1099	1	pass	134.57768007537703	0.17959403770851268	4.177936050912733	134.9873466310481	-0.40966655567106613	0.8374644453474197	-0.34308117482245726	1.0051030130949798	1	0.75	1.00382482367763	0.00032339135150835294	1.4806104907715038e-13	1.0035002478965522	0
full_sample	132	4	12	1947	1056	1	pass	134.7081963927878	0.1785213754449518	4.263799990943986	134.9873466310481	-0.27915023826028573	0.8295696634000852	-0.23157456919163882	1.0034401798804462	1	0.75	1.0025790269816275	0.00032339135150835294	1.4806104907715038e-13	1.0022548540152902	0
full_sample	133	4	13	1905	1003	1	pass	134.96301916180147	0.18017207370665675	3.969085337427679	134.9873466310481	-0.024327469246628652	0.8264642082429501	-0.020105782609469665	1.0002979816629523	1	0.75	1.0002234779238972	0.00032339135150835294	1.4806104907715038e-13	0.9999000665985925	0
full_sample	134	4	14	1874	1052	1	pass	134.49208167697975	0.17128250328164418	4.054653089950764	134.9873466310481	-0.4952649540683467	0.8240985048372911	-0.40814710814603417	1.006075213855155	1	0.75	1.0045529589744127	0.00032339135150835294	1.4806104907715038e-13	1.004228147758748	0
full_sample	135	4	15	1810	994	1	pass	135.12675219655029	0.18099116422254033	4.204136164550556	134.9873466310481	0.1394055655021873	0.8190045248868778	0.11417378894070543	0.9983103873346607	1	0.75	0.9987325226757463	0.00032339135150835294	1.4806104907715038e-13	0.9984095934345193	0
full_sample	136	4	16	1726	928	1	pass	134.01147711008485	0.17993863915852215	3.9003085850934403	134.9873466310481	-0.9758695209632435	0.8118532455315146	-0.7922628378092937	1.0118434346094605	1	0.75	1.0088694903944289	0.00032339135150835294	1.4806104907715038e-13	1.008543283475526	0
full_sample	137	4	17	1876	1050	1	pass	134.97486480280938	0.1764245660320554	4.156879467939984	134.9873466310481	-0.012481828238719572	0.8242530755711776	-0.010288185314515782	1.0001524614149866	1	0.75	1.000114343882208	0.00032339135150835294	1.4806104907715038e-13	0.9997909678442024	0
full_sample	138	4	18	1820	1077	1	pass	135.03229379474038	0.18025319220587815	3.968916510319601	134.9873466310481	0.04494716369228513	0.8198198198198198	0.03684857563962114	0.9994542240410056	1	0.75	0.9995906400989583	0.00032339135150835294	1.4806104907715038e-13	0.999267433394845	0
full_sample	139	4	19	1644	951	1	pass	134.32178441370587	0.22897777222043855	4.3876910386658885	134.9873466310481	-0.6655622173422273	0.8043052837573386	-0.5353152080776036	1.0079794084352043	1	0.75	1.0059786069313421	0.00032339135150835294	1.4806104907715038e-13	1.0056533347479986	0
full_sample	140	4	20	1859	1066	1	pass	135.1476115382925	0.17202741489060427	4.029970598746974	134.9873466310481	0.16026490724439668	0.8229305002213368	0.1318868802865575	0.9980486420611379	1	0.75	0.9985361242742411	0.00032339135150835294	1.4806104907715038e-13	0.9982132585362898	0
full_sample	141	4	21	1787	1067	1	pass	134.90341942919184	0.17011659511512114	4.1383148146282105	134.9873466310481	-0.08392720185625535	0.8171010516689529	-0.06857700490037874	1.0010169066753936	1	0.75	1.0007625831008005	0.00032339135150835294	1.4806104907715038e-13	1.0004389974617314	0
full_sample	142	4	22	1704	1007	1	pass	134.5312261381591	0.1774449036976038	3.9634382104336963	134.9873466310481	-0.45612049288899925	0.8098859315589354	-0.36940557028652793	1.0054961765734354	1	0.75	1.0041193068996146	0.00032339135150835294	1.4806104907715038e-13	1.0037946359006071	0
full_sample	143	4	23	1642	960	1	pass	135.27018988854272	0.2138611259518123	4.6587627002267835	134.9873466310481	0.28284325749461914	0.8041136141038198	0.2274381140088955	0.9966384610879482	1	0.75	0.9974777849596158	0.00032339135150835294	1.4806104907715038e-13	0.9971552614241102	0
full_sample	144	4	24	1640	934	1	pass	135.1349184931983	0.19197954877799814	4.320291452746328	134.9873466310481	0.14757186215021534	0.803921568627451	0.11863620290507508	0.9982444368131981	1	0.75	0.998683038460639	0.00032339135150835294	1.4806104907715038e-13	0.9983601252195919	0
full_sample	145	4	25	1575	923	1	pass	134.06751791853264	0.18949288185438357	4.016715499479465	134.9873466310481	-0.9198287125154536	0.7974683544303798	-0.7335342897275137	1.0109583073653292	1	0.75	1.0082075236907169	0.00032339135150835294	1.4806104907715038e-13	1.0078815308115097	0
full_sample	146	4	26	1579	952	1	pass	134.87092610309588	0.18465655591983934	3.9625797453240224	134.9873466310481	-0.11642052795221502	0.797877716018191	-0.0928893449401453	1.001377799130677	1	0.75	1.001033171481618	0.00032339135150835294	1.4806104907715038e-13	1.0007094983507545	0
full_sample	147	4	27	1454	871	1	pass	134.80744714375425	0.19548168154543613	3.8723355138962856	134.9873466310481	-0.1798994872938522	0.7842502696871629	-0.14108622142678592	1.0020938109081312	1	0.75	1.0015699475351092	0.00032339135150835294	1.4806104907715038e-13	1.001246100843578	0
full_sample	148	4	28	1389	829	1	pass	134.2807707562853	0.2633525132469786	4.723203772633028	134.9873466310481	-0.706575874762791	0.776411403018446	-0.5485935662635644	1.0081785480789978	1	0.75	1.0061276615198664	0.00032339135150835294	1.4806104907715038e-13	1.0058023411413517	0
full_sample	149	4	29	1339	719	0	mu_error	138.86566095771857	0.59118111283862	5.654247180268391	134.9873466310481	nan	0.7699827487061529	nan	1.0	0	0.75	1.0	0.00032339135150835294	1.4806104907715038e-13	1.0	0
full_sample	153	5	3	1433	747	1	pass	134.54776950190254	0.23152446964129172	4.072019502613283	134.9873466310481	-0.4395771291455617	0.7817785051827605	-0.34365195093594647	1.0051115353774647	1	0.75	1.0038312072543885	0.00032339135150835294	1.4806104907715038e-13	1.0035066294092512	0
full_sample	154	5	4	1858	984	1	pass	134.51328535080057	0.20070260870562842	4.207066518978854	134.9873466310481	-0.4740612802475255	0.8228520814880426	-0.3900823112045626	1.0058051522616995	1	0.75	1.004350712457733	0.00032339135150835294	1.4806104907715038e-13	1.0040259666362683	0
full_sample	155	5	5	2038	1064	1	pass	134.61819538438544	0.19306404205806318	4.343521380944149	134.9873466310481	-0.3691512466626534	0.8359310910582445	-0.308585004388223	1.0045881504666296	1	0.75	1.003439143070203	0.00032339135150835294	1.4806104907715038e-13	1.0031146919947327	0
full_sample	156	5	6	2125	1136	1	pass	134.58712250960832	0.18918217214826683	4.491040620955489	134.9873466310481	-0.40022412143977704	0.8415841584158416	-0.3368222804196143	1.0050095683862772	1	0.75	1.0037548284578677	0.00032339135150835294	1.4806104907715038e-13	1.003430275308979	0
full_sample	157	5	7	2057	1103	1	pass	134.38556733532582	0.22681635919404552	4.83412506985373	134.9873466310481	-0.601779295722281	0.8371998371998371	-0.5038095284089262	1.007507144030564	1	0.75	1.005625090991525	0.00032339135150835294	1.4806104907715038e-13	1.0052999331136951	0
full_sample	158	5	8	2090	1127	1	pass	134.07724499499307	0.20546394837509074	4.743340382835713	134.9873466310481	-0.9101016360550318	0.8393574297188755	-0.763900570022095	1.0114158276501068	1	0.75	1.008549710876262	0.00032339135150835294	1.4806104907715038e-13	1.0082236073545698	0
full_sample	159	5	9	2123	1135	1	pass	134.84116954107273	0.16822320087373988	4.05070119471431	134.9873466310481	-0.14617708997536738	0.8414585810543004	-0.12300196671331944	1.001825061614477	1	0.75	1.0013684841808976	0.00032339135150835294	1.4806104907715038e-13	1.001044702630339	0
full_sample	160	5	10	1977	1027	1	pass	134.69880426932275	0.20219459762920516	3.9299571685524626	134.9873466310481	-0.288542361725348	0.8317206562894405	-0.23998664246151155	1.003565480281065	1	0.75	1.0026729201669269	0.00032339135150835294	1.4806104907715038e-13	1.0023487168412548	0
full_sample	161	5	11	2043	1046	1	pass	134.8777811586593	0.18172486014135877	4.269402615135472	134.9873466310481	-0.10956547238879466	0.8362668849774867	-0.09162597629566414	1.0013590408753976	1	0.75	1.001019107599016	0.00032339135150835294	1.4806104907715038e-13	1.0006954390155551	0
full_sample	162	5	12	2043	1097	1	pass	134.49159247850412	0.15844722475328807	4.129069195086927	134.9873466310481	-0.4957541525439808	0.8362668849774867	-0.4145827808626086	1.0061714509029083	1	0.75	1.0046250266890233	0.00032339135150835294	1.4806104907715038e-13	1.0043001921710513	0
full_sample	163	5	13	1958	1048	1	pass	134.85622102339454	0.17183306756627328	3.894635321496372	134.9873466310481	-0.13112560765355852	0.8303647158608991	-0.10888207794133485	1.0016153017375897	1	0.75	1.0012112318552053	0.00032339135150835294	1.4806104907715038e-13	1.000887501150467	0
full_sample	164	5	14	1991	1068	1	pass	134.84320176176695	0.17025159050286018	3.893040797888115	134.9873466310481	-0.1441448692811491	0.8327059807611877	-0.12003029474645248	1.00178091007397	1	0.75	1.0013353854345828	0.00032339135150835294	1.4806104907715038e-13	1.001011614586142	0
full_sample	165	5	15	1864	975	1	pass	134.6528092204048	0.18489554395693422	4.09840414948401	134.9873466310481	-0.3345374106432928	0.823321554770318	-0.27543186105967216	1.004093705514248	1	0.75	1.0030687107070488	0.00032339135150835294	1.4806104907715038e-13	1.0027443794068331	0
full_sample	166	5	16	1896	1067	1	pass	134.56378291811998	0.17607245164746207	4.125764350088878	134.9873466310481	-0.42356371292811446	0.8257839721254355	-0.34977212530997603	1.0052029227745019	1	0.75	1.0038996597160896	0.00032339135150835294	1.4806104907715038e-13	1.0035750597375972	0
full_sample	167	5	17	1946	1061	1	pass	134.80438970489027	0.15292684485962924	3.759302348360599	134.9873466310481	-0.18295692615782855	0.8294970161977835	-0.151762224340637	1.0022525172739964	1	0.75	1.0016889127294297	0.00032339135150835294	1.4806104907715038e-13	1.0013650275718031	0
full_sample	168	5	18	1944	1070	1	pass	134.55988667593616	0.17680937765429278	4.198790336503177	134.9873466310481	-0.42745995511194224	0.8293515358361775	-0.3545145702805528	1.0052737462727108	1	0.75	1.0039527080046315	0.00032339135150835294	1.4806104907715038e-13	1.003628090873555	0
full_sample	169	5	19	1919	1074	1	pass	134.68944959015684	0.16343805621564428	3.8392973938035286	134.9873466310481	-0.29789704089125735	0.827511858559724	-0.24651333396736647	1.0036627135139207	1	0.75	1.0027457793505712	0.00032339135150835294	1.4806104907715038e-13	1.0024215524666784	0
full_sample	170	5	20	1844	1011	1	pass	134.57133891316752	0.16920280527220036	3.996046298965806	134.9873466310481	-0.416007717880575	0.82174688057041	-0.34185304446157766	1.0050846761957162	1	0.75	1.0038110884611342	0.00032339135150835294	1.4806104907715038e-13	1.0034865171211886	0
full_sample	171	5	21	1699	980	1	pass	134.59463949604438	0.17611882105554652	4.113780437849145	134.9873466310481	-0.3927071350037181	0.8094330633635064	-0.31787013929076563	1.0047266941480728	1	0.75	1.00354293019668	0.00032339135150835294	1.4806104907715038e-13	1.0032184455627775	0
full_sample	172	5	22	1644	913	1	pass	134.75246668843056	0.18569693890265007	3.910656873242124	134.9873466310481	-0.23487994261753897	0.8043052837573386	-0.1889151788959071	1.0028051163373501	1	0.75	1.0021031004253327	0.00032339135150835294	1.4806104907715038e-13	1.0017790813446437	0
full_sample	173	5	23	1631	978	1	pass	134.73544101311052	0.16572979860784193	3.983650367653675	134.9873466310481	-0.25190561793758093	0.8030526834071886	-0.20229348245012038	1.0030042121065157	1	0.75	1.0022523140162634	0.00032339135150835294	1.4806104907715038e-13	1.0019282466889912	0
full_sample	174	5	24	1682	1014	1	pass	134.86954690296037	0.16804533530079935	3.7592869971670213	134.9873466310481	-0.11779972808773209	0.8078770413064361	-0.09516769579421969	1.0014116289795127	1	0.75	1.001058535029143	0.00032339135150835294	1.4806104907715038e-13	1.0007348536972538	0
full_sample	175	5	25	1597	926	1	pass	134.93391566508515	0.18717954074029866	4.126080907844593	134.9873466310481	-0.05343096596294572	0.799699549323986	-0.04272871940051293	1.0006334285724063	1	0.75	1.0004750338237518	0.00032339135150835294	1.4806104907715038e-13	1.0001515411605972	0
full_sample	176	5	26	1575	949	1	pass	134.22533273357536	0.19449044903905466	4.125767644752061	134.9873466310481	-0.7620138974727411	0.7974683544303798	-0.6076819688706669	1.0090654311330194	1	0.75	1.0067913977380034	0.00032339135150835294	1.4806104907715038e-13	1.0064658627476393	0
full_sample	177	5	27	1514	929	1	pass	134.78324248548284	0.19073126905792523	4.212718970588387	134.9873466310481	-0.20410414556525325	0.7910135841170324	-0.16144915171671548	1.0023965529567735	1	0.75	1.0017968768045886	0.00032339135150835294	1.4806104907715038e-13	1.001472956737959	0
full_sample	178	5	28	1421	845	1	pass	134.57575998803037	0.20945242571256523	4.166035981755344	134.9873466310481	-0.41158664301772774	0.7803404722679846	-0.3211777153916481	1.0047760534796102	1	0.75	1.0035799058520851	0.00032339135150835294	1.4806104907715038e-13	1.0032554092625086	0
full_sample	179	5	29	1443	760	1	pass	139.42912471521691	0.3807445393949247	4.152028156532223	134.9873466310481	4.441778084168817	0.7829625610417797	3.477745944360067	0.9503942142712074	1	0.75	0.99	0.00032339135150835294	1.4806104907715038e-13	0.99	1
full_sample	183	6	3	1534	818	1	pass	135.47190963573638	0.2522422258432522	4.741518815607736	134.9873466310481	0.48456300468828317	0.7931747673216132	0.38434314849629075	0.9943292727043094	1	0.75	0.9957439326495762	0.00032339135150835294	1.4806104907715038e-13	0.9954219697362574	0
full_sample	184	6	4	1928	997	1	pass	134.63435937389195	0.2018510842570604	3.9247146078966657	134.9873466310481	-0.3529872571561441	0.8281786941580757	-0.29233652568601626	1.0043457755353506	1	0.75	1.003257564309217	0.00032339135150835294	1.4806104907715038e-13	1.002933171945254	0
full_sample	185	6	5	2244	1186	1	pass	135.08489509243432	0.20886015340302588	4.52204754300049	134.9873466310481	0.09754846138622497	0.848714069591528	0.08279075164549501	0.9987743854607929	1	0.75	0.9990806481988486	0.00032339135150835294	1.4806104907715038e-13	0.99875760639504	0
full_sample	186	6	6	2119	1100	1	pass	134.58183983561327	0.19814243286530697	4.259873011881227	134.9873466310481	-0.4055067954348317	0.8412068281063915	-0.3411150851633221	1.0050736581561546	1	0.75	1.0038028353912418	0.00032339135150835294	1.4806104907715038e-13	1.0034782667198363	0
full_sample	187	6	7	2156	1166	1	pass	134.57060145405362	0.19495182569046776	4.490084470336393	134.9873466310481	-0.4167451769944819	0.8435054773082942	-0.35152683943665997	1.0052291267381825	1	0.75	1.003919287144473	0.00032339135150835294	1.4806104907715038e-13	1.0035946808196665	0
full_sample	188	6	8	2185	1166	1	pass	134.9693632181641	0.17333977156442595	4.114810163233515	134.9873466310481	-0.017983412884007066	0.8452611218568665	-0.01520067974915104	1.0002252723497345	1	0.75	1.000168949505157	0.00032339135150835294	1.4806104907715038e-13	0.9998455558110202	0
full_sample	189	6	9	2032	1107	1	pass	134.6939218210115	0.20825680423850307	4.722389770658818	134.9873466310481	-0.2934248100366119	0.8355263157894737	-0.24516415049111653	1.0036426125128404	1	0.75	1.002730717335078	0.00032339135150835294	1.4806104907715038e-13	1.0024064953213234	0
full_sample	190	6	10	2068	1135	1	pass	134.98469843795814	0.17307198832069656	4.038286246461341	134.9873466310481	-0.0026481930899535655	0.8379254457050244	-0.0022189883752123073	1.0000328804118046	1	0.75	1.0000246602074998	0.00032339135150835294	1.4806104907715038e-13	0.9997013131677298	0
full_sample	191	6	11	2079	1115	1	pass	135.43069521692863	0.1702283095197867	3.889433058610284	134.9873466310481	0.4433485858805284	0.8386446147640177	0.37181190401194775	0.9945134013520341	1	0.75	0.995882222408218	0.00032339135150835294	1.4806104907715038e-13	0.9955602147804178	0
full_sample	192	6	12	2049	1047	1	pass	134.80438117573402	0.16659612291602827	4.160105337810367	134.9873466310481	-0.1829654553140756	0.8366680277664352	-0.15308134664701548	1.0022721295810046	1	0.75	1.0017036136521702	0.00032339135150835294	1.4806104907715038e-13	1.0013797237411612	0
full_sample	193	6	13	2068	1079	1	pass	134.8132593099325	0.16942813203327967	3.770552795273131	134.9873466310481	-0.17408732111559289	0.8379254457050244	-0.14587219613737687	1.0021649531593755	1	0.75	1.0016232758570944	0.00032339135150835294	1.4806104907715038e-13	1.0012994119224337	0
full_sample	194	6	14	1972	1064	1	pass	134.7682603714618	0.19040806920063238	4.335788570633598	134.9873466310481	-0.21908625958630523	0.8313659359190556	-0.18214085324797383	1.0027043235042121	1	0.75	1.002027557771526	0.00032339135150835294	1.4806104907715038e-13	1.0017035631167281	0
full_sample	195	6	15	2018	1087	1	pass	134.97924676938186	0.1597496604533677	4.1797841463902525	134.9873466310481	-0.00809986166623844	0.8345740281224152	-0.006759934178026952	1.0001001720600635	1	0.75	1.000075128104358	0.00032339135150835294	1.4806104907715038e-13	0.9997517647463455	0
full_sample	196	6	16	1899	1055	1	pass	134.53760326143524	0.1730114098595974	4.063498751263234	134.9873466310481	-0.449743369612861	0.8260113092648977	-0.3714931095671261	1.0055273645289295	1	0.75	1.004142665745401	0.00032339135150835294	1.4806104907715038e-13	1.0038179871935662	0
full_sample	197	6	17	1953	1078	1	pass	134.97493964180632	0.16958506869503362	4.142960340929445	134.9873466310481	-0.012406989241782185	0.8300042498937527	-0.010297853799065282	1.0001526047094063	1	0.75	1.000114451348925	0.00032339135150835294	1.4806104907715038e-13	0.9997910752761713	0
full_sample	198	6	18	1979	1110	1	pass	134.8524888891737	0.16403844380529903	4.177525112505927	134.9873466310481	-0.13485774187438437	0.8318621269440941	-0.11218304799050301	1.0016643338344087	1	0.75	1.001247990867558	0.00032339135150835294	1.4806104907715038e-13	1.000924248277195	0
full_sample	199	6	19	1939	1094	1	pass	134.78579189198305	0.1610305189517679	3.945735848086412	134.9873466310481	-0.2015547390650454	0.8289867464728516	-0.16708620737371654	1.0024803850712818	1	0.75	1.0018597126196565	0.00032339135150835294	1.4806104907715038e-13	1.0015357722357532	0
full_sample	200	6	20	1861	1048	1	pass	134.4264494914369	0.15228899590052264	3.6473068382879195	134.9873466310481	-0.5608971396111997	0.8230871295886776	-0.4616672166370821	1.0068759571677013	1	0.75	1.0051525481393082	0.00032339135150835294	1.4806104907715038e-13	1.004827543053043	0
full_sample	201	6	21	1851	1049	1	pass	134.803615532322	0.1753436429900671	4.13795602562667	134.9873466310481	-0.18373109872609916	0.8223011994669036	-0.15108230286184343	1.0022424086342219	1	0.75	1.001681335503399	0.00032339135150835294	1.4806104907715038e-13	1.0013574527957863	0
full_sample	202	6	22	1770	1048	1	pass	134.86087054692666	0.15144442541101646	3.8706623541243017	134.9873466310481	-0.1264760841214354	0.815668202764977	-0.10316252022808325	1.0015303528379147	1	0.75	1.0011475452077108	0.00032339135150835294	1.4806104907715038e-13	1.0008238350953533	0
full_sample	203	6	23	1771	993	1	pass	134.87855907951067	0.16372764041716867	4.049972980238371	134.9873466310481	-0.10878755153743214	0.8157531091662829	-0.0887437834052475	1.0013162486010583	1	0.75	1.0009870241169585	0.00032339135150835294	1.4806104907715038e-13	1.0006633659073407	0
full_sample	204	6	24	1648	952	1	pass	135.00174841704273	0.18297188991197436	4.0925621845736115	134.9873466310481	0.01440178599463593	0.8046875	0.0115889371675586	0.9998283043902577	1	0.75	0.9998712255288035	0.00032339135150835294	1.4806104907715038e-13	0.9995479281004592	0
full_sample	205	6	25	1636	981	1	pass	134.87279060404998	0.1608307184931706	3.701394849633874	134.9873466310481	-0.11455602699811607	0.8035363457760314	-0.09204993132068658	1.00136533561952	1	0.75	1.0010238270507328	0.00032339135150835294	1.4806104907715038e-13	1.0007001569412888	0
full_sample	206	6	26	1574	967	1	pass	134.75520964517358	0.16781496314695804	3.9733830339641782	134.9873466310481	-0.2321369858745186	0.7973657548125633	-0.18509808296174887	1.0027483212266934	1	0.75	1.002060533610638	0.00032339135150835294	1.4806104907715038e-13	1.001736528293463	0
full_sample	207	6	27	1487	875	1	pass	134.38902435717003	0.17610390741318765	3.988131733548896	134.9873466310481	-0.5983222738780682	0.7880233174350821	-0.47149190315669715	1.0070230534685605	1	0.75	1.0052626795219577	0.00032339135150835294	1.4806104907715038e-13	1.0049376388259144	0
full_sample	208	6	28	1489	912	1	pass	134.77072131943706	0.22947810251098408	4.35670606980069	134.9873466310481	-0.2166253116110397	0.7882477501323452	-0.17075441449912024	1.0025349428793244	1	0.75	1.0019006053634476	0.00032339135150835294	1.4806104907715038e-13	1.001576651757323	0
full_sample	209	6	29	1500	790	0	mu_error	140.00279332497195	0.7007916476170352	5.706597830284893	134.9873466310481	nan	0.7894736842105263	nan	1.0	0	0.75	1.0	0.00032339135150835294	1.4806104907715038e-13	1.0	0
full_sample	213	7	3	1524	833	1	pass	133.69631219101765	0.24547825762171735	4.818645798920576	134.9873466310481	-1.2910344400304439	0.7920997920997921	-1.0226281115417861	1.0153266313530782	1	0.75	1.01	0.00032339135150835294	1.4806104907715038e-13	1.009673427543177	1
full_sample	214	7	4	1974	1067	1	pass	134.53021349109983	0.19305055402746749	4.155959301845809	134.9873466310481	-0.45713313994826876	0.83150800336984	-0.3801098644725706	1.005656114694486	1	0.75	1.0042390938511188	0.00032339135150835294	1.4806104907715038e-13	1.0039143841203102	0
full_sample	215	7	5	2134	1143	1	pass	134.4514304915086	0.1762501075693157	4.000893576026308	134.9873466310481	-0.5359161395394949	0.8421468034727704	-0.45132006384265283	1.0067210732869671	1	0.75	1.0050365818278943	0.00032339135150835294	1.4806104907715038e-13	1.0047116142380679	0
full_sample	216	7	6	2261	1161	1	pass	134.52265250270545	0.18318990812835545	4.264311682127083	134.9873466310481	-0.4646941283426429	0.8496805712138293	-0.3948415724098893	1.0058762907894976	1	0.75	1.0044039887304264	0.00032339135150835294	1.4806104907715038e-13	1.0040792256826614	0
full_sample	217	7	7	2132	1134	1	pass	134.90858627306545	0.1785129505775341	3.8891870806857525	134.9873466310481	-0.07876035798264525	0.8420221169036335	-0.06631796335663494	1.0009833833618067	1	0.75	1.000737446898216	0.00032339135150835294	1.4806104907715038e-13	1.000413869386663	0
full_sample	218	7	8	2127	1139	1	pass	134.938054252541	0.16647226973267681	4.241868285088692	134.9873466310481	-0.04929237850709001	0.8417095370003957	-0.04148986509085099	1.0006150548023254	1	0.75	1.0004612556459163	0.00032339135150835294	1.4806104907715038e-13	1.0001377674377852	0
full_sample	219	7	9	2141	1132	1	pass	134.67499368132223	0.1720787445462133	4.15248170298606	134.9873466310481	-0.312352949725863	0.842581660763479	-0.2631828671243891	1.0039111167444956	1	0.75	1.0029319058120578	0.00032339135150835294	1.4806104907715038e-13	1.002607618746209	0
full_sample	220	7	10	1957	1062	1	pass	134.72751377389716	0.18110324148060658	4.21223173979931	134.9873466310481	-0.25983285715093984	0.8302927450148494	-0.2157373362089051	1.0032043431279405	1	0.75	1.0024022960212173	0.00032339135150835294	1.4806104907715038e-13	1.0020781801989038	0
full_sample	221	7	11	2163	1116	1	pass	134.92023865847295	0.17593647119204994	3.915493305998686	134.9873466310481	-0.067107972575144	0.8439328911431916	-0.05663462531409929	1.0008397054025655	1	0.75	1.0006297129714323	0.00032339135150835294	1.4806104907715038e-13	1.0003061702944667	0
full_sample	222	7	12	2150	1159	1	pass	134.8828628545838	0.14476146765363215	3.82176830705885	134.9873466310481	-0.10448377646429208	0.8431372549019608	-0.08809416446989332	1.0013066040071763	1	0.75	1.0009797930411377	0.00032339135150835294	1.4806104907715038e-13	1.0006561371696097	0
full_sample	223	7	13	2030	1059	1	pass	134.72846410018232	0.15800759603531164	3.6775986715331457	134.9873466310481	-0.25888253086577606	0.8353909465020576	-0.2162681224928088	1.0032122458712258	1	0.75	1.0024082183342544	0.00032339135150835294	1.4806104907715038e-13	1.0020841005970256	0
full_sample	224	7	14	2076	1099	1	pass	135.2003069379844	0.17796714250898452	4.2481972188837585	134.9873466310481	0.21296030693630996	0.8384491114701131	0.17855638012915165	0.9973595024034042	1	0.75	0.9980189724360031	0.00032339135150835294	1.4806104907715038e-13	0.9976962739134442	0
full_sample	225	7	15	2016	1119	1	pass	135.22535901452335	0.16655030183247274	3.950815095442085	134.9873466310481	0.238012383475251	0.8344370860927153	0.19860635972107038	0.9970636559213678	1	0.75	0.997796932626998	0.00032339135150835294	1.4806104907715038e-13	0.9974743058985835	0
full_sample	226	7	16	1907	1065	1	pass	135.31709883466263	0.1693130796916039	4.170423515541402	134.9873466310481	0.3297522036145324	0.8266146510619853	0.2725780027277474	0.9959733089234145	1	0.75	0.9969784590512925	0.00032339135150835294	1.4806104907715038e-13	0.9966560969673597	0
full_sample	227	7	17	1980	1128	1	pass	134.5468425476982	0.16162805896465987	4.147591203461205	134.9873466310481	-0.4405040833499072	0.8319327731092437	-0.36646978362723376	1.005452318209041	1	0.75	1.0040864579900888	0.00032339135150835294	1.4806104907715038e-13	1.0037617976124171	0
full_sample	228	7	18	2030	1122	1	pass	134.91172201861485	0.1773996230898573	4.356045861404837	134.9873466310481	-0.07562461243324492	0.8353909465020576	-0.06317611655945975	1.0009367623551335	1	0.75	1.000702489530596	0.00032339135150835294	1.4806104907715038e-13	1.0003789233221259	0
full_sample	229	7	19	1883	1049	1	pass	134.76833372442428	0.1562683881173324	3.7385443282553448	134.9873466310481	-0.21901290662381712	0.8247919404292597	-0.18064008023331038	1.0026819960811328	1	0.75	1.0020108234598992	0.00032339135150835294	1.4806104907715038e-13	1.001686834215958	0
full_sample	230	7	20	1955	1108	1	pass	135.02670314913368	0.16103345457986779	4.0924354811137365	134.9873466310481	0.03935651808558305	0.8301486199575372	0.03267175917508062	0.9995160657408904	1	0.75	0.999637027345705	0.00032339135150835294	1.4806104907715038e-13	0.9993138056427826	0
full_sample	231	7	21	1828	1066	1	pass	134.71647961869525	0.1688801558366956	4.161532390214549	134.9873466310481	-0.27086701235285204	0.8204667863554758	-0.22223738715485347	1.0033011271798198	1	0.75	1.0024748251524276	0.00032339135150835294	1.4806104907715038e-13	1.0021506858786122	0
full_sample	232	7	22	1875	1124	1	pass	134.65561087993495	0.16320407309952792	3.975608488057403	134.9873466310481	-0.33173575111314335	0.8241758241758241	-0.273408586082261	1.004063542273262	1	0.75	1.0030461112847837	0.00032339135150835294	1.4806104907715038e-13	1.0027217872918441	0
full_sample	233	7	23	1788	1011	1	pass	134.77813327373804	0.1796146026145603	4.199265035981151	134.9873466310481	-0.20921335731006252	0.8171846435100548	-0.17096594281096517	1.0025380891082174	1	0.75	1.0019029635411487	0.00032339135150835294	1.4806104907715038e-13	1.001579009172533	0
full_sample	234	7	24	1772	1043	1	pass	135.00697931740464	0.17065995312620325	4.124048010454665	134.9873466310481	0.019632686356544582	0.8158379373848987	0.016017090342447974	0.9997627108732174	1	0.75	0.9998220278756914	0.00032339135150835294	1.4806104907715038e-13	0.9994987463548705	0
full_sample	235	7	25	1602	939	1	pass	134.73594763017218	0.17159716846230372	3.892234875159728	134.9873466310481	-0.2513990008759208	0.8001998001998002	-0.20116943027134124	1.0029874816926159	1	0.75	1.0022397755861112	0.00032339135150835294	1.4806104907715038e-13	1.0019157123130034	0
full_sample	236	7	26	1638	980	1	pass	134.85653203940873	0.18050938580548387	4.016366740064308	134.9873466310481	-0.13081459163936415	0.803729146221786	-0.10513950005165774	1.0015597144212272	1	0.75	1.0011695578975306	0.00032339135150835294	1.4806104907715038e-13	1.0008458406676108	0
full_sample	237	7	27	1547	928	1	pass	134.61881439129542	0.19775868952858347	4.422706728550276	134.9873466310481	-0.3685322397526818	0.7945557267591166	-0.29281940159085706	1.0043529772227753	1	0.75	1.0032629597176643	0.00032339135150835294	1.4806104907715038e-13	1.0029385656091547	0
full_sample	238	7	28	1488	895	1	pass	134.9469563203168	0.18894001856697806	3.997324998230947	134.9873466310481	-0.040390310731311274	0.788135593220339	-0.031833041508575834	1.0004718492889022	1	0.75	1.000353866098115	0.00032339135150835294	1.4806104907715038e-13	1.0000304126132198	0
full_sample	239	7	29	1606	843	0	mu_error	141.01922078547105	0.6671091771779095	4.883755154233796	134.9873466310481	nan	0.8005982053838484	nan	1.0	0	0.75	1.0	0.00032339135150835294	1.4806104907715038e-13	1.0	0
full_sample	243	8	3	1647	857	1	pass	135.16221920009144	0.2202808254116234	4.261483328079933	134.9873466310481	0.17487256904334458	0.8045920859794822	0.14070108510717563	0.9979184334475744	1	0.75	0.9984384185217673	0.00032339135150835294	1.4806104907715038e-13	0.9981155843759028	0
full_sample	244	8	4	2016	1101	1	pass	134.64754618073738	0.1896024413308607	4.505285211395797	134.9873466310481	-0.3398004503107188	0.8344370860927153	-0.2835420976102687	1.0042146275983819	1	0.75	1.0031593083269852	0.00032339135150835294	1.4806104907715038e-13	1.0028349477330194	0
full_sample	245	8	5	2239	1170	1	pass	135.14071110540937	0.1853703442009721	4.43398233993206	134.9873466310481	0.15336447436126832	0.8484274346343312	0.13011862754637354	0.9980747667988678	1	0.75	0.9985557273335818	0.00032339135150835294	1.4806104907715038e-13	0.9982328552571955	0
full_sample	246	8	6	2177	1173	1	pass	134.57588423421183	0.18928945239736014	4.6976243125775845	134.9873466310481	-0.4114623968362707	0.8447807528133489	-0.3475955133537297	1.0051704198376818	1	0.75	1.0038753140205392	0.00032339135150835294	1.4806104907715038e-13	1.0035507219139612	0
full_sample	247	8	7	2152	1148	1	pass	134.35835000941785	0.17450340601799133	4.3250792070666595	134.9873466310481	-0.6289966216302503	0.8432601880877743	-0.5304078094624994	1.0079058255929436	1	0.75	1.0059235288414425	0.00032339135150835294	1.4806104907715038e-13	1.0055982744669971	0
full_sample	248	8	8	2252	1182	1	pass	135.07967408713074	0.16532081468574636	4.061381028725518	134.9873466310481	0.09232745608264281	0.8491704374057315	0.07840174626625626	0.9988393026770841	1	0.75	0.9991293506449773	0.00032339135150835294	1.4806104907715038e-13	0.9988062930937653	0
full_sample	249	8	9	2210	1204	1	pass	134.53279564658473	0.16477444387242154	4.100532532007891	134.9873466310481	-0.45455098446336706	0.8467432950191571	-0.3848879983387131	1.0057275194602289	1	0.75	1.0042925714910782	0.00032339135150835294	1.4806104907715038e-13	1.0039678444688593	0
full_sample	250	8	10	2184	1101	1	pass	134.73519740160592	0.18940845457870287	4.371461696583733	134.9873466310481	-0.2521492294421819	0.8452012383900929	-0.21311684098363978	1.0031653286030868	1	0.75	1.0023730583790982	0.00032339135150835294	1.4806104907715038e-13	1.0020489520104565	0
full_sample	251	8	11	2091	1134	1	pass	135.08106719919755	0.17563365264627248	4.453385526508608	134.9873466310481	0.0937205681494504	0.839421918908069	0.07867109915716611	0.9988353185306935	1	0.75	0.9991263616659918	0.00032339135150835294	1.4806104907715038e-13	0.9988033050812335	0
full_sample	252	8	12	2209	1179	1	pass	135.0138644937304	0.15644197377438812	3.8322093703828477	134.9873466310481	0.026517862682311488	0.8466845534687619	0.022452264724118848	0.9996673991812265	1	0.75	0.9997505390135476	0.00032339135150835294	1.4806104907715038e-13	0.9994272806078687	0
full_sample	253	8	13	2152	1132	1	pass	134.67641424149704	0.17651324040777946	4.260933163689354	134.9873466310481	-0.3109323895510556	0.8432601880877743	-0.26219690529540424	1.0038964217394202	1	0.75	1.0029208952881923	0.00032339135150835294	1.4806104907715038e-13	1.002596611782476	0
full_sample	254	8	14	2133	1150	1	pass	134.71572736594914	0.1442987679784395	3.6850740366678187	134.9873466310481	-0.2716192650989626	0.8420844848006317	-0.22872636891278614	1.003397760385162	1	0.75	1.0025472394955142	0.00032339135150835294	1.4806104907715038e-13	1.0022230768073128	0
full_sample	255	8	15	2027	1073	1	pass	134.99890805841613	0.17123816361497826	3.9096507804859653	134.9873466310481	0.011561427368036448	0.8351874742480428	0.00965595932221256	0.9998569393025363	1	0.75	0.9998927025580663	0.00032339135150835294	1.4806104907715038e-13	0.9995693981853596	0
full_sample	256	8	16	1991	1100	1	pass	134.5966778937015	0.15350649824727014	3.7766977912199726	134.9873466310481	-0.39066873734660135	0.8327059807611877	-0.3253121940849365	1.0048377578870502	1	0.75	1.0036261287102866	0.00032339135150835294	1.4806104907715038e-13	1.0033016171750542	0
full_sample	257	8	17	2026	1135	1	pass	134.77875257063764	0.16093531864438734	3.9525411971924593	134.9873466310481	-0.20859406041046213	0.8351195383347073	-0.17420097542934718	1.0025862081678059	1	0.75	1.0019390297562534	0.00032339135150835294	1.4806104907715038e-13	1.001615063726021	0
full_sample	258	8	18	1951	1100	1	pass	135.19301917022702	0.16684928909006758	4.148669505320874	134.9873466310481	0.20567253917892003	0.8298596341982135	0.1706793381276363	0.9974757677352643	1	0.75	0.9981062278208579	0.00032339135150835294	1.4806104907715038e-13	0.9977835010852244	0
full_sample	259	8	19	1973	1139	1	pass	134.9370117831632	0.16864718948823187	3.9849728653729057	134.9873466310481	-0.05033484788489773	0.8314369995785925	-0.04185025489966423	1.0006203997850007	1	0.75	1.000465263764085	0.00032339135150835294	1.4806104907715038e-13	1.0001417742599723	0
full_sample	260	8	20	1856	1068	1	pass	134.95905400626563	0.15367034230740736	3.877532069408928	134.9873466310481	-0.02829262478246619	0.8226950354609929	-0.02327620194869559	1.0003449816364063	1	0.75	1.0002587250715023	0.00032339135150835294	1.4806104907715038e-13	0.9999353023494176	0
full_sample	261	8	21	1870	1007	1	pass	134.88737738208152	0.17003439256142247	4.07585587818603	134.9873466310481	-0.09996924896657333	0.8237885462555066	-0.08235352227642825	1.0012213813860655	1	0.75	1.0009158962570022	0.00032339135150835294	1.4806104907715038e-13	1.0005922610458002	0
full_sample	262	8	22	1859	1078	1	pass	134.40441113284163	0.16854380918256204	4.004820284178382	134.9873466310481	-0.5829354982064672	0.8229305002213368	-0.47971540113582223	1.0071462013799597	1	0.75	1.0053548775903374	0.00032339135150835294	1.4806104907715038e-13	1.0050298070830563	0
full_sample	263	8	23	1825	1086	1	pass	134.88241940225856	0.17705440734604827	4.3470350057168305	134.9873466310481	-0.10492722878953487	0.8202247191011236	-0.08606390675995557	1.0012764626019626	1	0.75	1.0009571942804587	0.00032339135150835294	1.4806104907715038e-13	1.0006335457159923	0
full_sample	264	8	24	1779	1050	1	pass	134.72329129505175	0.16630656740075658	3.977570210077049	134.9873466310481	-0.26405533599634623	0.8164295548416705	-0.21558258042106468	1.0032020390255771	1	0.75	1.0024005693255211	0.00032339135150835294	1.4806104907715038e-13	1.0020764540615155	0
full_sample	265	8	25	1771	1063	1	pass	135.0246991525372	0.17101890259395122	4.165905085096522	134.9873466310481	0.03735252148911172	0.8157531091662829	0.03047043553994328	0.9995486607193607	1	0.75	0.9996614764383832	0.00032339135150835294	1.4806104907715038e-13	0.9993382468301141	0
full_sample	266	8	26	1596	953	1	pass	134.9587027911519	0.17690772737828972	4.2878008234700085	134.9873466310481	-0.02864383989620478	0.7995991983967936	-0.02290359142001144	1.00033945768904	1	0.75	1.0002545824653526	0.00032339135150835294	1.4806104907715038e-13	0.9999311610827344	0
full_sample	267	8	27	1646	1013	1	pass	134.78389982221276	0.18533230449581486	4.197684485195875	134.9873466310481	-0.20344680883533783	0.804496578690127	-0.16367226165345358	1.0024296129332713	1	0.75	1.0018216568513936	0.00032339135150835294	1.4806104907715038e-13	1.001497728772407	0
full_sample	268	8	28	1537	963	1	pass	134.4985119810786	0.18502416917833803	4.226900875115179	134.9873466310481	-0.48883464996950465	0.7934950955085184	-0.3878878972654252	1.0057723540452914	1	0.75	1.0043261492660833	0.00032339135150835294	1.4806104907715038e-13	1.004001411386858	0
full_sample	269	8	29	1611	853	0	mu_error	141.06930541146087	0.9577447681444469	6.004250029490723	134.9873466310481	nan	0.8010939830929885	nan	1.0	0	0.75	1.0	0.00032339135150835294	1.4806104907715038e-13	1.0	0
full_sample	273	9	3	1888	1009	1	pass	135.15740504103064	0.19558507140394277	4.459442819056072	134.9873466310481	0.17005840998254484	0.8251748251748252	0.14032791872685518	0.997923945564074	1	0.75	0.998442554760434	0.00032339135150835294	1.4806104907715038e-13	0.9981197192771619	0
full_sample	274	9	4	2007	1089	1	pass	135.0256661328237	0.1773203600718611	3.886507154710314	134.9873466310481	0.038319501775589515	0.8338180307436643	0.031951491509600395	0.9995267305619806	1	0.75	0.9996450269188472	0.00032339135150835294	1.4806104907715038e-13	0.9993218026293503	0
full_sample	275	9	5	2268	1210	1	pass	134.80472381269138	0.1692801315580111	4.13737330283002	134.9873466310481	-0.18262281835671956	0.8500749625187406	-0.15524308546965515	1.002304270897382	1	0.75	1.0017277058693093	0.00032339135150835294	1.4806104907715038e-13	1.0014038081683454	0
full_sample	276	9	6	2324	1237	1	pass	134.53506361281845	0.17681840000426544	4.2296606131453265	134.9873466310481	-0.4522830182296502	0.8531571218795888	-0.385868478107822	1.0057421727586648	1	0.75	1.004303545764687	0.00032339135150835294	1.4806104907715038e-13	1.0039788151940565	0
full_sample	277	9	7	2277	1155	1	pass	135.08784230987882	0.1670298302042525	4.1053782543515	134.9873466310481	0.10049567883072541	0.8505790063503922	0.08547951464234656	0.9987346194378076	1	0.75	0.9990508143877824	0.00032339135150835294	1.4806104907715038e-13	0.9987277822304105	0
full_sample	278	9	8	2275	1202	1	pass	134.81823418086003	0.18372181112129193	4.716667591811036	134.9873466310481	-0.16911245018806653	0.8504672897196262	-0.14382460716929021	1.002134515362405	1	0.75	1.001600459761629	0.00032339135150835294	1.4806104907715038e-13	1.0012766032043026	0
full_sample	279	9	9	2199	1153	1	pass	135.22171430186714	0.20009091727970799	4.369558366551039	134.9873466310481	0.23436767081904009	0.8460946517891497	0.19829723283226977	0.9970682162287127	1	0.75	0.9978003553709112	0.00032339135150835294	1.4806104907715038e-13	0.99747772753579	0
full_sample	280	9	10	2268	1199	1	pass	134.93969167084904	0.15918503543106902	4.081932479576919	134.9873466310481	-0.04765496019905413	0.8500749625187406	-0.04051028850504301	1.0006005268057998	1	0.75	1.0004503613035152	0.00032339135150835294	1.4806104907715038e-13	1.0001268766179505	0
full_sample	281	9	11	2070	1153	1	pass	134.6624880680308	0.17476907784528856	4.120944703854985	134.9873466310481	-0.3248585630173011	0.8380566801619433	-0.27224988884445883	1.0040462688793683	1	0.75	1.003033169339053	0.00032339135150835294	1.4806104907715038e-13	1.00270884953075	0
full_sample	282	9	12	2138	1083	1	pass	134.94929385739408	0.16089201766302064	3.7723541317855727	134.9873466310481	-0.03805277365401594	0.8423955870764381	-0.03205548860216157	1.0004751477140341	1	0.75	1.0003563396242132	0.00032339135150835294	1.4806104907715038e-13	1.0000328853395306	0
full_sample	283	9	13	2221	1199	1	pass	134.92182821063557	0.15114236472092066	3.9773358216145684	134.9873466310481	-0.06551842041253053	0.8473864937046929	-0.05551942454644423	1.0008231604328652	1	0.75	1.0006173068220736	0.00032339135150835294	1.4806104907715038e-13	1.0002937681565007	0
full_sample	284	9	14	2081	1079	1	pass	134.82479008401296	0.1698277978940752	4.401791927273324	134.9873466310481	-0.16255654703513756	0.8387746876259573	-0.13634831696095173	1.002023390669811	1	0.75	1.0015171595027896	0.00032339135150835294	1.4806104907715038e-13	1.0011933298796911	0
full_sample	285	9	15	2070	1127	1	pass	134.67428637805682	0.14583434778773582	3.7305614035946295	134.9873466310481	-0.3130602529912778	0.8380566801619433	-0.26236223631252836	1.0038988858489473	1	0.75	1.0029227415739155	0.00032339135150835294	1.4806104907715038e-13	1.0025984574712228	0
full_sample	286	9	16	1979	1080	1	pass	134.93804628792145	0.16576829700665396	3.8655462309291133	134.9873466310481	-0.049300343126645885	0.8318621269440941	-0.041011088292405296	1.0006079540748396	1	0.75	1.0004559309141394	0.00032339135150835294	1.4806104907715038e-13	1.000132444427702	0
full_sample	287	9	17	2024	1093	1	pass	135.06038068086278	0.1557165104916572	4.0391284067194935	134.9873466310481	0.0730340498146802	0.834983498349835	0.06098222641291779	0.9990970149822093	1	0.75	0.9993226847658244	0.00032339135150835294	1.4806104907715038e-13	0.9989995647021382	0
full_sample	288	9	18	1978	1095	1	pass	134.8330580288697	0.16102147347002407	4.075074683837699	134.9873466310481	-0.15428860217841134	0.8317914213624895	-0.12833593570601246	1.0019043182447027	1	0.75	1.0014278989753762	0.00032339135150835294	1.4806104907715038e-13	1.0011040982136934	0
full_sample	289	9	19	1887	1081	1	pass	135.0156147585285	0.16049536625869876	3.926070107432248	134.9873466310481	0.028268127480401972	0.825098382160035	0.023323986250773292	0.9996544891179889	1	0.75	0.9997408556452143	0.00032339135150835294	1.4806104907715038e-13	0.9994176003705465	0
full_sample	290	9	20	1964	1129	1	pass	134.74474881261983	0.15388019374378645	3.854306687146906	134.9873466310481	-0.24259781842826555	0.8307952622673435	-0.20154911818659624	1.0029931329279131	1	0.75	1.0022440108499433	0.00032339135150835294	1.4806104907715038e-13	1.001919946207409	0
full_sample	291	9	21	1906	1061	1	pass	135.0448663514298	0.1577927344435598	3.970543097451008	134.9873466310481	0.057519720381691286	0.826539462272333	0.04754231875433807	0.9992959192621885	1	0.75	0.9994718929583438	0.00032339135150835294	1.4806104907715038e-13	0.9991487246498202	0
full_sample	292	9	22	1887	1100	1	pass	134.59535483090883	0.16172404550504355	3.876680389501688	134.9873466310481	-0.39199180013926593	0.825098382160035	-0.3234318001149081	1.004809693524467	1	0.75	1.0036051057448727	0.00032339135150835294	1.4806104907715038e-13	1.0032806010071862	0
full_sample	293	9	23	1879	1114	1	pass	134.90259306120737	0.14627540421685956	3.5262660994658193	134.9873466310481	-0.08475356984072846	0.8244844229925405	-0.06987799812669099	1.0010362136821196	1	0.75	1.0007770596420142	0.00032339135150835294	1.4806104907715038e-13	1.0004534693221139	0
full_sample	294	9	24	1751	1037	1	pass	135.2997359792169	0.1690211677348165	3.90200934808211	134.9873466310481	0.31238934816880715	0.8140399814039981	0.2542974191741429	0.9962425995108842	1	0.75	0.9971806239886383	0.00032339135150835294	1.4806104907715038e-13	0.9968581965368836	0
full_sample	295	9	25	1774	1044	1	pass	134.8905114931068	0.16658528553388055	3.9921755467658846	134.9873466310481	-0.09683513794129794	0.8160073597056118	-0.07901818523820725	1.0011718716850244	1	0.75	1.0008787750812864	0.00032339135150835294	1.4806104907715038e-13	1.0005551518728109	0
full_sample	296	9	26	1725	1048	1	pass	134.8208682184133	0.16137142078229325	3.871774574160718	134.9873466310481	-0.16647841263480245	0.8117647058823529	-0.1351412996682514	1.0020054517635029	1	0.75	1.0015037120901369	0.00032339135150835294	1.4806104907715038e-13	1.0011798868151123	0
full_sample	297	9	27	1592	961	1	pass	135.18678485930113	0.16292471571261943	3.5918449795555945	134.9873466310481	0.1994382282530296	0.7991967871485943	0.15939039125442928	0.9976424283155084	1	0.75	0.9982312996480641	0.00032339135150835294	1.4806104907715038e-13	0.9979085324718228	0
full_sample	298	9	28	1517	952	1	pass	134.76011826320908	0.21364526455495622	4.687089748915831	134.9873466310481	-0.22722836783901812	0.7913406364110589	-0.1798150412163748	1.0026697220608447	1	0.75	1.0020016240925702	0.00032339135150835294	1.4806104907715038e-13	1.0016776378231438	0
full_sample	299	9	29	1671	890	1	pass	140.11161861865122	0.474425028643315	5.1024091986314986	134.9873466310481	5.124271987603123	0.8068565910188314	4.134552627370748	0.941440918511397	1	0.75	0.99	0.00032339135150835294	1.4806104907715038e-13	0.99	1
full_sample	303	10	3	1750	913	1	pass	134.54850588417176	0.20881766473178728	4.307281420820395	134.9873466310481	-0.43884074687633756	0.813953488372093	-0.35719595675980964	1.0053137933119247	1	0.75	1.003982703665076	0.00032339135150835294	1.4806104907715038e-13	1.0036580768352308	0
full_sample	304	10	4	2164	1170	1	pass	134.8488757693169	0.18328201376657902	4.2335400414217155	134.9873466310481	-0.13847086173120715	0.84399375975039	-0.11686854320839793	1.0017339376357222	1	0.75	1.0013001715671328	0.00032339135150835294	1.4806104907715038e-13	1.0009764121047113	0
full_sample	305	10	5	2362	1296	1	pass	134.50007697671546	0.16564177873857647	4.327179141839721	134.9873466310481	-0.4872696543326356	0.8551774076755974	-0.4167019998311677	1.0062031440662818	1	0.75	1.0046487599352625	0.00032339135150835294	1.4806104907715038e-13	1.0043239177434045	0
full_sample	306	10	6	2518	1283	1	pass	134.8433351494797	0.1685509960565229	4.238088071919098	134.9873466310481	-0.14401148156838417	0.8629198080877313	-0.12427036003741992	1.001843907624768	1	0.75	1.001382612213654	0.00032339135150835294	1.4806104907715038e-13	1.0010588260949502	0
full_sample	307	10	7	2189	1219	1	pass	134.58226562907686	0.16557726964970082	4.17221967340728	134.9873466310481	-0.4050810019712401	0.8455001931247585	-0.3424960653978542	1.0050942769137217	1	0.75	1.0038182798669273	0.00032339135150835294	1.4806104907715038e-13	1.0034937062017193	0
full_sample	308	10	8	2331	1270	1	pass	134.79562273518917	0.17887247939888712	4.181694623669105	134.9873466310481	-0.19172389585892802	0.8535335042109118	-0.16364276867343874	1.0024291743310192	1	0.75	1.0018213280991901	0.00032339135150835294	1.4806104907715038e-13	1.001497400126502	0
full_sample	309	10	9	2148	1155	1	pass	135.15312953725086	0.2516491560092796	5.368237906961368	134.9873466310481	0.16578290620276448	0.8430141287284144	0.13975733223058795	0.9979323739015624	1	0.75	0.9984488792919533	0.00032339135150835294	1.4806104907715038e-13	0.9981260417637131	0
full_sample	310	10	10	2281	1197	1	pass	135.12374909948744	0.16524701977839384	4.04802338160833	134.9873466310481	0.13640246843934278	0.8508019395747856	0.11605148471098131	0.998282635859746	1	0.75	0.9987117001961765	0.00032339135150835294	1.4806104907715038e-13	0.9983887776876705	0
full_sample	311	10	11	2365	1237	1	pass	135.1874893506548	0.15424682560123557	3.872685637412721	134.9873466310481	0.2001427196067027	0.8553345388788427	0.17118898078475658	0.9974682447821174	1	0.75	0.998100582034482	0.00032339135150835294	1.4806104907715038e-13	0.9977778571243517	0
full_sample	312	10	12	2254	1165	1	pass	135.09343806218027	0.15852630312679608	4.155201408925026	134.9873466310481	0.10609143113217101	0.8492840994724944	0.09010176555083402	0.9986662632411956	1	0.75	0.9989995305706121	0.00032339135150835294	1.4806104907715038e-13	0.9986765149953016	0
full_sample	313	10	13	2251	1194	1	pass	135.26892117684378	0.15165978110762254	3.877987856163924	134.9873466310481	0.281574545795678	0.8491135420596001	0.23908875993439122	0.996466720934274	1	0.75	0.9973488685935245	0.00032339135150835294	1.4806104907715038e-13	0.9970263867417162	0
full_sample	314	10	14	2184	1156	1	pass	134.82513861395546	0.16129929186813005	4.094979006163713	134.9873466310481	-0.1622080170926381	0.8452012383900929	-0.13709841692349908	1.002034539031969	1	0.75	1.0015255165385966	0.00032339135150835294	1.4806104907715038e-13	1.001201684213342	0
full_sample	315	10	15	2126	1157	1	pass	135.25168074030452	0.14356435379104202	3.5647731517314525	134.9873466310481	0.2643341092564242	0.8416468725257323	0.22247597635754465	0.996711620581858	1	0.75	0.9975327002848826	0.00032339135150835294	1.4806104907715038e-13	0.997210158993107	0
full_sample	316	10	16	2073	1138	1	pass	135.25757149548357	0.16102621858056934	3.9931586203509464	134.9873466310481	0.2702248644354768	0.8382531338455318	0.22651683945602238	0.9966520433307589	1	0.75	0.9974879802031196	0.00032339135150835294	1.4806104907715038e-13	0.9971654533710935	0
full_sample	317	10	17	2168	1198	1	pass	134.99115664318225	0.14639290638939725	3.814090346116936	134.9873466310481	0.0038100121341528848	0.8442367601246106	0.0032165523001726846	0.9999523408157264	1	0.75	0.999964255398847	0.00032339135150835294	1.4806104907715038e-13	0.9996409278903114	0
full_sample	318	10	18	2110	1178	1	pass	134.9023921261344	0.1644484575089601	4.378675332319282	134.9873466310481	-0.08495450491369638	0.8406374501992032	-0.07141593839358541	1.0010590377520445	1	0.75	1.0007941732140633	0.00032339135150835294	1.4806104907715038e-13	1.0004705773606763	0
full_sample	319	10	19	2052	1169	1	pass	135.1731566146926	0.13536617426040967	3.414796272432124	134.9873466310481	0.18580998364450352	0.8368678629690048	0.1554984039308814	0.9976998960473855	1	0.75	0.9982744255772548	0.00032339135150835294	1.4806104907715038e-13	0.9979516444567157	0
full_sample	320	10	20	2011	1132	1	pass	135.07038551721314	0.16565751247270136	4.130878935809405	134.9873466310481	0.08303888616504196	0.8340937370385733	0.06926221488092052	0.9989745046287197	1	0.75	0.9992307798380675	0.00032339135150835294	1.4806104907715038e-13	0.998907689490835	0
full_sample	321	10	21	1954	1137	1	pass	135.10799899644826	0.154051803780321	4.022958884716854	134.9873466310481	0.12065236540016144	0.8300764655904843	0.10015068903649765	0.998517678861964	1	0.75	0.9988880530245167	0.00032339135150835294	1.4806104907715038e-13	0.998565073494252	0
full_sample	322	10	22	1904	1080	1	pass	134.68215461281832	0.1606510813043454	3.785620230470367	134.9873466310481	-0.30519201822977493	0.8263888888888888	-0.2522072928426612	1.003747552418967	1	0.75	1.0028093497268264	0.00032339135150835294	1.4806104907715038e-13	1.0024851022881478	0
full_sample	323	10	23	1795	1090	1	pass	135.0266223289859	0.1704938359788066	4.334397305227096	134.9873466310481	0.039275697937796394	0.8177676537585421	0.032118395352320965	0.9995242592438156	1	0.75	0.9996431732102857	0.00032339135150835294	1.4806104907715038e-13	0.9993199495201651	0
full_sample	324	10	24	1830	1139	1	pass	134.70130857210572	0.16735512821483292	4.110372858170802	134.9873466310481	-0.2860380589423812	0.820627802690583	-0.23473078379576576	1.0034871899102387	1	0.75	1.0026142540396568	0.00032339135150835294	1.4806104907715038e-13	1.0022900696830357	0
full_sample	325	10	25	1704	1019	1	pass	134.61903496555144	0.1584585285317053	3.7358934676938866	134.9873466310481	-0.3683116654966625	0.8098859315589354	-0.2982904363147875	1.0044345785086821	1	0.75	1.0033240936402426	0.00032339135150835294	1.4806104907715038e-13	1.0029996797647476	0
full_sample	326	10	26	1751	1034	1	pass	134.50807618794573	0.16305315493926492	3.8293644580152235	134.9873466310481	-0.4792704431023651	0.8140399814039981	-0.39014530259053526	1.0058060937691569	1	0.75	1.0043514175671466	0.00032339135150835294	1.4806104907715038e-13	1.0040266715176926	0
full_sample	327	10	27	1710	1054	1	pass	135.03239567682508	0.15267554572586364	3.665487391850862	134.9873466310481	0.04504904577697744	0.8104265402843602	0.036508942312147595	0.9994592524177817	1	0.75	0.9995944118939127	0.00032339135150835294	1.4806104907715038e-13	0.9992712039702306	0
full_sample	328	10	28	1621	968	1	pass	135.04139022565226	0.17751500930052233	4.252142186460806	134.9873466310481	0.054043594604166856	0.802078179119248	0.04334718795316896	0.9993580173788608	1	0.75	0.9995184743855233	0.00032339135150835294	1.4806104907715038e-13	0.9991952910154044	0
full_sample	329	10	29	1614	862	1	pass	139.01278373951274	0.49031725198885734	5.253275075030366	134.9873466310481	4.025437108464644	0.8013902681231381	3.2259461236653104	0.953860533894494	1	0.75	0.99	0.00032339135150835294	1.4806104907715038e-13	0.99	1
full_sample	333	11	3	1816	963	1	pass	135.1506530744035	0.21120453576035025	4.271833023245926	134.9873466310481	0.16330644335539546	0.8194945848375451	0.13382874599882588	0.9980199534909401	1	0.75	0.9985145972598604	0.00032339135150835294	1.4806104907715038e-13	0.9981917384824337	0
full_sample	334	11	4	2151	1153	1	pass	134.93682788809087	0.19748121577035072	4.7314186933503715	134.9873466310481	-0.05051874295722314	0.8431987455899648	-0.042597340690312416	1.000631480036639	1	0.75	1.0004735726529024	0.00032339135150835294	1.4806104907715038e-13	1.0001500804622014	0
full_sample	335	11	5	2425	1292	1	pass	134.8434269576899	0.17674039125797386	4.45016847580428	134.9873466310481	-0.143919673358198	0.8584070796460177	-0.12354166651101953	1.0018330805036548	1	0.75	1.001374495600836	0.00032339135150835294	1.4806104907715038e-13	1.0010507121065504	0
full_sample	336	11	6	2320	1232	1	pass	135.06760659576443	0.16849442099303322	4.106891628683386	134.9873466310481	0.08025996471633334	0.8529411764705882	0.06845702872863726	0.9989864171393033	1	0.75	0.9992397164996956	0.00032339135150835294	1.4806104907715038e-13	0.998916623262891	0
full_sample	337	11	7	2527	1341	1	pass	134.64345379699694	0.17499586586332427	4.620387740817702	134.9873466310481	-0.3438928340511609	0.8633413050905364	-0.2968968881610125	1.0044137925895187	1	0.75	1.0033085213959927	0.00032339135150835294	1.4806104907715038e-13	1.0029841125556125	0
full_sample	338	11	8	2480	1323	1	pass	135.51585618163088	0.16278345697375482	4.166815290378662	134.9873466310481	0.5285095505827826	0.8611111111111112	0.4551054463351739	0.9932904813475113	1	0.75	0.9949636287634083	0.00032339135150835294	1.4806104907715038e-13	0.9946419181528193	0
full_sample	339	11	9	2422	1333	1	pass	135.08903875630918	0.18464586711819206	4.722183650021795	134.9873466310481	0.1016921252610814	0.8582565556343019	0.0872779331617077	0.9987080226762618	1	0.75	0.9990308604348871	0.00032339135150835294	1.4806104907715038e-13	0.9987078347294076	0
full_sample	340	11	10	2212	1216	1	pass	134.86205998710508	0.1610702593794185	4.500620737649364	134.9873466310481	-0.1252866439430136	0.8468606431852986	-0.10610032787210799	1.0015739848490468	1	0.75	1.0011802565300685	0.00032339135150835294	1.4806104907715038e-13	1.000856535840863	0
full_sample	341	11	11	2282	1209	1	pass	134.9819641528953	0.15505178456345808	3.973946613116032	134.9873466310481	-0.005382478152796466	0.8508575689783744	-0.004579722276167612	1.000067862953578	1	0.75	1.0000508967834412	0.00032339135150835294	1.4806104907715038e-13	0.9997275412603615	0
full_sample	342	11	12	2570	1342	1	pass	135.28964378112508	0.1611782299078833	4.396500673233452	134.9873466310481	0.3022971500769813	0.8653198653198653	0.2615837291911926	0.9961352520638084	1	0.75	0.9971000365121292	0.00032339135150835294	1.4806104907715038e-13	0.9967776351174539	0
full_sample	343	11	13	2324	1277	1	pass	135.03427392972412	0.15504976904557746	4.20872454475406	134.9873466310481	0.04692729867602452	0.8531571218795888	0.04003635907602092	0.99940702976784	1	0.75	0.9995552393539489	0.00032339135150835294	1.4806104907715038e-13	0.9992320440962793	0
full_sample	344	11	14	2314	1231	1	pass	135.10879516418532	0.1441783233153917	3.8238106169237573	134.9873466310481	0.12144853313722592	0.8526160648489315	0.10354897040513662	0.9984674390396452	1	0.75	0.9988503589443382	0.00032339135150835294	1.4806104907715038e-13	0.9985273916020421	0
full_sample	345	11	15	2236	1173	1	pass	134.86545323944995	0.1401782752787209	3.76773767467196	134.9873466310481	-0.12189339159814949	0.8482549317147192	-0.10339667056656382	1.0015338303096273	1	0.75	1.0011501523134871	0.00032339135150835294	1.4806104907715038e-13	1.0008264413581505	0
full_sample	346	11	16	2161	1213	1	pass	134.91744541158943	0.15330415061442781	3.8705627285382675	134.9873466310481	-0.06990121945867145	0.8438110113237017	-0.058983418684181575	1.000874553129445	1	0.75	1.000655843169152	0.00032339135150835294	1.4806104907715038e-13	1.000332292043273	0
full_sample	347	11	17	2133	1177	1	pass	135.18887749022642	0.1468991940397098	3.881603933718096	134.9873466310481	0.2015308591783196	0.8420844848006317	0.1697060097226039	0.9974901354974747	1	0.75	0.9981170104340193	0.00032339135150835294	1.4806104907715038e-13	0.9977942802119456	0
full_sample	348	11	18	2152	1244	1	pass	134.9104010344384	0.14984521537225298	3.9585727195324245	134.9873466310481	-0.07694559660970413	0.8432601880877743	-0.06488515826962511	1.0009621219543827	1	0.75	1.0007215047181839	0.00032339135150835294	1.4806104907715038e-13	1.0003979323613605	0
full_sample	349	11	19	2117	1177	1	pass	135.29035166127082	0.1601135132099104	4.202949524092772	134.9873466310481	0.30300503022272096	0.8410806515693285	0.25485166824851024	0.9962344332832757	1	0.75	0.9971744935448914	0.00032339135150835294	1.4806104907715038e-13	0.9968520680753484	0
full_sample	350	11	20	2033	1187	1	pass	135.47432991839858	0.1482586353930067	3.971144278412976	134.9873466310481	0.48698328735048335	0.835593916974928	0.4069202725785173	0.9939976633109276	1	0.75	0.9954948613779142	0.00032339135150835294	1.4806104907715038e-13	0.9951729789990676	0
full_sample	351	11	21	2033	1202	1	pass	135.06077765995443	0.13205463469467194	3.6671203845858797	134.9873466310481	0.07343102890632736	0.835593916974928	0.06135852107133724	0.9990914468538062	1	0.75	0.9993185077233417	0.00032339135150835294	1.4806104907715038e-13	0.9989953890102566	0
full_sample	352	11	22	1990	1157	1	pass	135.02045473435632	0.14805912878818075	3.9568482750642606	134.9873466310481	0.03310810330822278	0.8326359832635983	0.027566998152034866	0.9995916543279889	1	0.75	0.9996937251108762	0.00032339135150835294	1.4806104907715038e-13	0.9993704850753514	0
full_sample	353	11	23	1968	1173	1	pass	134.57891735204555	0.15418530055271268	3.9871054000670627	134.9873466310481	-0.4084292790025472	0.831081081081081	-0.3394378467386034	1.005048616961998	1	0.75	1.0037840781839147	0.00032339135150835294	1.4806104907715038e-13	1.0034595155774466	0
full_sample	354	11	24	1944	1175	1	pass	135.03999575246303	0.15544583988726943	3.8752903670014716	134.9873466310481	0.05264912141493028	0.8293515358361775	0.04366462970589781	0.9993533182681225	1	0.75	0.9995149494845306	0.00032339135150835294	1.4806104907715038e-13	0.9991917672541497	0
full_sample	355	11	25	1777	1096	1	pass	134.352420533142	0.15764309697963128	4.00020398342247	134.9873466310481	-0.6349260979060887	0.816260909508498	-0.5182653541475055	1.007723793011986	1	0.75	1.0057872698385932	0.00032339135150835294	1.4806104907715038e-13	1.0054620595220065	0
full_sample	356	11	26	1769	1061	1	pass	134.4539740519431	0.16247567246327335	3.9210703650364525	134.9873466310481	-0.5333725791049915	0.8155832180728446	-0.4350097244982618	1.00647700055066	1	0.75	1.0048538280320416	0.00032339135150835294	1.4806104907715038e-13	1.004528919533657	0
full_sample	357	11	27	1721	1098	1	pass	134.95904411068966	0.1472370508338677	3.884750020250154	134.9873466310481	-0.028302520358437278	0.8114097123998114	-0.0229649399042294	1.0003403671765596	1	0.75	1.0002552645230396	0.00032339135150835294	1.4806104907715038e-13	0.9999318429198856	0
full_sample	358	11	28	1581	973	1	pass	134.94334677105533	0.19681495738769247	4.427581731491654	134.9873466310481	-0.04399985999276623	0.7980817768803634	-0.03511548644551409	1.000520522737391	1	0.75	1.0003903666575582	0.00032339135150835294	1.4806104907715038e-13	1.0000669013706063	0
full_sample	359	11	29	1718	916	1	pass	138.13403070659524	0.49056613609339794	5.725694207493569	134.9873466310481	3.1466840755471424	0.8111425873465533	2.5524094626015064	0.963226314080306	1	0.75	0.99	0.00032339135150835294	1.4806104907715038e-13	0.99	1
full_sample	363	12	3	1651	903	1	pass	135.0365629954424	0.1897531498986023	3.723266415087416	134.9873466310481	0.04921636439431154	0.8049731838127743	0.03961785354217862	0.9994132254386625	1	0.75	0.9995598867925664	0.00032339135150835294	1.4806104907715038e-13	0.9992366900321983	0
full_sample	364	12	4	2095	995	1	pass	134.79631094860633	0.22148547574821037	4.365551793355754	134.9873466310481	-0.19103568244176472	0.8396793587174348	-0.16040871932484851	1.0023810811976481	1	0.75	1.001785279904767	0.00032339135150835294	1.4806104907715038e-13	1.0014613635878684	0
full_sample	365	12	5	2436	1280	1	pass	134.76694986931923	0.1726135980721447	4.309665477722682	134.9873466310481	-0.22039676172886402	0.8589562764456982	-0.18931118179531478	1.0028110087968012	1	0.75	1.0021075166729054	0.00032339135150835294	1.4806104907715038e-13	1.0017834961642706	0
full_sample	366	12	6	2599	1399	1	pass	135.18074537441905	0.16259254246573943	4.266497724852156	134.9873466310481	0.19339874337094898	0.8666222074024675	0.16760364588899515	0.9975211705465599	1	0.75	0.9981403012582879	0.00032339135150835294	1.4806104907715038e-13	0.997817563505381	0
full_sample	367	12	7	2514	1383	1	pass	134.81892445775878	0.15510226201360214	4.125751449160108	134.9873466310481	-0.16842217328931497	0.8627316403568978	-0.14530313783436438	1.0021564938610161	1	0.75	1.0016169348058674	0.00032339135150835294	1.4806104907715038e-13	1.001293072921516	0
full_sample	368	12	8	2438	1314	1	pass	134.97386290174148	0.143493044731642	3.8162212524853074	134.9873466310481	-0.013483729306614123	0.8590556730091614	-0.011583274154166748	1.000171655907556	1	0.75	1.0001287391684504	0.00032339135150835294	1.4806104907715038e-13	0.9998053584758865	0
full_sample	369	12	9	2353	1256	1	pass	135.04289011115637	0.16234450058930203	4.202235739424023	134.9873466310481	0.055543480108269705	0.8547039593171086	0.047473232362789185	0.9992969418615686	1	0.75	0.9994726600428389	0.00032339135150835294	1.4806104907715038e-13	0.9991494914862866	0
full_sample	370	12	10	2463	1325	1	pass	134.74052395783207	0.13837822031262276	3.6955088512066974	134.9873466310481	-0.24682267321603035	0.86028641285365	-0.21233819215196745	1.003153736341993	1	0.75	1.002364371037147	0.00032339135150835294	1.4806104907715038e-13	1.002040267477462	0
full_sample	371	12	11	2446	1309	1	pass	134.73788938070388	0.16112317897185754	4.220193836768783	134.9873466310481	-0.2494572503442214	0.859451862262825	-0.21439649836330482	1.0031843801468763	1	0.75	1.0023873357182889	0.00032339135150835294	1.4806104907715038e-13	1.0020632247332255	0
full_sample	372	12	12	2317	1300	1	pass	134.67076247823147	0.14876677602644514	3.943087306615173	134.9873466310481	-0.3165841528166311	0.8527788001472212	-0.2699762539845912	1.004012375737828	1	0.75	1.0030077750248052	0.00032339135150835294	1.4806104907715038e-13	1.002683463427476	0
full_sample	373	12	13	2393	1296	1	pass	135.38846906556753	0.14825024263224293	4.237136518758066	134.9873466310481	0.4011224345194364	0.8567848191908343	0.34367561253312257	0.9949270101459167	1	0.75	0.996192839817607	0.00032339135150835294	1.4806104907715038e-13	0.9958707317550636	0
full_sample	374	12	14	2261	1251	1	pass	135.2114500726135	0.13978031595975873	3.9607776665777643	134.9873466310481	0.22410344156540418	0.8496805712138293	0.19041634024027765	0.9971844874434703	1	0.75	0.997887621542736	0.00032339135150835294	1.4806104907715038e-13	0.9975649654910523	0
full_sample	375	12	15	2194	1212	1	pass	134.78017470566277	0.13865664474413822	3.800342402858027	134.9873466310481	-0.20717192538532458	0.8457979953739398	-0.17522559918866698	1.0026014495191407	1	0.75	1.0019504533692247	0.00032339135150835294	1.4806104907715038e-13	1.0016264836452922	0
full_sample	376	12	16	2333	1281	1	pass	135.16683519284385	0.14142043599230555	3.911321814364583	134.9873466310481	0.17948856179575046	0.8536406878887669	0.15321873935948987	0.9977335590880388	1	0.75	0.9982996872899513	0.00032339135150835294	1.4806104907715038e-13	0.9979768980013136	0
full_sample	377	12	17	2134	1224	1	pass	135.28451365328888	0.14929519852799167	4.055194581958948	134.9873466310481	0.2971670222407852	0.8421468034727704	0.2502582578775989	0.9963021149754747	1	0.75	0.9972253022815907	0.00032339135150835294	1.4806104907715038e-13	0.9969028603835983	0
full_sample	378	12	18	2244	1270	1	pass	135.25798268254687	0.14534616474077428	3.9753347287150733	134.9873466310481	0.27063605149876935	0.848714069591528	0.22969262464570286	0.9966052242727879	1	0.75	0.9974528362513352	0.00032339135150835294	1.4806104907715038e-13	0.9971303207827216	0
full_sample	379	12	19	2032	1151	1	pass	134.8705860342157	0.16097806290665054	4.1928361095859215	134.9873466310481	-0.1167605968323926	0.8355263157894737	-0.09755655130074907	1.0014471014859523	1	0.75	1.001085129910613	0.00032339135150835294	1.4806104907715038e-13	1.0007614399795597	0
full_sample	380	12	20	2009	1190	1	pass	134.3950320391892	0.15087450039239678	4.174716131199576	134.9873466310481	-0.5923145918588943	0.83395599833956	-0.49396430678477327	1.0073596340120505	1	0.75	1.0055146631213698	0.00032339135150835294	1.4806104907715038e-13	1.0051895409491842	0
full_sample	381	12	21	2110	1247	1	pass	134.92356461703167	0.14294902274599514	4.079689140261133	134.9873466310481	-0.06378201401642514	0.8406374501992032	-0.05361754963133747	1.000794945416961	1	0.75	1.0005961498381275	0.00032339135150835294	1.4806104907715038e-13	1.000272618013434	0
full_sample	382	12	22	2045	1211	1	pass	134.60903821442852	0.15279280343743362	4.02472580945665	134.9873466310481	-0.3783084166195749	0.83640081799591	-0.31641746911535	1.004705016936545	1	0.75	1.0035266913992258	0.00032339135150835294	1.4806104907715038e-13	1.0032022120159607	0
full_sample	383	12	23	1976	1175	1	pass	135.70148061665088	0.17289237482033304	4.101772282444764	134.9873466310481	0.7141339856027855	0.8316498316498316	0.5939094089019799	0.991257560251561	1	0.75	0.9934359786223359	0.00032339135150835294	1.4806104907715038e-13	0.9931147619607169	0
full_sample	384	12	24	1664	1001	1	pass	134.67490769084884	0.14855075675221907	3.770679586401301	134.9873466310481	-0.31243894019925733	0.8062015503875969	-0.2518887579900989	1.003742806026153	1	0.75	1.0028057932574532	0.00032339135150835294	1.4806104907715038e-13	1.00248154696872	0
full_sample	385	12	25	1992	1214	1	pass	134.48863580636214	0.1446061565397563	3.9028583024181995	134.9873466310481	-0.49871082468595773	0.8327759197324415	-0.4153143657083728	1.0061823916691661	1	0.75	1.0046332196411123	0.00032339135150835294	1.4806104907715038e-13	1.0043083824740386	0
full_sample	386	12	26	1833	1178	1	pass	134.74924457184125	0.14960588471183256	3.775472641901758	134.9873466310481	-0.23810205920685235	0.8208687863860278	-0.195450548377143	1.0029023682285827	1	0.75	1.002175987399162	0.00032339135150835294	1.4806104907715038e-13	1.0018519447512673	0
full_sample	387	12	27	1726	1060	1	pass	134.55295590062468	0.15138310777376182	3.639747075009272	134.9873466310481	-0.43439073042341647	0.8118532455315146	-0.3526615243230559	1.0052460720618341	1	0.75	1.0039319795503205	0.00032339135150835294	1.4806104907715038e-13	1.003607369121563	0
full_sample	388	12	28	1624	1002	1	pass	134.6203654086142	0.19246368430730085	4.465440335894035	134.9873466310481	-0.36698122243390685	0.8023715415019763	-0.2944552891465735	1.0043773756835919	1	0.75	1.003281238648158	0.00032339135150835294	1.4806104907715038e-13	1.0029568386293564	0
full_sample	389	12	29	1764	940	1	pass	140.17440180070034	0.493904488632555	5.28126766811098	134.9873466310481	5.18705516965224	0.8151571164510166	4.228264934966059	0.9401737946259204	1	0.75	0.99	0.00032339135150835294	1.4806104907715038e-13	0.99	1
full_sample	393	13	3	1777	936	1	pass	134.66313827414098	0.20351775069653777	4.138925231983735	134.9873466310481	-0.32420835690712124	0.816260909508498	-0.2646386082792625	1.0039328140401145	1	0.75	1.0029481628672599	0.00032339135150835294	1.4806104907715038e-13	1.0026238705448698	0
full_sample	394	13	4	2308	1264	1	pass	135.1591075152809	0.17876407342977663	4.313813739091594	134.9873466310481	0.17176088423281044	0.8522895125553914	0.14639000029886504	0.9978344069791146	1	0.75	0.9983753651690199	0.00032339135150835294	1.4806104907715038e-13	0.9980525514107675	0
full_sample	395	13	5	2534	1322	1	pass	135.27432922187805	0.18316999225312297	4.626430618445795	134.9873466310481	0.28698259082995037	0.863667348329925	0.2478574932389551	0.9963374918320589	1	0.75	0.9972518593916688	0.00032339135150835294	1.4806104907715038e-13	0.9969294089067253	0
full_sample	396	13	6	2326	1121	1	pass	135.15083590318156	0.21420774461812755	4.601721733799156	134.9873466310481	0.16348927213346087	0.8532648569332355	0.1394996503970763	0.997936180247212	1	0.75	0.9984517355273822	0.00032339135150835294	1.4806104907715038e-13	0.9981288970756095	0
full_sample	397	13	7	2499	1286	1	pass	135.08281114454377	0.1552200785525489	4.323180639126863	134.9873466310481	0.09546451349567064	0.8620213866850638	0.08229245230275299	0.9987817554240568	1	0.75	0.9990861773611327	0.00032339135150835294	1.4806104907715038e-13	0.99876313376953	0
full_sample	398	13	8	2512	1329	1	pass	135.14243212706472	0.16507892802141003	4.184817918618771	134.9873466310481	0.1550854960166248	0.8626373626373627	0.13378254326708844	0.9980206360625555	1	0.75	0.998515109442253	0.00032339135150835294	1.4806104907715038e-13	0.9981922504992177	0
full_sample	399	13	9	2481	1354	1	pass	134.98965339410785	0.15694562240350746	4.206135270225366	134.9873466310481	0.002306763059749528	0.8611593196806664	0.001986490507198396	0.9999705660587924	1	0.75	0.9999779244628724	0.00032339135150835294	1.4806104907715038e-13	0.9996545925345944	0
full_sample	400	13	10	2479	1358	1	pass	134.85777966431792	0.14544759713669453	4.156009722638406	134.9873466310481	-0.12956696673018087	0.8610628690517541	-0.11156530410702271	1.0016551576887933	1	0.75	1.0012411116110256	0.00032339135150835294	1.4806104907715038e-13	1.0009173712449948	0
full_sample	401	13	11	2452	1326	1	pass	135.13884421265166	0.15104058272981252	3.928527369751733	134.9873466310481	0.1514975816035644	0.8597475455820477	0.13024967394528048	0.9980728306418052	1	0.75	0.998554274515674	0.00032339135150835294	1.4806104907715038e-13	0.9982314029090406	0
full_sample	402	13	12	2485	1344	1	pass	134.81579339125133	0.1437517209379264	4.147772983903217	134.9873466310481	-0.17155323979676496	0.8613518197573656	-0.1477676952842152	1.0021931313484773	1	0.75	1.0016443980018	0.00032339135150835294	1.4806104907715038e-13	1.0013205272375243	0
full_sample	403	13	13	2340	1271	1	pass	134.8469894641355	0.14549063948355112	3.835662043117039	134.9873466310481	-0.1403571669125938	0.8540145985401459	-0.11986706955309107	1.0017784850443816	1	0.75	1.0013335674707087	0.00032339135150835294	1.4806104907715038e-13	1.0010097972100869	0
full_sample	404	13	14	2414	1349	1	pass	135.07595371184934	0.13891739483747492	3.8019010199026106	134.9873466310481	0.08860708080123914	0.8578535891968728	0.07601190229360032	0.9988746532145361	1	0.75	0.999155871129692	0.00032339135150835294	1.4806104907715038e-13	0.998832805003371	0
full_sample	405	13	15	2242	1243	1	pass	135.3876875478895	0.14035035829608275	3.783099535628803	134.9873466310481	0.40034091684140094	0.8485995457986374	0.3397291201962229	0.9949850449611459	1	0.75	0.9962364209888424	0.00032339135150835294	1.4806104907715038e-13	0.9959142988348038	0
full_sample	406	13	16	2219	1252	1	pass	135.05308920739154	0.15374311246437788	4.111888826724868	134.9873466310481	0.06574257634343894	0.8472699503627339	0.05570170939522375	0.999175157054569	1	0.75	0.9993813039846933	0.00032339135150835294	1.4806104907715038e-13	0.9990581649671237	0
full_sample	407	13	17	2307	1299	1	pass	135.01452657340056	0.13580762236914137	3.8630551932875306	134.9873466310481	0.02717994235246124	0.8522349464351681	0.023163696714860762	0.9996568629628738	1	0.75	0.9997426361821682	0.00032339135150835294	1.4806104907715038e-13	0.9994193803317832	0
full_sample	408	13	18	2287	1260	1	pass	135.11451490104128	0.1393972813909444	3.6943620102529495	134.9873466310481	0.12716826999317732	0.851135094901377	0.10823737754908691	0.998398132362017	1	0.75	0.9987983585501886	0.00032339135150835294	1.4806104907715038e-13	0.9984754080216514	0
full_sample	409	13	19	2170	1259	1	pass	134.99472004568992	0.14929858080554245	4.051766947687931	134.9873466310481	0.007373414641818954	0.8443579766536965	0.006225801467994992	0.9999077562963293	1	0.75	0.9999308164245069	0.00032339135150835294	1.4806104907715038e-13	0.9996074997280981	0
full_sample	410	13	20	2227	1256	1	pass	134.8706180789021	0.15629197943906836	4.312468074164553	134.9873466310481	-0.11672855214598599	0.8477350590026647	-0.09895488604077304	1.001467866461945	1	0.75	1.001100697973155	0.00032339135150835294	1.4806104907715038e-13	1.000777003008339	0
full_sample	411	13	21	2134	1233	1	pass	134.98764687392955	0.14265354999793425	3.9386168047536563	134.9873466310481	0.0003002428814511404	0.8421468034727704	0.0002528485828795318	0.9999962534561933	1	0.75	0.999997190090829	0.00032339135150835294	1.4806104907715038e-13	0.999673851933221	0
full_sample	412	13	22	2121	1234	1	pass	134.87563174704226	0.1527170246965826	4.002001317478005	134.9873466310481	-0.11171488400583485	0.8413328044426814	-0.09398939665861789	1.0013941329168607	1	0.75	1.0010454175802903	0.00032339135150835294	1.4806104907715038e-13	1.0007217404897848	0
full_sample	413	13	23	2061	1070	1	pass	134.88369345432844	0.22617323824925262	3.841889494191534	134.9873466310481	-0.10365317671966068	0.8374644453474197	-0.0868058501500287	1.001287477408543	1	0.75	1.0009654527398912	0.00032339135150835294	1.4806104907715038e-13	1.0006418015051421	0
full_sample	414	13	24	1883	1105	1	pass	134.4302393536811	0.17476481461307472	4.192279510253998	134.9873466310481	-0.5571072773670096	0.8247919404292597	-0.45949759232679765	1.0068434776554636	1	0.75	1.0051282301019946	0.00032339135150835294	1.4806104907715038e-13	1.004803232878701	0
full_sample	415	13	25	1717	1046	1	pass	135.11741217962955	0.18236030695764918	4.076719962549052	134.9873466310481	0.13006554858145591	0.8110533774208786	0.10549010246308918	0.9984387432558061	1	0.75	0.9988288287753219	0.00032339135150835294	1.4806104907715038e-13	0.9985058683945706	0
full_sample	416	13	26	1876	1162	1	pass	134.93480091589143	0.1632644744249484	3.9480215302297617	134.9873466310481	-0.05254571515666839	0.8242530755711776	-0.043310967325970964	1.0006420642174592	1	0.75	1.0004815095253246	0.00032339135150835294	1.4806104907715038e-13	1.000158014768323	0
full_sample	417	13	27	1728	1016	1	pass	134.8655258525226	0.1617958458627858	3.912631394215317	134.9873466310481	-0.121820778525489	0.8120300751879699	-0.09892213594550986	1.0014673801225513	1	0.75	1.0011003333523176	0.00032339135150835294	1.4806104907715038e-13	1.0007766385053976	0
full_sample	418	13	28	1748	1076	1	pass	134.64785296399577	0.1786057413135641	4.0032875557670655	134.9873466310481	-0.33949366705232364	0.813780260707635	-0.276273244882431	1.004106249371553	1	0.75	1.0030781089816247	0.00032339135150835294	1.4806104907715038e-13	1.0027537746425794	0
full_sample	419	13	29	1721	957	1	pass	139.81249568573074	0.43454321089029985	5.0133487973696695	134.9873466310481	4.82514905468264	0.8114097123998114	3.9151728067462632	0.9444172827034466	1	0.75	0.99	0.00032339135150835294	1.4806104907715038e-13	0.99	1
full_sample	423	14	3	1761	935	1	pass	135.19662335125884	0.2017836256245069	4.329806000457944	134.9873466310481	0.20927672021073818	0.8149005090236002	0.17053970582652012	0.9974778288948122	1	0.75	0.9981077746671948	0.00032339135150835294	1.4806104907715038e-13	0.9977850474314055	0
full_sample	424	14	4	2277	1217	1	pass	134.72924588059635	0.1833331754525628	4.447819034422277	134.9873466310481	-0.25810075045174585	0.8505790063503922	-0.21953507985753654	1.0032608888327672	1	0.75	1.002444671095689	0.00032339135150835294	1.4806104907715038e-13	1.0021205415718584	0
full_sample	425	14	5	2527	1324	1	pass	134.80487975020648	0.18536593165022805	4.30775843515326	134.9873466310481	-0.18246688084161633	0.8633413050905364	-0.15753119504160043	1.002338292812499	1	0.75	1.0017532075193831	0.00032339135150835294	1.4806104907715038e-13	1.0014293015727396	0
full_sample	426	14	6	2558	1351	1	pass	134.8094285922159	0.1632390339496077	4.2790674056885045	134.9873466310481	-0.17791803883218904	0.8647734956051386	-0.1538588043721229	1.0022836888543085	1	0.75	1.001712278177107	0.00032339135150835294	1.4806104907715038e-13	1.001388385464519	0
full_sample	427	14	7	2512	1372	1	pass	135.20157049068658	0.15899571034406487	4.325045241927427	134.9873466310481	0.21422385963848	0.8626373626373627	0.18479750529253497	0.997267397676912	1	0.75	0.9979498474173257	0.00032339135150835294	1.4806104907715038e-13	0.9976271712455858	0
full_sample	428	14	8	2449	1312	1	pass	134.71636903000544	0.16427527315077997	4.179741055926459	134.9873466310481	-0.27097760104265944	0.8595998595998596	-0.23293230781097685	1.003460402223683	1	0.75	1.002594180684762	0.00032339135150835294	1.4806104907715038e-13	1.0022700028186404	0
full_sample	429	14	9	2499	1364	1	pass	134.9661673752208	0.14277104884646025	3.99081062081302	134.9873466310481	-0.021179255827291854	0.8620213866850638	-0.018256971477199842	1.0002705754376642	1	0.75	1.0002029247154842	0.00032339135150835294	1.4806104907715038e-13	0.9998795200358348	0
full_sample	430	14	10	2316	1244	1	pass	135.40894055856876	0.15663413416358735	4.152324516225074	134.9873466310481	0.4215939275206608	0.8527245949926362	0.3595035110964103	0.9946943053092183	1	0.75	0.9960180840305284	0.00032339135150835294	1.4806104907715038e-13	0.9956960324733581	0
full_sample	431	14	11	2258	1202	1	pass	135.2730191287229	0.1571391327889881	4.075890087086701	134.9873466310481	0.2856724976747955	0.8495109104589917	0.24268190359280975	0.9964137639823124	1	0.75	0.997309115454343	0.00032339135150835294	1.4806104907715038e-13	0.9969866464562777	0
full_sample	432	14	12	2418	1304	1	pass	134.98451160253276	0.15057619791496585	3.9081029820622293	134.9873466310481	-0.002835028515335125	0.85805535841022	-0.0024326114088290746	1.0000360459097783	1	0.75	1.0000270343105255	0.00032339135150835294	1.4806104907715038e-13	0.9997036865031156	0
full_sample	433	14	13	2480	1363	1	pass	135.01655858661607	0.13109018568028605	3.8310912791380263	134.9873466310481	0.02921195556797329	0.8611111111111112	0.025154739516865893	0.9996273767546667	1	0.75	0.9997205195469708	0.00032339135150835294	1.4806104907715038e-13	0.999397270847758	0
full_sample	434	14	14	2371	1333	1	pass	135.13140588893663	0.13673612728720316	3.857535515775808	134.9873466310481	0.1440592578885287	0.8556477805846265	0.12326398428498793	0.998176049210739	1	0.75	0.9986317247836127	0.00032339135150835294	1.4806104907715038e-13	0.9983088281342821	0
full_sample	435	14	15	2373	1391	1	pass	135.25043191048988	0.13810388813605246	4.027260917965626	134.9873466310481	0.26308527944178195	0.855751893256401	0.2251357259701942	0.9966724054452079	1	0.75	0.9975032645588887	0.00032339135150835294	1.4806104907715038e-13	0.9971807327848331	0
full_sample	436	14	16	2338	1297	1	pass	135.24511296755864	0.14634085669208116	3.9275354924354033	134.9873466310481	0.25776633651054226	0.8539079620160701	0.22010872708606566	0.9967465250634334	1	0.75	0.9975589000968131	0.00032339135150835294	1.4806104907715038e-13	0.9972363503336148	0
full_sample	437	14	17	2298	1278	1	pass	135.4414998358668	0.13385564870085817	3.8238986429865975	134.9873466310481	0.45415320481870936	0.8517420311341735	0.3868213731183818	0.9942928648076392	1	0.75	0.9957165877530199	0.00032339135150835294	1.4806104907715038e-13	0.9953946336813743	0
full_sample	438	14	18	2308	1275	1	pass	135.39191869275285	0.14903288398003933	4.121430609137417	134.9873466310481	0.404572061704755	0.8522895125553914	0.3448125252638754	0.9949102923122614	1	0.75	0.9961802854636227	0.00032339135150835294	1.4806104907715038e-13	0.9958581814603924	0
full_sample	439	14	19	2230	1272	1	pass	135.20215122662685	0.14828166150689945	3.9916807537331005	134.9873466310481	0.2148045955787552	0.8479087452471483	0.18213469511050345	0.997306693101592	1	0.75	0.9979793390085553	0.00032339135150835294	1.4806104907715038e-13	0.9976566533010319	0
full_sample	440	14	20	2096	1186	1	pass	135.17848433864813	0.1542738854415087	3.9905158955727815	134.9873466310481	0.1911377076000349	0.8397435897435898	0.16050666471541392	0.9976259467258949	1	0.75	0.9982189311339585	0.00032339135150835294	1.4806104907715038e-13	0.9978961679569409	0
full_sample	441	14	21	2123	1241	1	pass	135.04909566050392	0.14574025577530195	3.9795263565553736	134.9873466310481	0.061749029455825166	0.8414585810543004	0.05195925070737884	0.9992305442050842	1	0.75	0.9994228526301767	0.00032339135150835294	1.4806104907715038e-13	0.9990997001783068	0
full_sample	442	14	22	2102	1228	1	pass	135.20501861948648	0.1522788275961337	4.047858832818058	134.9873466310481	0.21767198843838287	0.8401278976818545	0.18287231003096754	0.9972958077928933	1	0.75	0.9979711695095863	0.00032339135150835294	1.4806104907715038e-13	0.9976484864435811	0
full_sample	443	14	23	2019	1216	1	pass	135.11098953068102	0.1432615630517516	3.9984599703292174	134.9873466310481	0.12364289963292663	0.8346424142207524	0.10319760825088006	0.998472633363783	1	0.75	0.9988542561789545	0.00032339135150835294	1.4806104907715038e-13	0.9985312875765301	0
full_sample	444	14	24	1944	1160	1	pass	134.68210352622378	0.16741563409167465	4.228126342277506	134.9873466310481	-0.3052431048243136	0.8293515358361775	-0.25315383778944783	1.0037616568015115	1	0.75	1.0028199181076487	0.00032339135150835294	1.4806104907715038e-13	1.0024956672517997	0
full_sample	445	14	25	1347	816	1	pass	134.7912297670307	0.2150436505862265	4.334293620506504	134.9873466310481	-0.19611686401739803	0.7710360618202633	-0.15121317448851468	1.0022443543383814	1	0.75	1.001682793964235	0.00032339135150835294	1.4806104907715038e-13	1.001358910785045	0
full_sample	446	14	26	1894	1134	1	pass	135.03585164272627	0.173625857007508	4.22825806059773	134.9873466310481	0.04850501167817356	0.8256320836965998	0.04004729386157834	0.9994068678870448	1	0.75	0.9995551179253451	0.00032339135150835294	1.4806104907715038e-13	0.9992319227069382	0
full_sample	447	14	27	1797	1117	1	pass	134.9450953355256	0.16098198527070098	3.985593455203069	134.9873466310481	-0.042251295522504506	0.8179335457441966	-0.03455875195900801	1.000512266998479	1	0.75	1.0003841756524703	0.00032339135150835294	1.4806104907715038e-13	1.000060712367312	0
full_sample	448	14	28	1689	1080	1	pass	135.0254829464256	0.16912993171391988	4.270514943714125	134.9873466310481	0.03813631537749984	0.8085208233604595	0.030834005108950326	0.9995432772382341	1	0.75	0.999657438369108	0.00032339135150835294	1.4806104907715038e-13	0.9993342100665042	0
full_sample	449	14	29	1739	939	0	mu_error	139.51934656734878	1.130849320523541	6.984273815221283	134.9873466310481	nan	0.8129967274427302	nan	1.0	0	0.75	1.0	0.00032339135150835294	1.4806104907715038e-13	1.0	0
full_sample	453	15	3	1833	985	1	pass	135.33843338247118	0.20246236021276492	4.33043276367389	134.9873466310481	0.35108675142308243	0.8208687863860278	0.28819615555687866	0.9957433249843314	1	0.75	0.996805792035501	0.00032339135150835294	1.4806104907715038e-13	0.9964834857815599	0
full_sample	454	15	4	2275	1224	1	pass	135.51035036919268	0.1719199383722239	4.06799290731351	134.9873466310481	0.5230037381445811	0.8504672897196262	0.44479757169305495	0.993441699746063	1	0.75	0.9950772314403508	0.00032339135150835294	1.4806104907715038e-13	0.9947554840975783	0
full_sample	455	15	5	2433	1312	1	pass	134.60202345785697	0.1729693418789982	4.248751766244741	134.9873466310481	-0.3853231731911251	0.8588069184609954	-0.33091820697988256	1.0049214330650669	1	0.75	1.0036888087699902	0.00032339135150835294	1.4806104907715038e-13	1.0033642769678457	0
full_sample	456	15	6	2598	1403	1	pass	134.8399733740657	0.16099999716362773	4.159156882617972	134.9873466310481	-0.1473732569824051	0.866577718478986	-0.1277103808006299	1.001895022733126	1	0.75	1.0014209306487198	0.00032339135150835294	1.4806104907715038e-13	1.0010971321401692	0
full_sample	457	15	7	2493	1359	1	pass	135.2777547037693	0.16501949077569683	4.299515976699537	134.9873466310481	0.29040807272119196	0.861735222951953	0.2502548652934433	0.996302164966119	1	0.75	0.9972253398093152	0.00032339135150835294	1.4806104907715038e-13	0.9969028978991886	0
full_sample	458	15	8	2471	1322	1	pass	135.168833241535	0.16489528373305612	4.116627210230512	134.9873466310481	0.18148661048689974	0.8606757227446883	0.15620111964929614	0.9976895196240378	1	0.75	0.9982666387681417	0.00032339135150835294	1.4806104907715038e-13	0.9979438601653822	0
full_sample	459	15	9	2568	1396	1	pass	135.11518890512045	0.1330657134282209	3.96142532201752	134.9873466310481	0.12784227407234994	0.8652291105121294	0.11061285708146719	0.9983630194386582	1	0.75	0.9987720131851059	0.00032339135150835294	1.4806104907715038e-13	0.9984490711750545	0
full_sample	460	15	10	2461	1327	1	pass	134.82818860954382	0.1603712627167405	4.173061737619006	134.9873466310481	-0.1591580215042825	0.8601887451939881	-0.13690593880532653	1.0020316783078163	1	0.75	1.001523372084629	0.00032339135150835294	1.4806104907715038e-13	1.0011995404527603	0
full_sample	461	15	11	2477	1357	1	pass	134.82828717305046	0.14128901047133832	3.8493157456038603	134.9873466310481	-0.15905945799764254	0.8609662843239485	-0.13694483053881146	1.0020322563388795	1	0.75	1.0015238053879794	0.00032339135150835294	1.4806104907715038e-13	1.0011999736160067	0
full_sample	462	15	12	2570	1371	1	pass	135.33246567105954	0.14205789570175034	4.041838775912046	134.9873466310481	0.3451190400114399	0.8653198653198653	0.29863836122202037	0.995589603499131	1	0.75	0.9966903756776214	0.00032339135150835294	1.4806104907715038e-13	0.9963681067422977	0
full_sample	463	15	13	2434	1328	1	pass	135.43163188405262	0.14300688705587442	3.9236376728797975	134.9873466310481	0.44428525300452293	0.8588567395906845	0.38157738384368695	0.9943699072474863	1	0.75	0.9957744517599825	0.00032339135150835294	1.4806104907715038e-13	0.9954524789786429	0
full_sample	464	15	14	2446	1306	1	pass	135.1001848525916	0.13922136490474646	4.110788951518143	134.9873466310481	0.11283822154351242	0.859451862262825	0.09697901963999697	0.9985645718986149	1	0.75	0.9989232356407883	0.00032339135150835294	1.4806104907715038e-13	0.9986002447346092	0
full_sample	465	15	15	2289	1312	1	pass	135.1188508271959	0.1310623955223408	3.7288700602909954	134.9873466310481	0.13150419614780162	0.8512458162885831	0.11194239679520934	0.9983433677831206	1	0.75	0.9987572683692358	0.00032339135150835294	1.4806104907715038e-13	0.9984343311267593	0
full_sample	466	15	16	2282	1275	1	pass	134.92409537563205	0.14006706173870578	3.9799053017927943	134.9873466310481	-0.06325125541604848	0.8508575689783744	-0.05381780941812925	1.0007979162885647	1	0.75	1.0005983775484084	0.00032339135150835294	1.4806104907715038e-13	1.0002748450034094	0
full_sample	467	15	17	2249	1299	1	pass	134.9213072745519	0.15656564639052228	4.340620062012663	134.9873466310481	-0.06603935649619075	0.8489996224990563	-0.05606738873534654	1.0008312899051466	1	0.75	1.0006234026660168	0.00032339135150835294	1.4806104907715038e-13	1.0002998620294197	0
full_sample	468	15	18	2297	1296	1	pass	135.28529880023828	0.1494837696278974	4.296817638061776	134.9873466310481	0.2979521691901823	0.8516870596959585	0.25376200690761913	0.9962504882949745	1	0.75	0.9971865461416805	0.00032339135150835294	1.4806104907715038e-13	0.9968641167750623	0
full_sample	469	15	19	2427	1356	1	pass	134.86816064418431	0.1423157847879141	3.9788600474031997	134.9873466310481	-0.11918598686378346	0.8585072515033605	-0.10232203400014236	1.0015178705491	1	0.75	1.001138187054781	0.00032339135150835294	1.4806104907715038e-13	1.0008144799682803	0
full_sample	470	15	20	2423	1423	1	pass	135.1706691549844	0.14730753958958212	4.065349239733406	134.9873466310481	0.18332252393631165	0.8583067658519306	0.1573469626275888	0.9976726002531541	1	0.75	0.9982539418727343	0.00032339135150835294	1.4806104907715038e-13	0.9979311673753771	0
full_sample	471	15	21	2150	1298	1	pass	135.27407603211861	0.15125580662507687	4.029586218915788	134.9873466310481	0.2867294010705166	0.8431372549019608	0.2417522401182787	0.9964274652684313	1	0.75	0.997319400634968	0.00032339135150835294	1.4806104907715038e-13	0.9969969283113019	0
full_sample	472	15	22	2105	1221	1	pass	135.28326581384954	0.14005298307185118	3.793758890772565	134.9873466310481	0.29591918280144114	0.8403193612774451	0.24866661868145054	0.9963255686224065	1	0.75	0.9972429087643363	0.00032339135150835294	1.4806104907715038e-13	0.9969204611734803	0
full_sample	473	15	23	2092	1248	1	pass	135.29127834306817	0.14465939344836587	3.6889787041971838	134.9873466310481	0.3039317120200735	0.8394863563402889	0.2551465254999975	0.9962300889390788	1	0.75	0.9971712322104296	0.00032339135150835294	1.4806104907715038e-13	0.9968488077954035	0
full_sample	474	15	24	1959	1207	1	pass	134.88053559290555	0.162176609932979	4.280323120877751	134.9873466310481	-0.10681103814255266	0.8304366256888512	-0.08869979810142462	1.001315595567062	1	0.75	1.0009865345024553	0.00032339135150835294	1.4806104907715038e-13	1.000662876451149	0
full_sample	475	15	25	1875	1145	1	pass	134.85943780533117	0.1802300155057014	4.285915786101706	134.9873466310481	-0.1279088257169292	0.8241758241758241	-0.10541936185461197	1.0015638709592947	1	0.75	1.0011726740850835	0.00032339135150835294	1.4806104907715038e-13	1.0008489558475786	0
full_sample	476	15	26	1920	1194	1	pass	134.75917094256423	0.15679319456700988	4.006564419451178	134.9873466310481	-0.22817568848387282	0.8275862068965517	-0.1888350525383775	1.0028039240763544	1	0.75	1.0021022068554368	0.00032339135150835294	1.4806104907715038e-13	1.001778188063674	0
full_sample	477	15	27	1855	1182	1	pass	135.22048540859024	0.15152455241981308	3.835175705605445	134.9873466310481	0.23313877754213763	0.8226164079822617	0.19178378374308883	0.9971643113266475	1	0.75	0.9978724787468924	0.00032339135150835294	1.4806104907715038e-13	0.9975498275914663	0
full_sample	478	15	28	1625	1030	1	pass	134.88901289051955	0.17275122606869878	3.9123010683676935	134.9873466310481	-0.09833374052854538	0.8024691358024691	-0.07890979178216605	1.001170262755539	1	0.75	1.0008775687371947	0.00032339135150835294	1.4806104907715038e-13	1.000553945918777	0
full_sample	479	15	29	1890	1011	1	pass	139.26965286855798	0.34101792067866177	4.574124240201314	134.9873466310481	4.282306237509886	0.8253275109170306	3.5343051479885084	0.9496182094499198	1	0.75	0.99	0.00032339135150835294	1.4806104907715038e-13	0.99	1
full_sample	483	16	3	1766	947	1	pass	134.9100354386945	0.2446507248213702	4.964374806127792	134.9873466310481	-0.07731119235359074	0.8153277931671283	-0.06303396384877251	1.0009346530668952	1	0.75	1.0007009079342655	0.00032339135150835294	1.4806104907715038e-13	1.000377342237187	0
full_sample	484	16	4	2279	1192	1	pass	134.5330792682859	0.18597646786356056	4.357364400911613	134.9873466310481	-0.45426736276220936	0.8506905561776782	-0.386440955481551	1.0057507285976108	1	0.75	1.004309953458293	0.00032339135150835294	1.4806104907715038e-13	1.0039852208158049	0
full_sample	485	16	5	2476	1348	1	pass	134.95255015120824	0.17095498634406636	4.516471193617658	134.9873466310481	-0.03479647983985501	0.8609179415855355	-0.029956913798150558	1.0004440308879516	1	0.75	1.0003330046853112	0.00032339135150835294	1.4806104907715038e-13	1.0000095579457258	0
full_sample	486	16	6	2615	1392	1	pass	134.91725433141602	0.16610033325219675	4.159671164782463	134.9873466310481	-0.07009229963207986	0.867330016583748	-0.06079315540228485	1.0009014044172178	1	0.75	1.0006759771668285	0.00032339135150835294	1.4806104907715038e-13	1.000352419530841	0
full_sample	487	16	7	2648	1426	1	pass	135.10737797577548	0.18023462553901035	4.695791550205793	134.9873466310481	0.12003134472737997	0.868766404199475	0.10427919975003352	0.9984566439033166	1	0.75	0.9988422594761325	0.00032339135150835294	1.4806104907715038e-13	0.9985192947527108	0
full_sample	488	16	8	2526	1402	1	pass	135.13476366719095	0.15450849178065915	4.227585078179	134.9873466310481	0.14741703614285484	0.8632946001367054	0.12726433127028414	0.99811693925925	1	0.75	0.9985873717535443	0.00032339135150835294	1.4806104907715038e-13	0.9982644894452809	0
full_sample	489	16	9	2516	1360	1	pass	135.03746236423115	0.14261443136210722	3.8386631668816937	134.9873466310481	0.050115733183048405	0.8628257887517147	0.04324114701253422	0.9993595871171289	1	0.75	0.9995196518780213	0.00032339135150835294	1.4806104907715038e-13	0.999196468127173	0
full_sample	490	16	10	2579	1393	1	pass	134.97188637919697	0.13597184059935663	3.8848363447779763	134.9873466310481	-0.015460251851123985	0.8657267539442766	-0.01338435365023456	1.0001983505987444	1	0.75	1.0001487592609606	0.00032339135150835294	1.4806104907715038e-13	0.9998253720951187	0
full_sample	491	16	11	2514	1374	1	pass	135.1947836605096	0.1442491860853923	4.101265251333364	134.9873466310481	0.207437029461488	0.8627316403568978	0.1789624886980717	0.9973535087820654	1	0.75	0.9980144742443114	0.00032339135150835294	1.4806104907715038e-13	0.9976917771761935	0
full_sample	492	16	12	2448	1337	1	pass	135.19694541575672	0.14660817077170923	3.9324267505184047	134.9873466310481	0.2095987847086178	0.8595505617977528	0.18016075314841867	0.9973358243103506	1	0.75	0.9980012020712273	0.00032339135150835294	1.4806104907715038e-13	0.9976785092945215	0
full_sample	493	16	13	2511	1361	1	pass	135.0720824741369	0.1449860228296642	4.161961110811547	134.9873466310481	0.08473584308879367	0.8625901751975267	0.07309230573547267	0.9989178423913958	1	0.75	0.9991882719566615	0.00032339135150835294	1.4806104907715038e-13	0.9988651953538876	0
full_sample	494	16	14	2494	1414	1	pass	135.3623593897773	0.13954469483546011	4.051101486267681	134.9873466310481	0.3750127587292127	0.861782999308915	0.3231796199967714	0.9952284675641283	1	0.75	0.9964192119629111	0.00032339135150835294	1.4806104907715038e-13	0.9960970307054096	0
full_sample	495	16	15	2327	1297	1	pass	135.26477799669138	0.14492867613549423	4.037256154362497	134.9873466310481	0.27743136564328097	0.8533186651998533	0.23673736261529696	0.9965013788991667	1	0.75	0.9973748849654738	0.00032339135150835294	1.4806104907715038e-13	0.997052394701556	0
full_sample	496	16	16	2346	1338	1	pass	135.20791740658686	0.13770771237263282	3.7775310562860107	134.9873466310481	0.2205707755387607	0.8543335761107065	0.18844101945154138	0.997213633643206	1	0.75	0.9979094965262795	0.00032339135150835294	1.4806104907715038e-13	0.9975868334015591	0
full_sample	497	16	17	2349	1353	1	pass	135.22542698923687	0.14148948278970228	3.841471472674676	134.9873466310481	0.2380803581887676	0.8544925427428156	0.20343789064584036	0.9969923841881553	1	0.75	0.997743439037243	0.00032339135150835294	1.4806104907715038e-13	0.997420829605396	0
full_sample	498	16	18	2225	1213	1	pass	135.2393403700299	0.15605289130228675	3.9360690073617315	134.9873466310481	0.25199373898180966	0.8476190476190476	0.21359469304172438	0.9968425822847253	1	0.75	0.9976310008611561	0.00032339135150835294	1.4806104907715038e-13	0.997308427784964	0
full_sample	499	16	19	2396	1282	1	pass	135.90635883695475	0.21909806197031306	4.381391103944809	134.9873466310481	0.9190122059066539	0.8569384835479256	0.7875369260916819	0.9884321031688893	1	0.75	0.9913114712403239	0.00032339135150835294	1.4806104907715038e-13	0.990990941514938	0
full_sample	500	16	20	1955	1142	1	pass	135.47118239658022	0.17552821097004226	4.2382375208162975	134.9873466310481	0.4838357655321204	0.8301486199575372	0.40165559304258824	0.9940749752970748	1	0.75	0.9955529321407005	0.00032339135150835294	1.4806104907715038e-13	0.9952310309853079	0
full_sample	501	16	21	2145	1226	1	pass	134.94926832029572	0.14820125149451957	3.9769425371948905	134.9873466310481	-0.03807831075238255	0.8428290766208252	-0.03209350749071142	1.0004757114562643	1	0.75	1.000356762380647	0.00032339135150835294	1.4806104907715038e-13	1.0000333079592705	0
full_sample	502	16	22	2091	1237	1	pass	135.15500012212462	0.14582970026347772	3.8921192244432583	134.9873466310481	0.16765349107652128	0.839421918908069	0.14073201519109033	0.9979179765750636	1	0.75	0.9984380756888178	0.00032339135150835294	1.4806104907715038e-13	0.9981152416538046	0
full_sample	503	16	23	1884	1076	1	pass	134.8309073597154	0.16202642689169097	3.5756367361363797	134.9873466310481	-0.15643927133268676	0.8248686514886164	-0.12904185078405508	1.001914808033705	1	0.75	1.0014357625658077	0.00032339135150835294	1.4806104907715038e-13	1.0011119592615187	0
full_sample	504	16	24	2036	1244	1	pass	135.27226688442437	0.14951757600387208	4.033427049708651	134.9873466310481	0.2849202533762707	0.8357963875205254	0.23813531850331984	0.9964807737814557	1	0.75	0.9973594175407966	0.00032339135150835294	1.4806104907715038e-13	0.9970369322781016	0
full_sample	505	16	25	1994	1211	1	pass	135.04245631191364	0.14930965109086725	3.8352448114640927	134.9873466310481	0.05510968086554158	0.8329156223893066	0.04590171413779862	0.9993202035027815	1	0.75	0.9994901092907527	0.00032339135150835294	1.4806104907715038e-13	0.9991669350921769	0
full_sample	506	16	26	1879	1120	1	pass	135.00841348278098	0.1493996774244003	3.9835247412826957	134.9873466310481	0.021066851732882697	0.8244844229925405	0.017369291095255195	0.9997426822285802	1	0.75	0.9998070054633537	0.00032339135150835294	1.4806104907715038e-13	0.9994837287998655	0
full_sample	507	16	27	2219	1294	1	pass	136.6964722521538	0.17902703374159373	4.127506491296906	134.9873466310481	1.7091256211056987	0.8472699503627339	1.448090780157902	0.9788835095131381	1	0.75	0.99	0.00032339135150835294	1.4806104907715038e-13	0.99	1
full_sample	508	16	28	1735	1098	1	pass	135.10792626701638	0.18320970854906085	4.33664262033811	134.9873466310481	0.12057963596828358	0.8126463700234192	0.09798860346837097	0.9985496448736838	1	0.75	0.9989120363300543	0.00032339135150835294	1.4806104907715038e-13	0.99858904904505	0
full_sample	509	16	29	1881	1030	0	mu_error	140.87697824555184	1.1673111130649205	6.600890787794059	134.9873466310481	nan	0.8246383165278387	nan	1.0	0	0.75	1.0	0.00032339135150835294	1.4806104907715038e-13	1.0	0
full_sample	513	17	3	1837	967	1	pass	135.15616370398598	0.21645499065429866	4.693239445136817	134.9873466310481	0.16881707293788395	0.8211890925346446	0.13863073893021582	0.9979490155282335	1	0.75	0.9984613669459002	0.00032339135150835294	1.4806104907715038e-13	0.9981385253799137	0
full_sample	514	17	4	2317	1187	1	pass	134.9186874918642	0.1687869294793575	4.09535046612175	134.9873466310481	-0.0686591391838931	0.8527788001472212	-0.05855105833238142	1.0008681383052764	1	0.75	1.000651033098492	0.00032339135150835294	1.4806104907715038e-13	1.0003274835278961	0
full_sample	515	17	5	2553	1363	1	pass	134.89967774555552	0.17135535783514688	4.4774143384110054	134.9873466310481	-0.08766888549257601	0.8645445309854385	-0.07579365549019523	1.0011240102972758	1	0.75	1.0008428893347232	0.00032339135150835294	1.4806104907715038e-13	1.0005192777295115	0
full_sample	516	17	6	2589	1364	1	pass	134.91829038407081	0.16038437335579145	4.332512405462293	134.9873466310481	-0.06905624697728285	0.8661759785881565	-0.0598148623031734	1.0008868892271945	1	0.75	1.0006650932064605	0.00032339135150835294	1.4806104907715038e-13	1.0003415390896828	0
full_sample	517	17	7	2517	1355	1	pass	135.11456368001012	0.16825323548240584	4.261618145592645	134.9873466310481	0.12721704896202368	0.8628728145354817	0.10977213309475956	0.9983754463080233	1	0.75	0.9987813371407566	0.00032339135150835294	1.4806104907715038e-13	0.9984583921159059	0
full_sample	518	17	8	2484	1362	1	pass	134.92441774598595	0.14456869030012168	3.9949531486960472	134.9873466310481	-0.06292888506214922	0.8613037447988904	-0.05420088436004808	1.0008035992759772	1	0.75	1.0006026389361389	0.00032339135150835294	1.4806104907715038e-13	1.0002791050132664	0
full_sample	519	17	9	2518	1321	1	pass	134.63765755297604	0.15986852624393727	4.138528502951987	134.9873466310481	-0.3496890780720605	0.8629198080877313	-0.30175363214031814	1.0044862377228414	1	0.75	1.003362794966933	0.00032339135150835294	1.4806104907715038e-13	1.0030383685777873	0
full_sample	520	17	10	2461	1378	1	pass	135.09790186310303	0.1421995786161782	4.215159484616844	134.9873466310481	0.110555232054935	0.8601887451939881	0.09509836633596472	0.9985923788612556	1	0.75	0.9989440982809138	0.00032339135150835294	1.4806104907715038e-13	0.9986211006290281	0
full_sample	521	17	11	2555	1427	1	pass	135.28629123063683	0.14026510011186888	4.090618670503014	134.9873466310481	0.29894459958873654	0.8646362098138748	0.2584783255327316	0.9961810011048305	1	0.75	0.9971343813276365	0.00032339135150835294	1.4806104907715038e-13	0.9968119688279405	0
full_sample	522	17	12	2508	1308	1	pass	135.21066087469868	0.1430242602293384	4.100097820695452	134.9873466310481	0.22331424365057728	0.8624484181568088	0.19259701618832456	0.9971523126768118	1	0.75	0.9978634733550583	0.00032339135150835294	1.4806104907715038e-13	0.9975408251114272	0
full_sample	523	17	13	2559	1400	1	pass	135.18203616583466	0.15038127519955594	4.133865319367439	134.9873466310481	0.19468953478656204	0.8648191956742143	0.16837124688030153	0.997509839069587	1	0.75	0.9981317973636586	0.00032339135150835294	1.4806104907715038e-13	0.9978090623603931	0
full_sample	524	17	14	2290	1264	1	pass	135.11580068121356	0.14140442685432597	3.966469312422441	134.9873466310481	0.12845405016545897	0.8513011152416357	0.10935307616316023	0.9983816405390374	1	0.75	0.9987859846991173	0.00032339135150835294	1.4806104907715038e-13	0.9984630381715296	0
full_sample	525	17	15	2339	1286	1	pass	135.20404484990863	0.13187560588582808	3.635619172345585	134.9873466310481	0.21669821886052887	0.8539612997444322	0.18505189263044067	0.9972636437725138	1	0.75	0.9979470300610483	0.00032339135150835294	1.4806104907715038e-13	0.9976243548002698	0
full_sample	526	17	16	2391	1397	1	pass	135.51736713883463	0.13304475711879346	3.9824148755167554	134.9873466310481	0.5300205077865314	0.8566821927624507	0.45405913081963334	0.9933058294121734	1	0.75	0.9949751591794114	0.00032339135150835294	1.4806104907715038e-13	0.9946534448405884	0
full_sample	527	17	17	2358	1298	1	pass	135.62230235878306	0.13560348327352892	3.7653458800458703	134.9873466310481	0.6349557277349618	0.854967367657723	0.5428664271207542	0.9920044089733664	1	0.75	0.9939972932844404	0.00032339135150835294	1.4806104907715038e-13	0.9936758951278627	0
full_sample	528	17	18	2438	1367	1	pass	135.13816846937223	0.14183534326380748	4.006206455693693	134.9873466310481	0.1508218383241342	0.8590556730091614	0.12956435582601805	0.9980829559996413	1	0.75	0.9985618721875695	0.00032339135150835294	1.4806104907715038e-13	0.9982389981243119	0
full_sample	529	17	19	2213	1252	1	pass	135.62679561154962	0.16788889187258435	4.298277105798976	134.9873466310481	0.6394489805015269	0.8469192499043245	0.5415616509184382	0.9920235112097111	1	0.75	0.994011648708681	0.00032339135150835294	1.4806104907715038e-13	0.9936902459104341	0
full_sample	530	17	20	2465	1224	1	pass	136.18726020513444	0.20411412305849458	4.516787304401057	134.9873466310481	1.199913574086338	0.8603839441535777	1.0323863735158196	0.9848764673866788	1	0.75	0.99	0.00032339135150835294	1.4806104907715038e-13	0.99	1
full_sample	531	17	21	2172	1254	1	pass	135.06892456222656	0.14690531792673928	4.086235870861943	134.9873466310481	0.08157793117845813	0.8444790046656299	0.06889085012426557	0.9989799988430258	1	0.75	0.9992349015530707	0.00032339135150835294	1.4806104907715038e-13	0.9989118098731267	0
full_sample	532	17	22	2068	1234	1	pass	135.29546910592043	0.14214288253801796	3.761527156005354	134.9873466310481	0.30812247487233435	0.8379254457050244	0.25818366208913596	0.9961853422726291	1	0.75	0.9971376403176978	0.00032339135150835294	1.4806104907715038e-13	0.996815226764243	0
full_sample	533	17	23	2056	1217	1	pass	134.78613859840695	0.14196681211453693	3.828939183747705	134.9873466310481	-0.20120803264114784	0.8371335504885994	-0.1684379947517101	1.0025004898943934	1	0.75	1.0018747818634874	0.00032339135150835294	1.4806104907715038e-13	1.001550836607109	0
full_sample	534	17	24	1946	1158	1	pass	134.894505341502	0.14252371338811023	3.75862555745739	134.9873466310481	-0.09284128954610082	0.8294970161977835	-0.0770115726584451	1.0011420873223869	1	0.75	1.0008564432658704	0.00032339135150835294	1.4806104907715038e-13	1.0005328272781433	0
full_sample	535	17	25	1923	1136	1	pass	135.2649896955431	0.15348060750307935	3.751477435014634	134.9873466310481	0.27764306449500964	0.8278088678433061	0.22983539088415994	0.9966031196169916	1	0.75	0.9974512564165648	0.00032339135150835294	1.4806104907715038e-13	0.9971287414587735	0
full_sample	536	17	26	1903	1181	1	pass	135.1605712613269	0.17146010431068903	4.153545606779639	134.9873466310481	0.17322463027880985	0.8263135041250543	0.14313785124645037	0.9978824406021126	1	0.75	0.9984114096998145	0.00032339135150835294	1.4806104907715038e-13	0.9980885842869571	0
full_sample	537	17	27	1762	1070	1	pass	134.97436901373408	0.1775471254992132	4.189072785779998	134.9873466310481	-0.012977617314021472	0.8149861239592969	-0.010576578032981421	1.0001567356313867	1	0.75	1.0001175494206225	0.00032339135150835294	1.4806104907715038e-13	0.9997941723461411	0
full_sample	538	17	28	1736	1083	1	pass	134.52122823379028	0.18175614281031813	4.319947930166446	134.9873466310481	-0.4661183972578158	0.8127340823970037	-0.378830307883693	1.0056369942024574	1	0.75	1.0042247736543761	0.00032339135150835294	1.4806104907715038e-13	1.0039000685538466	0
full_sample	539	17	29	1809	967	1	pass	140.14734839559455	0.4862001669144141	4.746554940759259	134.9873466310481	5.16000176454645	0.8189225894069715	4.225642006366921	0.9402092255490369	1	0.75	0.99	0.00032339135150835294	1.4806104907715038e-13	0.99	1
full_sample	543	18	3	1689	899	1	pass	134.21850501150402	0.21601777251013107	4.298877398814652	134.9873466310481	-0.7688416195440766	0.8085208233604595	-0.6216244592675659	1.0092748705678556	1	0.75	1.0069481192531957	0.00032339135150835294	1.4806104907715038e-13	1.006622533588643	0
full_sample	544	18	4	2231	1180	1	pass	134.7448229946358	0.18036909149173552	4.598627262336978	134.9873466310481	-0.2425236364123009	0.8479665526415812	-0.20565193190263906	1.0030542018256172	1	0.75	1.002289777966248	0.00032339135150835294	1.4806104907715038e-13	1.0019656985254173	0
full_sample	545	18	5	2367	1234	1	pass	134.791532684744	0.19699753242667556	4.6630318366304255	134.9873466310481	-0.19581394630409932	0.855439103722443	-0.1675069067227333	1.002486641971225	1	0.75	1.0018644023855476	0.00032339135150835294	1.4806104907715038e-13	1.0015404604852596	0
full_sample	546	18	6	2471	1351	1	pass	135.3532200106872	0.16608550051181664	4.370293026864366	134.9873466310481	0.3658733796391118	0.8606757227446883	0.3148983354539343	0.9953503085145002	1	0.75	0.9965107006084333	0.00032339135150835294	1.4806104907715038e-13	0.9961884897690788	0
full_sample	547	18	7	2450	1290	1	pass	135.10637221705932	0.1613963716074114	4.145909075008121	134.9873466310481	0.11902558601121882	0.8596491228070176	0.10232024060613548	0.9984856040097743	1	0.75	0.9988639878657453	0.00032339135150835294	1.4806104907715038e-13	0.9985410161166863	0
full_sample	548	18	8	2444	1299	1	pass	135.05890348549696	0.15152244178371277	3.855247651418194	134.9873466310481	0.07155685444885762	0.8593530239099859	0.06149259925211253	0.9990894628758847	1	0.75	0.9993170194013611	0.00032339135150835294	1.4806104907715038e-13	0.9989939011695086	0
full_sample	549	18	9	2435	1343	1	pass	135.32563000051016	0.145582605937292	4.004345004124702	134.9873466310481	0.3382833694620615	0.8589065255731922	0.29055379352385174	0.9957086146833639	1	0.75	0.9967797314190678	0.00032339135150835294	1.4806104907715038e-13	0.996457433591542	0
full_sample	550	18	10	2506	1357	1	pass	135.3879847319999	0.14940970520204366	4.069294277494992	134.9873466310481	0.4006381009517952	0.8623537508602891	0.34549176909332374	0.9949003045124571	1	0.75	0.9961727850423618	0.00032339135150835294	1.4806104907715038e-13	0.9958506834643109	0
full_sample	551	18	11	2401	1307	1	pass	135.14628366294792	0.14535415698499782	4.1055298878839315	134.9873466310481	0.1589370318998249	0.8571938593359515	0.13623984776561213	0.9979843342825024	1	0.75	0.998487869493961	0.00032339135150835294	1.4806104907715038e-13	0.9981650193586653	0
full_sample	552	18	12	2425	1391	1	pass	135.10269853973836	0.14688793284560459	3.8874641467248505	134.9873466310481	0.11535190869025769	0.8584070796460177	0.0990188950703982	0.9985344120226607	1	0.75	0.9989006075237888	0.00032339135150835294	1.4806104907715038e-13	0.9985776239341639	0
full_sample	553	18	13	2388	1317	1	pass	135.15720587133328	0.14209313573163704	4.001696779707378	134.9873466310481	0.1698592402851773	0.8565279770444764	0.14548919146377454	0.9978477114070033	1	0.75	0.9983853488828665	0.00032339135150835294	1.4806104907715038e-13	0.9980625318964895	0
full_sample	554	18	14	2466	1353	1	pass	135.23735166455444	0.12859718240700893	3.7674793866028304	134.9873466310481	0.2500050335063406	0.8604326587578507	0.2151124956827062	0.9968201992290959	1	0.75	0.997614200244944	0.00032339135150835294	1.4806104907715038e-13	0.9972916326010473	0
full_sample	555	18	15	2312	1285	1	pass	135.36564249769148	0.13459195735882587	3.879448437862792	134.9873466310481	0.3782958666433842	0.8525073746312685	0.3225000161060119	0.9952384656031007	1	0.75	0.996426719454353	0.00032339135150835294	1.4806104907715038e-13	0.9961045357693864	0
full_sample	556	18	16	2339	1308	1	pass	135.03692544122922	0.13183942055685807	3.6428458386007776	134.9873466310481	0.049578810181117206	0.8539612997444322	0.04233838518204934	0.9993729509713709	1	0.75	0.9995296763572861	0.00032339135150835294	1.4806104907715038e-13	0.9992064893651321	0
full_sample	557	18	17	2234	1260	1	pass	135.41449352057157	0.14398430742929172	4.024423427691396	134.9873466310481	0.42714688952347046	0.8481397114654518	0.36228023963380146	0.9946534897250358	1	0.75	0.9959874314459161	0.00032339135150835294	1.4806104907715038e-13	0.9956653897999237	0
full_sample	558	18	18	2148	1205	1	pass	135.41439687939595	0.14730466353420107	4.04479295321401	134.9873466310481	0.42705024834785377	0.8430141287284144	0.3600093930342189	0.9946868690812162	1	0.75	0.9960124994319872	0.00032339135150835294	1.4806104907715038e-13	0.9956904496805357	0
full_sample	559	18	19	2331	1273	1	pass	135.42532979121404	0.1380032785926936	3.729338130161653	134.9873466310481	0.43798316016594185	0.8535335042109118	0.3738333014818054	0.994483696358667	1	0.75	0.9958599129160414	0.00032339135150835294	1.4806104907715038e-13	0.9955379125017715	0
full_sample	560	18	20	2073	1213	1	pass	134.93856282806703	0.1503326590571653	4.017766118632795	134.9873466310481	-0.04878380298106322	0.8382531338455318	-0.04089317572977924	1.0006062053279845	1	0.75	1.000454619552978	0.00032339135150835294	1.4806104907715038e-13	1.0001311334905547	0
full_sample	561	18	21	1784	1043	1	pass	136.3918129390539	0.1669868115883565	4.0001945494759905	134.9873466310481	1.4044663080057944	0.8168498168498168	1.1472380464662717	0.9832152302007009	1	0.75	0.99	0.00032339135150835294	1.4806104907715038e-13	0.99	1
full_sample	562	18	22	2031	1224	1	pass	135.29608784941837	0.13298270595121808	3.640583238427939	134.9873466310481	0.30874121837027246	0.8354586589880707	0.2579405242739709	0.9961889243537215	1	0.75	0.9971403294455119	0.00032339135150835294	1.4806104907715038e-13	0.996817915022557	0
full_sample	563	18	23	1993	1170	1	pass	135.00149099462342	0.1448087987592357	3.793174226521423	134.9873466310481	0.014144363575326224	0.8328458002507313	0.011780073800929864	0.9998254729809074	1	0.75	0.9998691018798779	0.00032339135150835294	1.4806104907715038e-13	0.9995458051381925	0
full_sample	564	18	24	1945	1172	1	pass	134.85566804698783	0.13995560364578563	3.630274518743359	134.9873466310481	-0.13167858406026767	0.8294243070362474	-0.10921741833570175	1.0016202826674698	1	0.75	1.0012149660432457	0.00032339135150835294	1.4806104907715038e-13	1.0008912341310983	0
full_sample	565	18	25	1885	1124	1	pass	135.07754406037887	0.1506760541750805	3.7829023280033547	134.9873466310481	0.09019742933077168	0.824945295404814	0.07440794498402828	0.998898379980295	1	0.75	0.9991736711610915	0.00032339135150835294	1.4806104907715038e-13	0.9988505992793251	0
full_sample	566	18	26	1758	1087	1	pass	134.72569943299933	0.16190171861253036	3.794944907095653	134.9873466310481	-0.26164719804876313	0.8146431881371641	-0.21314910758560038	1.0031658089817057	1	0.75	1.0023734183784991	0.00032339135150835294	1.4806104907715038e-13	1.0020493118934555	0
full_sample	567	18	27	1788	1114	1	pass	135.08785075865504	0.15703090753926646	4.069061161874534	134.9873466310481	0.10050412760693916	0.8171846435100548	0.08213042968976564	0.9987841517937901	1	0.75	0.9990879751856915	0.00032339135150835294	1.4806104907715038e-13	0.9987649310127819	0
full_sample	568	18	28	1663	1060	1	pass	134.79319213333957	0.16578042541329482	4.458899446879836	134.9873466310481	-0.19415449770852433	0.8061076102762966	-0.15650941817221325	1.0023230997919712	1	0.75	1.0017418193837668	0.00032339135150835294	1.4806104907715038e-13	1.0014179171193525	0
full_sample	569	18	29	1800	992	1	pass	140.41247180520367	0.36623332062623687	4.271453804687414	134.9873466310481	5.425125174155568	0.8181818181818182	4.438738778854556	0.9373371968161289	1	0.75	0.99	0.00032339135150835294	1.4806104907715038e-13	0.99	1
full_sample	573	19	3	1696	898	1	pass	135.36188711242696	0.19748590373616096	4.2232045671261575	134.9873466310481	0.3745404813788582	0.8091603053435115	0.3030632902760227	0.9955244741041309	1	0.75	0.9966414742238201	0.00032339135150835294	1.4806104907715038e-13	0.9963192211002467	0
full_sample	574	19	4	2416	1292	1	pass	134.98006926959064	0.1788160077359713	4.197129665804864	134.9873466310481	-0.00727736145745439	0.8579545454545454	-0.006243645341338709	1.0000925209049387	1	0.75	1.0000693898762238	0.00032339135150835294	1.4806104907715038e-13	0.9997460283736047	0
full_sample	575	19	5	2530	1282	1	pass	135.6459261036462	0.18052204727616436	4.507948910086665	134.9873466310481	0.6585794725980918	0.863481228668942	0.568671012175144	0.9916267369925524	1	0.75	0.9937134567474366	0.00032339135150835294	1.4806104907715038e-13	0.9933921503662998	0
full_sample	576	19	6	2449	1352	1	pass	134.84401390451197	0.16341173896389652	4.401847555047436	134.9873466310481	-0.14333272653612994	0.8595998595998596	-0.12320879160652237	1.0018281346186988	1	0.75	1.0013707878827993	0.00032339135150835294	1.4806104907715038e-13	1.001047005587364	0
full_sample	577	19	7	2514	1391	1	pass	135.39023078642145	0.13966330275678326	3.8717111827525574	134.9873466310481	0.4028841553733571	0.8627316403568978	0.3475809082390596	0.994869586142474	1	0.75	0.9961497167091751	0.00032339135150835294	1.4806104907715038e-13	0.9958276225900173	0
full_sample	578	19	8	2511	1312	1	pass	134.95745873989804	0.15022599455647523	4.140908574796208	134.9873466310481	-0.029887891150053747	0.8625901751975267	-0.02578100126340947	1.0003821164488758	1	0.75	1.000286573650119	0.00032339135150835294	1.4806104907715038e-13	0.999963141923501	0
full_sample	579	19	9	2530	1340	1	pass	135.350802693248	0.14453696978288627	3.978347682222271	134.9873466310481	0.36345606219990145	0.863481228668942	0.31383748715554627	0.9953659181886289	1	0.75	0.9965224214895211	0.00032339135150835294	1.4806104907715038e-13	0.9962002068603477	0
full_sample	580	19	10	2443	1272	1	pass	135.33143187166039	0.15921702800452814	4.040126246922293	134.9873466310481	0.3440852406122872	0.8593035525852972	0.29567366965030517	0.9956332436091228	1	0.75	0.9967231417685538	0.00032339135150835294	1.4806104907715038e-13	0.9964008622386727	0
full_sample	581	19	11	2467	1310	1	pass	135.19813160873903	0.14562346052338354	4.062585362824218	134.9873466310481	0.21078497769093474	0.860481339379142	0.1813765399244981	0.9973178817177796	1	0.75	0.9979877361186463	0.00032339135150835294	1.4806104907715038e-13	0.9976650476960092	0
full_sample	582	19	12	2494	1335	1	pass	135.5337818095106	0.15903181015057366	4.2589340571749466	134.9873466310481	0.5464351784625023	0.861782999308915	0.47090854702331747	0.9930587140164817	1	0.75	0.9947895053859699	0.00032339135150835294	1.4806104907715038e-13	0.9944678510762712	0
full_sample	583	19	13	2396	1275	1	pass	135.1775323295299	0.14485249263032826	3.9580173979245643	134.9873466310481	0.19018569848179823	0.8569384835479256	0.16297744404949518	0.9975894675377	1	0.75	0.9981915553553833	0.00032339135150835294	1.4806104907715038e-13	0.9978688010300245	0
full_sample	584	19	14	2331	1270	1	pass	135.32141404335064	0.1346792341841329	3.8501348747761166	134.9873466310481	0.3340674123025451	0.8535335042109118	0.2851377290652628	0.9957883553416995	1	0.75	0.9968396006482606	0.00032339135150835294	1.4806104907715038e-13	0.9965172834626742	0
full_sample	585	19	15	2289	1267	1	pass	135.0841838957893	0.1387829953144228	3.9943947905569437	134.9873466310481	0.0968372647411968	0.8512458162885831	0.0824323164717737	0.9987796867922074	1	0.75	0.9990846254139651	0.00032339135150835294	1.4806104907715038e-13	0.9987615823241675	0
full_sample	586	19	16	2289	1280	1	pass	135.5765382601215	0.13336826119186881	3.9790631283285056	134.9873466310481	0.5891916290734116	0.8512458162885831	0.5015469092409963	0.9926096046524311	1	0.75	0.994452067223759	0.00032339135150835294	1.4806104907715038e-13	0.9941305220210006	0
full_sample	587	19	17	2328	1303	1	pass	135.06528897283965	0.1335468968780034	3.7155845430936694	134.9873466310481	0.07794234179155524	0.8533724340175953	0.06651384592769083	0.9990151668790757	1	0.75	0.9992612841941982	0.00032339135150835294	1.4806104907715038e-13	0.9989381839837155	0
full_sample	588	19	18	2254	1291	1	pass	135.191847690427	0.1336124035415123	3.7967189171592213	134.9873466310481	0.20450105937891294	0.8492840994724944	0.1736794980557912	0.9974314829047327	1	0.75	0.9980729930206622	0.00032339135150835294	1.4806104907715038e-13	0.9977502770311378	0
full_sample	589	19	19	2180	1287	1	pass	134.6927110279726	0.14011462666847027	4.065994424687073	134.9873466310481	-0.2946356030755055	0.8449612403100775	-0.2489556646141868	1.0036991024589603	1	0.75	1.002773046002403	0.00032339135150835294	1.4806104907715038e-13	1.0024488103021367	0
full_sample	590	19	20	2230	1268	1	pass	134.95478967451447	0.14126063684237514	3.8321657188075684	134.9873466310481	-0.032556956533625225	0.8479087452471483	-0.02760532816349211	1.0004091642434263	1	0.75	1.000306857490053	0.00032339135150835294	1.4806104907715038e-13	0.9999834192048774	0
full_sample	591	19	21	1939	1149	1	pass	134.41010322237318	0.16320476285194396	4.072319159343005	134.9873466310481	-0.5772434086749172	0.8289867464728516	-0.47852713528031826	1.0071284055538858	1	0.75	1.0053415544302768	0.00032339135150835294	1.4806104907715038e-13	1.005016488230894	0
full_sample	592	19	22	2085	1220	1	pass	135.1226597068275	0.14963881393439787	3.99172019494089	134.9873466310481	0.13531307577940765	0.8390342052313883	0.11353229899398992	0.9983198685245421	1	0.75	0.9987396365665514	0.00032339135150835294	1.4806104907715038e-13	0.9984167050251256	0
full_sample	593	19	23	2036	1203	1	pass	134.78176873102666	0.14247228448067506	3.8357829459269017	134.9873466310481	-0.2055779000214386	0.8357963875205254	-0.17182126619197413	1.002550811164459	1	0.75	1.0019124990234691	0.00032339135150835294	1.4806104907715038e-13	1.0015885415716594	0
full_sample	594	19	24	1972	1198	1	pass	135.04196052854542	0.1404962493343202	3.932155606515729	134.9873466310481	0.05461389749731893	0.8313659359190556	0.04540413400704592	0.9993275688621825	1	0.75	0.9994956342444147	0.00032339135150835294	1.4806104907715038e-13	0.9991724582594056	0
full_sample	595	19	25	1808	1126	1	pass	134.824216301609	0.140564833455011	3.7593596675316387	134.9873466310481	-0.1631303294390989	0.8188405797101449	-0.13357773352621866	1.0019822144807888	1	0.75	1.0014862928044042	0.00032339135150835294	1.4806104907715038e-13	1.0011624731617152	0
full_sample	596	19	26	1810	1095	1	pass	135.03020353666938	0.15771948802005467	4.241885942025744	134.9873466310481	0.042856905621277974	0.8190045248868778	0.03509999962647653	0.9994801126565758	1	0.75	0.9996100591479241	0.00032339135150835294	1.4806104907715038e-13	0.9992868461648736	0
full_sample	597	19	27	1835	1116	1	pass	135.09261112201253	0.1370634145454154	3.476993868575109	134.9873466310481	0.10526449096443002	0.8210290827740492	0.08642520846520317	0.9987206334656704	1	0.75	0.9990403215693896	0.00032339135150835294	1.4806104907715038e-13	0.9987172928047556	0
full_sample	598	19	28	1672	1044	1	pass	134.84755739076328	0.1763564737124887	4.194749747898388	134.9873466310481	-0.13978924028481288	0.806949806949807	-0.11280290046148994	1.001673541428331	1	0.75	1.0012548936847077	0.00032339135150835294	1.4806104907715038e-13	1.000931148862394	0
full_sample	599	19	29	1805	957	0	mu_error	139.87837019023192	0.7556657135610645	6.029063115636414	134.9873466310481	nan	0.81859410430839	nan	1.0	0	0.75	1.0	0.00032339135150835294	1.4806104907715038e-13	1.0	0
full_sample	603	20	3	1849	981	1	pass	134.97747401551015	0.2014569749770712	4.121592549769051	134.9873466310481	-0.00987261553794383	0.8221431747443309	-0.00811670348139535	1.0001202791547088	1	0.75	1.0000902080098113	0.00032339135150835294	1.4806104907715038e-13	0.9997668397758762	0
full_sample	604	20	4	2272	1236	1	pass	134.85695480224194	0.16995363261259086	4.552495276307211	134.9873466310481	-0.13039182880615385	0.8502994011976048	-0.11087209395493322	1.0016448606956212	1	0.75	1.0012333920485155	0.00032339135150835294	1.4806104907715038e-13	1.0009096541785207	0
full_sample	605	20	5	2699	1380	1	pass	135.03075085457476	0.1661293091490831	3.9829008248411255	134.9873466310481	0.04340422352666451	0.8709261051952243	0.037801871345100845	0.9994401104050858	1	0.75	0.9995800534085477	0.00032339135150835294	1.4806104907715038e-13	0.9992568501275249	0
full_sample	606	20	6	2456	1269	1	pass	135.2269439750938	0.17326253495020988	4.415121279599613	134.9873466310481	0.23959734404570554	0.8599439775910365	0.20604029305891206	0.996953998336145	1	0.75	0.9977146278219355	0.00032339135150835294	1.4806104907715038e-13	0.9973920277058799	0
full_sample	607	20	7	2430	1273	1	pass	134.8203779314673	0.16476603192515243	4.070581166937734	134.9873466310481	-0.1669686995807922	0.8586572438162544	-0.14336888338562723	1.002127741130897	1	0.75	1.0015953817912902	0.00032339135150835294	1.4806104907715038e-13	1.00127152687587	0
full_sample	608	20	8	2549	1414	1	pass	134.91799772670285	0.1578970469587202	4.126523022225005	134.9873466310481	-0.06934890434524732	0.8643608002712784	-0.059942474457794305	1.0008887826241286	1	0.75	1.0006665129391434	0.00032339135150835294	1.4806104907715038e-13	1.0003429583633106	0
full_sample	609	20	9	2400	1285	1	pass	135.23999095014233	0.15703601299740305	4.140820256783231	134.9873466310481	0.25264431909423024	0.8571428571428571	0.2165522735093402	0.9967989675031754	1	0.75	0.9975982637242323	0.00032339135150835294	1.4806104907715038e-13	0.9972757012332355	0
full_sample	610	20	10	2484	1324	1	pass	135.7431274849164	0.154001071275334	4.099088292130337	134.9873466310481	0.7557808538683162	0.8613037447988904	0.6509568796840837	0.9904238529242014	1	0.75	0.9928092580861124	0.00032339135150835294	1.4806104907715038e-13	0.9924882440677263	0
full_sample	611	20	11	2446	1353	1	pass	134.76028515441575	0.14264126523974288	4.207791876817584	134.9873466310481	-0.22706147663234333	0.859451862262825	-0.1951484089398144	1.0028978718232684	1	0.75	1.0021726175357757	0.00032339135150835294	1.4806104907715038e-13	1.001848575977489	0
full_sample	612	20	12	2511	1374	1	pass	134.89576181240815	0.13606657017426066	3.8782538321326503	134.9873466310481	-0.09158481863994439	0.8625901751975267	-0.07900016475606333	1.0011716041991885	1	0.75	1.0008785745256332	0.00032339135150835294	1.4806104907715038e-13	1.0005549513820051	0
full_sample	613	20	13	2535	1380	1	pass	135.3022693920283	0.15150979234572023	4.092981329190972	134.9873466310481	0.31492276098020966	0.8637137989778535	0.2720031342708114	0.9959817756261055	1	0.75	0.9969848154800919	0.00032339135150835294	1.4806104907715038e-13	0.9966624513408774	0
full_sample	614	20	14	2333	1290	1	pass	135.06634410357606	0.14859396654617943	4.04638253462432	134.9873466310481	0.07899747252795919	0.8536406878887669	0.06743545679024104	0.999001531325534	1	0.75	0.9992510549921491	0.00032339135150835294	1.4806104907715038e-13	0.9989279580891671	0
full_sample	615	20	15	2438	1366	1	pass	135.0224393105679	0.1375222802708127	3.909938025676339	134.9873466310481	0.035092679519806325	0.8590556730091614	0.03014656542258204	0.9995534563957041	1	0.75	0.9996650735994375	0.00032339135150835294	1.4806104907715038e-13	0.9993418428280655	0
full_sample	616	20	16	2382	1302	1	pass	135.52220115669945	0.14392643718173267	4.110663953271486	134.9873466310481	0.5348545256513546	0.8562185478073329	0.4579523652413827	0.9932487226134206	1	0.75	0.9949322567926238	0.00032339135150835294	1.4806104907715038e-13	0.9946105563258185	0
full_sample	617	20	17	2269	1295	1	pass	134.98361960783834	0.14818730791595788	4.0204400621493015	134.9873466310481	-0.003727023209762592	0.8501311352566504	-0.0031684584724433577	1.0000469499163727	1	0.75	1.0000352122306309	0.00032339135150835294	1.4806104907715038e-13	0.9997118617789796	0
full_sample	618	20	18	2433	1353	1	pass	135.37667536940975	0.14002877920370915	3.9679621287095097	134.9873466310481	0.38932873836165527	0.8588069184609954	0.3343582140606803	0.9950640345332038	1	0.75	0.9962957370871748	0.00032339135150835294	1.4806104907715038e-13	0.9959735957539244	0
full_sample	619	20	19	2348	1283	1	pass	135.86388579765205	0.15803436505084706	4.347674803139306	134.9873466310481	0.8765391666039477	0.8544395924308588	0.7489497682627617	0.9889942111492939	1	0.75	0.9917342502703056	0.00032339135150835294	1.4806104907715038e-13	0.9914135838439428	0
full_sample	620	20	20	1671	955	1	pass	135.24902156237772	0.16974976066454284	4.127340924935107	134.9873466310481	0.2616749313296225	0.8068565910188314	0.21113414304770603	0.9968788696498027	1	0.75	0.9976582377862181	0.00032339135150835294	1.4806104907715038e-13	0.997335655903264	0
full_sample	621	20	21	2162	1201	1	pass	134.99127295996908	0.16003048016822663	4.0978311473048805	134.9873466310481	0.003926328920982769	0.843871975019516	0.0033133189411259745	0.9999509070913731	1	0.75	0.9999631800925771	0.00032339135150835294	1.4806104907715038e-13	0.9996398529317301	0
full_sample	622	20	22	2173	1256	1	pass	134.63931199615234	0.13668413308793761	3.90506924153024	134.9873466310481	-0.3480346348957539	0.8445394481150408	-0.2939289784797797	1.0043695259210432	1	0.75	1.0032753577456874	0.00032339135150835294	1.4806104907715038e-13	1.002950959628411	0
full_sample	623	20	23	2085	1235	1	pass	135.02332978116328	0.14369070273279877	3.922710602997703	134.9873466310481	0.035983150115185936	0.8390342052313883	0.03019109375861677	0.9995527970445042	1	0.75	0.9996645790307758	0.00032339135150835294	1.4806104907715038e-13	0.9993413484193172	0
full_sample	624	20	24	1568	861	1	pass	135.29561779932652	0.16970520706638642	3.727616461943767	134.9873466310481	0.3082711682784236	0.7967479674796748	0.2456144267584188	0.9963705466045546	1	0.75	0.9972766731196245	0.00032339135150835294	1.4806104907715038e-13	0.9969542146114334	0
full_sample	625	20	25	1859	1085	1	pass	135.1270492443868	0.15129076399676025	3.706142758045771	134.9873466310481	0.1397026133386987	0.8229305002213368	0.11496554147704334	0.9982986854573189	1	0.75	0.9987237425437728	0.00032339135150835294	1.4806104907715038e-13	0.9984008161415056	0
full_sample	626	20	26	1834	1087	1	pass	134.9082223702015	0.15473979995871914	3.7425073720703343	134.9873466310481	-0.07912426084658364	0.8209489704565801	-0.06495698048014073	1.0009631877086758	1	0.75	1.000722303841653	0.00032339135150835294	1.4806104907715038e-13	1.000398731226442	0
full_sample	627	20	27	1817	1102	1	pass	134.69146356079645	0.15289687241125371	3.8632491125377495	134.9873466310481	-0.29588307025164795	0.8195760036084799	-0.24249866425225275	1.0036029021635853	1	0.75	1.0027009614861564	0.00032339135150835294	1.4806104907715038e-13	1.0023767490936302	0
full_sample	628	20	28	1689	1070	1	pass	134.8839896261061	0.19672402937498534	4.791079613247596	134.9873466310481	-0.10335700494198363	0.8085208233604595	-0.08356629073576369	1.0012393846162873	1	0.75	1.0009293945295714	0.00032339135150835294	1.4806104907715038e-13	1.0006057549538507	0
full_sample	629	20	29	1773	943	0	mu_error	141.99999999999997	0.5118771787885537	4.3866140268735885	134.9873466310481	nan	0.8159226875287621	nan	1.0	0	0.75	1.0	0.00032339135150835294	1.4806104907715038e-13	1.0	0
full_sample	633	21	3	1938	1045	1	pass	135.67172352893044	0.19264043599181271	4.3702840026897345	134.9873466310481	0.6843768978823448	0.8289136013686912	0.5672893191171874	0.9916469537764855	1	0.75	0.9937286512039041	0.00032339135150835294	1.4806104907715038e-13	0.9934073399098059	0
full_sample	634	21	4	2491	1315	1	pass	135.1642471958494	0.183541485733342	4.217733406751159	134.9873466310481	0.17690056480131489	0.8616395710826703	0.15242452677968707	0.9977452873584881	1	0.75	0.9983084884709467	0.00032339135150835294	1.4806104907715038e-13	0.9979856963365434	0
full_sample	635	21	5	2485	1353	1	pass	135.025989429785	0.17461704104582423	4.306159428275974	134.9873466310481	0.038642798736901796	0.8613518197573656	0.03328504501254799	0.9995069851072023	1	0.75	0.999630216038499	0.00032339135150835294	1.4806104907715038e-13	0.9993069965379383	0
full_sample	636	21	6	2610	1407	1	pass	135.3840234539842	0.16321129168675025	4.289088412037485	134.9873466310481	0.39667682293611506	0.867109634551495	0.34396229497118286	0.994922794558958	1	0.75	0.9961896741031436	0.00032339135150835294	1.4806104907715038e-13	0.9958675670641995	0
full_sample	637	21	7	2425	1297	1	pass	135.16944760782494	0.16593290203479122	4.29455065657342	134.9873466310481	0.18210097677683734	0.8584070796460177	0.15631676767569222	0.9976878119605419	1	0.75	0.9982653572793898	0.00032339135150835294	1.4806104907715038e-13	0.9979425790909857	0
full_sample	638	21	8	2595	1380	1	pass	135.21625922197904	0.15352032159829898	4.194736747318472	134.9873466310481	0.22891259093094618	0.8664440734557596	0.19833995775152097	0.9970675859395136	1	0.75	0.9977998823068622	0.00032339135150835294	1.4806104907715038e-13	0.9974772546247012	0
full_sample	639	21	9	2509	1356	1	pass	135.07431423568073	0.15828447981033036	4.278105274942433	134.9873466310481	0.08696760463263331	0.8624957029907184	0.07500918529504193	0.9988894859487552	1	0.75	0.9991669987916489	0.00032339135150835294	1.4806104907715038e-13	0.9988439290673202	0
full_sample	640	21	10	2386	1290	1	pass	135.3195806538478	0.1573971575454533	4.202702722455215	134.9873466310481	0.33223402279969605	0.8564249820531228	0.28453351701366647	0.9957972517431021	1	0.75	0.9968462799857448	0.00032339135150835294	1.4806104907715038e-13	0.9965239606404678	0
full_sample	641	21	11	2419	1306	1	pass	135.14902040928138	0.1501539311075866	3.870275858271289	134.9873466310481	0.1616737782332791	0.8581057112451224	0.13873319246055416	0.997947502104722	1	0.75	0.9984602312953026	0.00032339135150835294	1.4806104907715038e-13	0.9981373900965161	0
full_sample	642	21	12	2406	1307	1	pass	135.1392088573912	0.14582692273955472	3.931805355601909	134.9873466310481	0.15186222634309843	0.857448325017819	0.13021401161136664	0.9980733575376768	1	0.75	0.9985546698781721	0.00032339135150835294	1.4806104907715038e-13	0.9982317981437026	0
full_sample	643	21	13	2413	1315	1	pass	134.91711136419255	0.14443153115161533	3.8672848679272924	134.9873466310481	-0.0702352668555477	0.8578030572342694	-0.06024802663435357	1.0008933161604698	1	0.75	1.000669912334395	0.00032339135150835294	1.4806104907715038e-13	1.0003463566594049	0
full_sample	644	21	14	2429	1334	1	pass	134.97378709725282	0.14592912036888586	4.2055559601122505	134.9873466310481	-0.013559533795273637	0.8586072817249911	-0.01164231445341805	1.0001725309561285	1	0.75	1.0001293954266472	0.00032339135150835294	1.4806104907715038e-13	0.9998060145218893	0
full_sample	645	21	15	2196	1202	1	pass	135.00443255259975	0.1542264591515713	4.120862360982742	134.9873466310481	0.017085921551654337	0.8459167950693375	0.014453267999781558	0.9997858747834586	1	0.75	0.9998394017888096	0.00032339135150835294	1.4806104907715038e-13	0.9995161146503239	0
full_sample	646	21	16	2313	1320	1	pass	135.47665784587846	0.14236893275362555	3.9020426275581865	134.9873466310481	0.48931121483036577	0.8525617397714707	0.4171680206054685	0.9938472006677573	1	0.75	0.995381842282434	0.00032339135150835294	1.4806104907715038e-13	0.9950599964470762	0
full_sample	647	21	17	2285	1284	1	pass	135.03756887491573	0.15584722129460338	3.887792971349905	134.9873466310481	0.05022224386763696	0.851024208566108	0.04274034533986982	0.9993670006014448	1	0.75	0.9995252128766501	0.00032339135150835294	1.4806104907715038e-13	0.9992020273277137	0
full_sample	648	21	18	2313	1291	1	pass	135.23338197327672	0.14914823375294745	4.058595776521378	134.9873466310481	0.24603534222862322	0.8525617397714707	0.2097603194157042	0.9968991312014127	1	0.75	0.9976734457917744	0.00032339135150835294	1.4806104907715038e-13	0.997350858991478	0
full_sample	649	21	19	2201	1307	1	pass	134.41130299513512	0.1496340178332389	4.04444336834403	134.9873466310481	-0.5760436359129812	0.8462129950019224	-0.4874556103977208	1.0072621326206257	1	0.75	1.0054416701244087	0.00032339135150835294	1.4806104907715038e-13	1.0051165715537105	0
full_sample	650	21	20	2217	1251	1	pass	134.15150606107844	0.15990072410348716	3.9302099631543608	134.9873466310481	-0.8358405699696618	0.8471532288880398	-0.7080850376854185	1.010575109643652	1	0.75	1.0079208938184083	0.00032339135150835294	1.4806104907715038e-13	1.0075949936178366	0
full_sample	651	21	21	2051	1188	1	pass	134.79583073536404	0.15788284122162677	4.108520308661723	134.9873466310481	-0.1915158956840628	0.8368013055895552	-0.1602607515495768	1.0023788808706258	1	0.75	1.0017836306399304	0.00032339135150835294	1.4806104907715038e-13	1.0014597148563034	0
full_sample	652	21	22	2184	1288	1	pass	134.84607887407475	0.14502429057438865	3.9667908211954037	134.9873466310481	-0.14126775697334892	0.8452012383900929	-0.11939968313846519	1.001771541153482	1	0.75	1.0013283618610043	0.00032339135150835294	1.4806104907715038e-13	1.0010045932835592	0
full_sample	653	21	23	2053	1239	1	pass	135.06557148692036	0.14974622174573182	3.9718614348699295	134.9873466310481	0.07822485587226424	0.8369343660823482	0.06546907016133652	0.999030625037875	1	0.75	0.9992728806470715	0.00032339135150835294	1.4806104907715038e-13	0.9989497766870028	0
full_sample	654	21	24	2021	1185	1	pass	135.01114349769065	0.1569720852189634	4.02464902456674	134.9873466310481	0.02379686664255587	0.8347790169351508	0.01986512494200967	0.9997057158005139	1	0.75	0.9997792787303407	0.00032339135150835294	1.4806104907715038e-13	0.9994560110319886	0
full_sample	655	21	25	1874	1169	1	pass	135.0813974284957	0.1539489489701255	4.068973361909803	134.9873466310481	0.09405079744760769	0.8240985048372911	0.0775071215553284	0.9988525357330956	1	0.75	0.9991392783025562	0.00032339135150835294	1.4806104907715038e-13	0.9988162175413445	0
full_sample	656	21	26	1859	1161	1	pass	135.15725430627407	0.16017034369464783	3.9241367616853537	134.9873466310481	0.1699076752259714	0.8229305002213368	0.1398222081651531	0.9979314155905182	1	0.75	0.998448160186585	0.00032339135150835294	1.4806104907715038e-13	0.9981253228908596	0
full_sample	657	21	27	1847	1145	1	pass	135.0561335401439	0.15097122573370253	3.936584321852157	134.9873466310481	0.06878690909579177	0.8219848687138407	0.05654179844233529	0.9991627246474828	1	0.75	0.9993719777411093	0.00032339135150835294	1.4806104907715038e-13	0.9990488417390786	0
full_sample	658	21	28	1738	1063	1	pass	134.9148161332372	0.17758036766085522	4.042976467937116	134.9873466310481	-0.07253049781090226	0.8129092609915809	-0.058960713374812034	1.000874216254821	1	0.75	1.0006555905683834	0.00032339135150835294	1.4806104907715038e-13	1.0003320395241797	0
full_sample	659	21	29	1785	926	0	mu_error	139.4974278460301	0.7388398685464872	5.779086657746098	134.9873466310481	nan	0.816933638443936	nan	1.0	0	0.75	1.0	0.00032339135150835294	1.4806104907715038e-13	1.0	0
full_sample	663	22	3	1771	922	1	pass	135.39218709686173	0.2151225598043486	4.5374792522394225	134.9873466310481	0.40484046581363486	0.8157531091662829	0.3302498687037989	0.9951244620544031	1	0.75	0.9963411134820814	0.00032339135150835294	1.4806104907715038e-13	0.9960189574768699	0
full_sample	664	22	4	2167	1153	1	pass	134.99064785996143	0.1971879436767209	4.457924049557812	134.9873466310481	0.0033012289133296235	0.8441760810284379	0.00278681848663237	0.9999587079215033	1	0.75	0.9999690307812776	0.00032339135150835294	1.4806104907715038e-13	0.9996457017286746	0
full_sample	665	22	5	2597	1375	1	pass	134.81047316728583	0.1772798506944912	4.411045913527922	134.9873466310481	-0.17687346376226287	0.8665331998665332	-0.15326672852539094	1.0022748858282096	1	0.75	1.0017056796643	0.00032339135150835294	1.4806104907715038e-13	1.0013817890852685	0
full_sample	666	22	6	2402	1310	1	pass	134.94886910933167	0.17861780422443213	4.466383093867503	134.9873466310481	-0.038477521716430374	0.8572448251249107	-0.03298465637504131	1.0004889255050462	1	0.75	1.000366671722585	0.00032339135150835294	1.4806104907715038e-13	1.0000432140971312	0
full_sample	667	22	7	2552	1339	1	pass	134.76823270816539	0.1785945683648852	4.358938955304374	134.9873466310481	-0.2191139228827126	0.8644986449864499	-0.1894236894297705	1.0028126829017803	1	0.75	1.002108771370564	0.00032339135150835294	1.4806104907715038e-13	1.0017847504562367	0
full_sample	668	22	8	2362	1209	1	pass	134.91965557909225	0.18237815277417987	4.459965828273624	134.9873466310481	-0.06769105195584757	0.8551774076755974	-0.057887858334435896	1.0008582986899213	1	0.75	1.0006436549786928	0.00032339135150835294	1.4806104907715038e-13	1.0003201077937316	0
full_sample	669	22	9	2437	1324	1	pass	134.72728197779514	0.15968641466008485	4.184101547682044	134.9873466310481	-0.2600646532529538	0.8590059922453296	-0.22339709551549117	1.0033183964051464	1	0.75	1.002487766376595	0.00032339135150835294	1.4806104907715038e-13	1.0021636229183766	0
full_sample	670	22	10	2470	1261	1	pass	134.99179142478002	0.1655723565038588	4.271655766373205	134.9873466310481	0.004444793731920527	0.8606271777003485	0.0038253102849629622	0.9999433213212656	1	0.75	0.9999574906897728	0.00032339135150835294	1.4806104907715038e-13	0.9996341653685319	0
full_sample	671	22	11	2197	1158	1	pass	134.944230472577	0.16363631576546114	4.093188664791525	134.9873466310481	-0.04311615847109351	0.8459761262995764	-0.03647524072429436	1.0005406867756077	1	0.75	1.0004054876807982	0.00032339135150835294	1.4806104907715038e-13	1.0000820175046283	0
full_sample	672	22	12	2442	1320	1	pass	134.96187137926503	0.151303328406774	4.135394985858802	134.9873466310481	-0.025475251783063868	0.8592540464461647	-0.0218897131788325	1.0003244271858736	1	0.75	1.0002433105232702	0.00032339135150835294	1.4806104907715038e-13	0.9999198927853113	0
full_sample	673	22	13	2342	1341	1	pass	135.16412731093845	0.1435673837640054	4.019851416136023	134.9873466310481	0.1767806798903564	0.8541210795040116	0.15099210514340433	0.9977664406920141	1	0.75	0.9983243623844009	0.00032339135150835294	1.4806104907715038e-13	0.9980015651173414	0
full_sample	674	22	14	2383	1309	1	pass	135.09515940007196	0.14613056109900951	3.986379461916262	134.9873466310481	0.10781276902386594	0.8562702120014373	0.09231686258852767	0.998633507747283	1	0.75	0.9989749556512357	0.00032339135150835294	1.4806104907715038e-13	0.9986519480219566	0
full_sample	675	22	15	2257	1245	1	pass	134.98778202594443	0.14224500043041544	3.687952760398026	134.9873466310481	0.00043539489632848927	0.8494542717350395	0.0003698480545778699	0.9999945198421879	1	0.75	0.9999958898788254	0.00032339135150835294	1.4806104907715038e-13	0.9996725521416266	0
full_sample	676	22	16	2271	1252	1	pass	135.1422976557518	0.15311103446172897	4.109958891863772	134.9873466310481	0.15495102470370625	0.8502433545488581	0.13174607903486218	0.9980507222667706	1	0.75	0.9985376851900933	0.00032339135150835294	1.4806104907715038e-13	0.9982148189474369	0
full_sample	677	22	17	2235	1270	1	pass	135.0467469427236	0.1546295116994344	4.161321611188732	134.9873466310481	0.05940031167548909	0.8481973434535104	0.050383186563460386	0.9992538708111603	1	0.75	0.9994403509006909	0.00032339135150835294	1.4806104907715038e-13	0.9991171927909467	0
full_sample	678	22	18	2261	1343	1	pass	135.18972848304583	0.14332297393066099	3.917933307906973	134.9873466310481	0.2023818519977283	0.8496805712138293	0.17195992760874243	0.9974568648194688	1	0.75	0.9980920416396368	0.00032339135150835294	1.4806104907715038e-13	0.99776931949095	0
full_sample	679	22	19	2206	1279	1	pass	135.07827496328457	0.1342626908069109	3.7119081545663746	134.9873466310481	0.0909283322364729	0.8465080583269379	0.07697156596840339	0.9988604576578619	1	0.75	0.9991452214458609	0.00032339135150835294	1.4806104907715038e-13	0.9988221587629988	0
full_sample	680	22	20	2066	1235	1	pass	135.43527281755428	0.14383776384851868	3.892816772224457	134.9873466310481	0.4479261865061801	0.83779399837794	0.3752698707711955	0.9944625863857225	1	0.75	0.9958440584844832	0.00032339135150835294	1.4806104907715038e-13	0.9955220631965703	0
full_sample	681	22	21	2004	1163	1	pass	135.00743413650034	0.1539502367841389	4.037206693196833	134.9873466310481	0.020087505452238474	0.8336106489184693	0.016745158455193802	0.9997519267358758	1	0.75	0.9998139392819031	0.00032339135150835294	1.4806104907715038e-13	0.9994906603764403	0
full_sample	682	22	22	1982	1198	1	pass	135.00193420689806	0.14891354711927704	3.8857860857333755	134.9873466310481	0.014587575849958512	0.8320738874895046	0.012137940946522994	0.9998201717354955	1	0.75	0.9998651257696878	0.00032339135150835294	1.4806104907715038e-13	0.9995418303136339	0
full_sample	683	22	23	1992	1220	1	pass	134.60161400233127	0.15484512526907862	4.150224108052615	134.9873466310481	-0.38573262871682346	0.8327759197324415	-0.32122884465046503	1.004776816515859	1	0.75	1.0035804774479433	0.00032339135150835294	1.4806104907715038e-13	1.0032559806735475	0
full_sample	684	22	24	1959	1198	1	pass	134.5836144721866	0.1461622735646535	3.644885877132119	134.9873466310481	-0.4037321588614873	0.8304366256888512	-0.33527397168700873	1.0049864542921132	1	0.75	1.0037375144806786	0.00032339135150835294	1.4806104907715038e-13	1.0034129669300755	0
full_sample	685	22	25	1825	1126	1	pass	134.64705765944333	0.1687038823668981	4.137740355628457	134.9873466310481	-0.3402889716047639	0.8202247191011236	-0.2791134261477277	1.004148594242223	1	0.75	1.0031098349485637	0.00032339135150835294	1.4806104907715038e-13	1.0027854903512738	0
full_sample	686	22	26	1741	1086	1	pass	134.8216439014548	0.1640381838861911	4.0943864889665225	134.9873466310481	-0.16570272959330623	0.8131714152265297	-0.1347447231302878	1.0019995578773957	1	0.75	1.0014992938857665	0.00032339135150835294	1.4806104907715038e-13	1.0011754700393203	0
full_sample	687	22	27	1728	1046	1	pass	135.21497874164956	0.162646937239342	3.985793216609549	134.9873466310481	0.22763211060146205	0.8120300751879699	0.1848441198869015	0.9972667098001655	1	0.75	0.9979493311566756	0.00032339135150835294	1.4806104907715038e-13	0.997626655151863	0
full_sample	688	22	28	1638	1005	1	pass	134.3803412959264	0.1784661677854466	4.133045235543361	134.9873466310481	-0.6070053351216984	0.803729146221786	-0.4878678797494318	1.007268308066499	1	0.75	1.005446293334435	0.00032339135150835294	1.4806104907715038e-13	1.0051211932688728	0
full_sample	689	22	29	1653	902	1	pass	140.49162690622438	0.44960580779768244	4.513259434573512	134.9873466310481	5.504280275176285	0.8051631758402338	4.431843787075693	0.937429918489441	1	0.75	0.99	0.00032339135150835294	1.4806104907715038e-13	0.99	1
full_sample	693	23	3	1719	899	1	pass	134.9531075858229	0.21813462339327602	4.580989703543722	134.9873466310481	-0.034239045225206155	0.8112317130722039	-0.02777579931200065	1.0004116917349835	1	0.75	1.0003087529142671	0.00032339135150835294	1.4806104907715038e-13	0.9999853140162266	0
full_sample	694	23	4	2097	1118	1	pass	134.96482152319467	0.1797402322820081	4.053220134798216	134.9873466310481	-0.022525107853425652	0.8398077693231878	-0.018916760580149617	1.000280355825458	1	0.75	1.0002102595012614	0.00032339135150835294	1.4806104907715038e-13	0.9998868524499892	0
full_sample	695	23	5	2390	1310	1	pass	134.79898556368147	0.17592610402266534	4.226333104387713	134.9873466310481	-0.18836106736662828	0.8566308243727598	-0.16135589641800774	1.0023951661884114	1	0.75	1.001795837350355	0.00032339135150835294	1.4806104907715038e-13	1.0014719176198217	0
full_sample	696	23	6	2659	1406	1	pass	134.82645380637584	0.1700750933553194	4.360489030861173	134.9873466310481	-0.16089282467225985	0.8692383131742399	-0.1398542075199539	1.0020754985725224	1	0.75	1.0015562204318844	0.00032339135150835294	1.4806104907715038e-13	1.0012323781788615	0
full_sample	697	23	7	2513	1330	1	pass	134.99233141186193	0.17403435038637655	4.477668059820729	134.9873466310481	0.004984780813828138	0.8626845176793684	0.0043002932321146966	0.9999362839524367	1	0.75	0.9999522125837174	0.00032339135150835294	1.4806104907715038e-13	0.9996288889690945	0
full_sample	698	23	8	2373	1271	1	pass	135.16250057717372	0.16236103534926236	4.160298607967793	134.9873466310481	0.17515394612561863	0.855751893256401	0.1498883210083278	0.9977827413193674	1	0.75	0.99833659466606	0.00032339135150835294	1.4806104907715038e-13	0.9980137934438258	0
full_sample	699	23	9	2520	1375	1	pass	135.36889816641371	0.16692537264674262	4.316772149196658	134.9873466310481	0.3815515353656167	0.863013698630137	0.3292842017538884	0.9951386663477175	1	0.75	0.9963517797077943	0.00032339135150835294	1.4806104907715038e-13	0.9960296202537753	0
full_sample	700	23	10	2376	1329	1	pass	134.9658662473493	0.15013443551954658	3.9204570725843664	134.9873466310481	-0.02148038369878691	0.8559077809798271	-0.018385227546223955	1.000272476631054	1	0.75	1.0002043505137512	0.00032339135150835294	1.4806104907715038e-13	0.9998809453730856	0
full_sample	701	23	11	2265	1236	1	pass	135.29270765333675	0.1573900806027466	3.8511973821162218	134.9873466310481	0.3053610222886505	0.849906191369606	0.2595282234460763	0.996165533576911	1	0.75	0.9971227695569342	0.00032339135150835294	1.4806104907715038e-13	0.9968003608117774	0
full_sample	702	23	12	2321	1254	1	pass	134.8593553324308	0.1466459516627825	4.047396567629103	134.9873466310481	-0.12799129861730307	0.8529952223447262	-0.10917596622225668	1.0016196669625066	1	0.75	1.0012145044513516	0.00032339135150835294	1.4806104907715038e-13	1.0008907726884553	0
full_sample	703	23	13	2281	1259	1	pass	134.91854421810802	0.15171861721890828	4.000036596832461	134.9873466310481	-0.06880241294007305	0.8508019395747856	-0.05853722637683948	1.0008679330849732	1	0.75	1.0006508792166473	0.00032339135150835294	1.4806104907715038e-13	1.0003273296958077	0
full_sample	704	23	14	2286	1280	1	pass	134.98292027211588	0.15963578306544193	4.030291198105839	134.9873466310481	-0.004426358932221319	0.8510796723752793	-0.0037671841098503114	1.0000558221473699	1	0.75	1.0000418663183988	0.00032339135150835294	1.4806104907715038e-13	0.9997185137152209	0
full_sample	705	23	15	2126	1173	1	pass	135.040723295042	0.15081245935717916	4.0806855830306965	134.9873466310481	0.05337666399390173	0.8416468725257323	0.04492430231632426	0.9993346715799374	1	0.75	0.9995009621738905	0.00032339135150835294	1.4806104907715038e-13	0.9991777844661538	0
full_sample	706	23	16	2146	1212	1	pass	134.6954222188198	0.15991537200140105	4.199794879968286	134.9873466310481	-0.29192441222829757	0.842890809112333	-0.24606040402275198	1.0036559654056667	1	0.75	1.0027407228888738	0.00032339135150835294	1.4806104907715038e-13	1.002416497639933	0
full_sample	707	23	17	2287	1274	1	pass	134.8271015339306	0.13596563177744275	3.7778146358433866	134.9873466310481	-0.16024509711749602	0.851135094901377	-0.13639022594258035	1.0020240135372258	1	0.75	1.0015176264173058	0.00032339135150835294	1.4806104907715038e-13	1.0011937966432356	0
full_sample	708	23	18	2164	1231	1	pass	134.6833725444994	0.1428323583341355	3.8817881417787343	134.9873466310481	-0.30397408654869196	0.84399375975039	-0.256552232172921	1.0038122984254991	1	0.75	1.002857863452003	0.00032339135150835294	1.4806104907715038e-13	1.0025336003269416	0
full_sample	709	23	19	2169	1264	1	pass	134.96679330383225	0.13447286513575737	3.815506062745861	134.9873466310481	-0.02055332721585046	0.8442973919813157	-0.017353120564881138	1.0002571774309974	1	0.75	1.0001928768732657	0.00032339135150835294	1.4806104907715038e-13	0.9998694754424764	0
full_sample	710	23	20	2034	1190	1	pass	134.98082271797986	0.15762009492983792	4.074080704719134	134.9873466310481	-0.006523913068235743	0.8356614626129828	-0.005451782736561833	1.000080786048179	1	0.75	1.0000605889243062	0.00032339135150835294	1.4806104907715038e-13	0.9997372302673785	0
full_sample	711	23	21	2083	1210	1	pass	134.79499176772228	0.15084520058072995	4.10231454137	134.9873466310481	-0.19235486332581786	0.8389045509464358	-0.16136737024070827	1.0023953368116367	1	0.75	1.00179596524126	0.00032339135150835294	1.4806104907715038e-13	1.0014720454693748	0
full_sample	712	23	22	2026	1190	1	pass	135.27206435181685	0.15302771254324676	3.928878034717584	134.9873466310481	0.2847177207687537	0.8351195383347073	0.23777333152411168	0.9964861092134671	1	0.75	0.9973634226404998	0.00032339135150835294	1.4806104907715038e-13	0.9970409360827996	0
full_sample	713	23	23	1907	1161	1	pass	135.05527226379235	0.15762017606476997	3.930393859721075	134.9873466310481	0.06792563274424879	0.8266146510619853	0.056148323209051776	0.9991685476254472	1	0.75	0.9993763458860234	0.00032339135150835294	1.4806104907715038e-13	0.9990532084716007	0
full_sample	714	23	24	1999	1211	1	pass	134.90564172136996	0.18809370255687885	4.368117077214801	134.9873466310481	-0.08170490967813748	0.8332638599416423	-0.06808174841458808	1.0010095571141966	1	0.75	1.0007570723252959	0.00032339135150835294	1.4806104907715038e-13	1.0004334884680757	0
full_sample	715	23	25	1498	898	1	pass	134.49203685848093	0.2277737139982902	4.82573244699441	134.9873466310481	-0.49530977256716824	0.7892518440463646	-0.390924151372823	1.0058177350246338	1	0.75	1.004360135868764	0.00032339135150835294	1.4806104907715038e-13	1.0040353870003422	0
full_sample	716	23	26	1773	1063	1	pass	134.96596410304235	0.19063006900080773	4.139151576344618	134.9873466310481	-0.021382528005744916	0.8159226875287621	-0.017446489716606412	1.000258561452667	1	0.75	1.0001939148226104	0.00032339135150835294	1.4806104907715038e-13	0.9998705130562112	0
full_sample	717	23	27	1729	1031	1	pass	135.26078893199406	0.16421220420091032	3.7152988568972116	134.9873466310481	0.273442300945959	0.8121183654297792	0.22206751448359	0.9967176431162335	1	0.75	0.9975372209032213	0.00032339135150835294	1.4806104907715038e-13	0.9972146781497531	0
full_sample	718	23	28	1649	1061	1	pass	134.75471442967196	0.16708412939034306	4.2096446187407155	134.9873466310481	-0.23263220137613416	0.8047828208882382	-0.18721839925292594	1.0027798691171714	1	0.75	1.0020841782064274	0.00032339135150835294	1.4806104907715038e-13	1.0017601652440309	0
full_sample	719	23	29	1674	927	1	pass	138.4690484270683	0.4289204562319464	5.236360617719096	134.9873466310481	3.4817017960201895	0.8071359691417551	2.810206753393345	0.9596253185858902	1	0.75	0.99	0.00032339135150835294	1.4806104907715038e-13	0.99	1
full_sample	723	24	3	1849	928	1	pass	135.29028033323326	0.24434429667968105	4.761961633762004	134.9873466310481	0.30293370218515747	0.8221431747443309	0.249054875651559	0.996319847373853	1	0.75	0.9972386138740733	0.00032339135150835294	1.4806104907715038e-13	0.996916167671923	0
full_sample	724	24	4	2243	1205	1	pass	134.78599553219374	0.1668150587495251	4.023432589095568	134.9873466310481	-0.2013510988543601	0.8486568293605751	-0.17087798514200894	1.0025367808420211	1	0.75	1.0019019829629487	0.00032339135150835294	1.4806104907715038e-13	1.0015780289113922	0
full_sample	725	24	5	2407	1250	1	pass	134.81292725800913	0.17249765313737503	4.2176676698865965	134.9873466310481	-0.17441937303897248	0.8574991093694335	-0.1495644570376939	1.0022198428203895	1	0.75	1.001664420569977	0.00032339135150835294	1.4806104907715038e-13	1.0013405433316225	0
full_sample	726	24	6	2285	1231	1	pass	135.1292368296407	0.16861851271130843	4.128661047354413	134.9873466310481	0.14189019859259133	0.851024208566108	0.12075199396054793	0.9982131695813752	1	0.75	0.9986595776414324	0.00032339135150835294	1.4806104907715038e-13	0.9983366719861847	0
full_sample	727	24	7	2361	1242	1	pass	135.00330269979005	0.16427347870239173	3.7268032556578903	134.9873466310481	0.015956068741957097	0.8551249547265484	0.013644432560579756	0.9997978558665841	1	0.75	0.9998483880687794	0.00032339135150835294	1.4806104907715038e-13	0.9995250980246781	0
full_sample	728	24	8	2346	1272	1	pass	134.9243973282253	0.17070366605882015	4.290273211662071	134.9873466310481	-0.0629493028228012	0.8543335761107065	-0.05377970299427954	1.000797350975386	1	0.75	1.0005979536480285	0.00032339135150835294	1.4806104907715038e-13	1.000274421240093	0
full_sample	729	24	9	2298	1269	1	pass	135.03120230169174	0.16072403194069462	4.013328650667994	134.9873466310481	0.04385567064363727	0.8517420311341735	0.03735371799076295	0.9994467453219812	1	0.75	0.999585030288862	0.00032339135150835294	1.4806104907715038e-13	0.9992618253986195	0
full_sample	730	24	10	2375	1235	1	pass	134.80158425984507	0.1780336482197128	4.552560806734847	134.9873466310481	-0.18576237120302608	0.8558558558558559	-0.15898581319177907	1.0023599224392779	1	0.75	1.0017694202264948	0.00032339135150835294	1.4806104907715038e-13	1.0014455090376497	0
full_sample	731	24	11	2300	1249	1	pass	135.0961053368422	0.1683484473596883	4.441832793800348	134.9873466310481	0.10875870579408797	0.8518518518518519	0.09264630493570457	0.9986286362939425	1	0.75	0.998971300809784	0.00032339135150835294	1.4806104907715038e-13	0.9986482943622582	0
full_sample	732	24	12	2287	1268	1	pass	134.65583074980316	0.1590936281000454	4.177600863620404	134.9873466310481	-0.3315158812449397	0.851135094901377	-0.28216480104472536	1.0041940908288522	1	0.75	1.0031439218969218	0.00032339135150835294	1.4806104907715038e-13	1.00281956627799	0
full_sample	733	24	13	2262	1210	1	pass	135.02797415390557	0.1499811745674309	3.6203051501365984	134.9873466310481	0.04062752285747706	0.8497370398196844	0.03452271100811912	0.9994886599483142	1	0.75	0.9996164704433257	0.00032339135150835294	1.4806104907715038e-13	0.999293255387253	0
full_sample	734	24	14	2220	1197	1	pass	134.92630081283235	0.16885597754219595	4.582397840129414	134.9873466310481	-0.06104581821574584	0.8473282442748091	-0.05172584596906708	1.0007668824789222	1	0.75	1.0005751067416075	0.00032339135150835294	1.4806104907715038e-13	1.0002515817209692	0
full_sample	735	24	15	2223	1150	1	pass	134.8993085685268	0.1509727908118983	3.8537140732566217	134.9873466310481	-0.0880380625212922	0.8475028593213877	-0.07461250971591024	1.0011064795219378	1	0.75	1.0008297449164993	0.00032339135150835294	1.4806104907715038e-13	1.0005061375613913	0
full_sample	736	24	16	2153	1219	1	pass	134.9604255495247	0.15175968436991494	4.116554714708871	134.9873466310481	-0.02692108152339756	0.8433215824520173	-0.022703129071631394	1.0003364858556574	1	0.75	1.0002523537786	0.00032339135150835294	1.4806104907715038e-13	0.9999289331166032	0
full_sample	737	24	17	2114	1207	1	pass	135.00713211994798	0.15119975098298305	3.917223377065099	134.9873466310481	0.01978548889988474	0.8408910103420844	0.016637439751136174	0.9997535222532061	1	0.75	0.9998151359938872	0.00032339135150835294	1.4806104907715038e-13	0.9994918567014808	0
full_sample	738	24	18	2077	1176	1	pass	135.1023053335174	0.15050293133810347	3.8960828469682105	134.9873466310481	0.11495870246929485	0.838514331853048	0.09639451959173412	0.9985732140747269	1	0.75	0.998929719593926	0.00032339135150835294	1.4806104907715038e-13	0.9986067265912316	0
full_sample	739	24	19	2005	1194	1	pass	135.11735693448315	0.1588815270271327	4.160386869495577	134.9873466310481	0.13001030343505704	0.8336798336798337	0.10838696814440306	0.9983959211482967	1	0.75	0.9987966994746349	0.00032339135150835294	1.4806104907715038e-13	0.9984737494825415	0
full_sample	740	24	20	2138	1219	1	pass	134.73165219036275	0.14932718273469237	3.96148921237113	134.9873466310481	-0.2556944406853461	0.8423955870764381	-0.2153958684733136	1.0031992591501948	1	0.75	1.0023984860839186	0.00032339135150835294	1.4806104907715038e-13	1.0020743714935068	0
full_sample	741	24	21	2016	1138	1	pass	135.18602159349243	0.15174545989154992	3.810152664428751	134.9873466310481	0.19867496244432914	0.8344370860927153	0.16578175674162565	0.997548066405897	1	0.75	0.9981604856048378	0.00032339135150835294	1.4806104907715038e-13	0.9978377413255431	0
full_sample	742	24	22	1917	1155	1	pass	134.7147125851148	0.14794035579379727	3.7031766363833594	134.9873466310481	-0.27263404593330165	0.8273629693569271	-0.22556731379116932	1.0033507143386111	1	0.75	1.002511984662587	0.00032339135150835294	1.4806104907715038e-13	1.0021878333736505	0
full_sample	743	24	23	1945	1107	1	pass	134.79436622605232	0.1512779420284458	3.7980063073600125	134.9873466310481	-0.1929804049957795	0.8294243070362474	-0.1600626386851988	1.0023759348818138	1	0.75	1.0017814224595893	0.00032339135150835294	1.4806104907715038e-13	1.0014575073899532	0
full_sample	744	24	24	1830	1068	1	pass	135.15655357087536	0.21974899778736318	4.777754799149982	134.9873466310481	0.1692069398272622	0.820627802690583	0.13885591923044388	0.9979456892134136	1	0.75	0.9984588709279368	0.00032339135150835294	1.4806104907715038e-13	0.9981360301690103	0
full_sample	745	24	25	893	424	1	pass	134.8025021058332	0.4232895623102861	4.577002871675969	134.9873466310481	-0.18484452521488492	0.6906419180201083	-0.1276613774299244	1.0018942945668563	1	0.75	1.0014203847823917	0.00032339135150835294	1.4806104907715038e-13	1.001096586450341	0
full_sample	746	24	26	1622	962	1	pass	135.1682852527746	0.21131322304676883	4.464010106208145	134.9873466310481	0.18093862172651143	0.8021760633036598	0.14514463127616298	0.9978528004329624	1	0.75	0.9983891677063657	0.00032339135150835294	1.4806104907715038e-13	0.9980663494852139	0
full_sample	747	24	27	1645	1025	1	pass	134.6446646136647	0.16478804398570465	3.781118216160774	134.9873466310481	-0.342682017383396	0.80440097799511	-0.275653749924541	1.0040970135444027	1	0.75	1.003071189195977	0.00032339135150835294	1.4806104907715038e-13	1.0027468570943687	0
full_sample	748	24	28	1637	1037	1	pass	135.09889597594122	0.1839883152080805	4.189606685307061	134.9873466310481	0.1115493448931204	0.803632793323515	0.08964471162986652	0.9986730220743091	1	0.75	0.9990046013827873	0.00032339135150835294	1.4806104907715038e-13	0.9986815841678853	0
full_sample	749	24	29	1671	914	1	pass	138.98299277179765	0.4469719251121711	5.353646451624403	134.9873466310481	3.9956461407495567	0.8068565910188314	3.2239134240427374	0.9538885935038006	1	0.75	0.99	0.00032339135150835294	1.4806104907715038e-13	0.99	1
full_sample	753	25	3	1660	898	1	pass	134.55802852616483	0.20520222371120497	4.102696117765145	134.9873466310481	-0.42931810488326505	0.8058252427184466	-0.34595536607098054	1.0051459288684081	1	0.75	1.003856969404145	0.00032339135150835294	1.4806104907715038e-13	1.0035323832290983	0
full_sample	754	25	4	2145	1123	1	pass	134.8205493270705	0.19159948260594836	4.455871855718045	134.9873466310481	-0.16679730397760295	0.8428290766208252	-0.14058161769428618	1.0020863105482545	1	0.75	1.001564325200657	0.00032339135150835294	1.4806104907715038e-13	1.001240480327046	0
full_sample	755	25	5	2337	1225	1	pass	134.74755637010225	0.19582140137554974	4.57234617331528	134.9873466310481	-0.23979026094585265	0.8538545853123858	-0.2047460138218698	1.003040717082972	1	0.75	1.0022796720997855	0.00032339135150835294	1.4806104907715038e-13	1.0019555959265762	0
full_sample	756	25	6	2412	1305	1	pass	135.0037250265424	0.17281018560097108	4.446046729384701	134.9873466310481	0.01637839549431419	0.8577524893314367	0.014048609506502783	0.9997918688646229	1	0.75	0.9998438975869991	0.00032339135150835294	1.4806104907715038e-13	0.9995206089948462	0
full_sample	757	25	7	2258	1189	1	pass	135.1675258281973	0.1686157020149064	4.096568037680565	134.9873466310481	0.18017919714921504	0.8495109104589917	0.15306419381599984	0.9977358412718103	1	0.75	0.9983013998984979	0.00032339135150835294	1.4806104907715038e-13	0.997978610056107	0
full_sample	758	25	8	2305	1242	1	pass	134.7974497671464	0.1666851807262504	4.03868910750848	134.9873466310481	-0.18989686390170846	0.8521256931608133	-0.16181599678130795	1.002402008214982	1	0.75	1.001800965797788	0.00032339135150835294	1.4806104907715038e-13	1.0014770444090273	0
full_sample	759	25	9	2302	1210	1	pass	135.1433968661307	0.17740946224500734	4.22381685373709	134.9873466310481	0.15605023508260274	0.8519615099925981	0.13294879391567413	0.9980329534987818	1	0.75	0.9985243520822067	0.00032339135150835294	1.4806104907715038e-13	0.9982014901506651	0
full_sample	760	25	10	2150	1046	1	pass	135.0628199502135	0.21277821799737082	4.761842260145171	134.9873466310481	0.07547331916541111	0.8431372549019608	0.06363436713946427	0.9990577715689316	1	0.75	0.9992932454132789	0.00032339135150835294	1.4806104907715038e-13	0.9989701348684856	0
full_sample	761	25	11	2204	1184	1	pass	135.1807622051453	0.17102647616890676	4.465345467091695	134.9873466310481	0.19341557409720167	0.8463901689708141	0.16370504044171755	0.9975787255086166	1	0.75	0.9981834939602654	0.00032339135150835294	1.4806104907715038e-13	0.9978607422414706	0
full_sample	762	25	12	2326	1248	1	pass	134.6749866637677	0.1530949254475665	4.1406533032400015	134.9873466310481	-0.3123599672804005	0.8532648569332355	-0.26652578279318107	1.003960942740989	1	0.75	1.002969238627759	0.00032339135150835294	1.4806104907715038e-13	1.0026449394907526	0
full_sample	763	25	13	2222	1205	1	pass	134.9623692262967	0.16582865907288682	4.193392945983987	134.9873466310481	-0.02497740475141086	0.84744469870328	-0.02116696924394925	1.0003137128861896	1	0.75	1.000235275439369	0.00032339135150835294	1.4806104907715038e-13	0.9999118602994668	0
full_sample	764	25	14	2097	1132	1	pass	135.0422545455552	0.1596928626983822	4.154484509847197	134.9873466310481	0.054907914507111855	0.8398077693231878	0.04611209320040591	0.9993170894210007	1	0.75	0.9994877733314118	0.00032339135150835294	1.4806104907715038e-13	0.999164599888143	0
full_sample	765	25	15	2117	1160	1	pass	134.8568091677516	0.1574833394268051	4.183362130648685	134.9873466310481	-0.1305374632964913	0.8410806515693285	-0.10979253468362021	1.0016288251611791	1	0.75	1.0012213703140898	0.00032339135150835294	1.4806104907715038e-13	1.0008976363311917	0
full_sample	766	25	16	2200	1215	1	pass	135.04122689858218	0.1571248862164975	4.112181763790131	134.9873466310481	0.05388026753408326	0.8461538461538461	0.045590995605762755	0.9993248028602898	1	0.75	0.9994935593933908	0.00032339135150835294	1.4806104907715038e-13	0.9991703840792621	0
full_sample	767	25	17	2074	1170	1	pass	134.9364057981301	0.14821662818568276	3.9663490746738734	134.9873466310481	-0.05094083291800189	0.8383185125303153	-0.04270464327887467	1.0006330714883704	1	0.75	1.0004747660531064	0.00032339135150835294	1.4806104907715038e-13	1.0001512734765325	0
full_sample	768	25	18	2058	1157	1	pass	134.73150988135103	0.16188773546777321	3.8321988305207135	134.9873466310481	-0.2558367496970675	0.8372660699755899	-0.2142034299741924	1.0031815057092226	1	0.75	1.0023851816021137	0.00032339135150835294	1.4806104907715038e-13	1.0020610713135603	0
full_sample	769	25	19	2078	1137	1	pass	134.97523909942532	0.15050893509050797	3.7988400865756486	134.9873466310481	-0.012107531622774559	0.8385794995964487	-0.010153127809574468	1.000150459761516	1	0.75	1.0001128426989445	0.00032339135150835294	1.4806104907715038e-13	0.9997894671463301	0
full_sample	770	25	20	2007	1091	1	pass	135.28088194293062	0.1638033886981745	4.049484313920606	134.9873466310481	0.2935353118825219	0.8338180307436643	0.24475503570761176	0.9963832113889266	1	0.75	0.9972861803310727	0.00032339135150835294	1.4806104907715038e-13	0.9969637187488288	0
full_sample	771	25	21	1572	803	1	pass	135.01499498388563	0.20301788688858222	4.050786296545478	134.9873466310481	0.027648352837530865	0.7971602434077079	0.022040167677788294	0.9996735023628699	1	0.75	0.9997551167769764	0.00032339135150835294	1.4806104907715038e-13	0.9994318568911276	0
full_sample	772	25	22	1986	1058	1	pass	134.88962537045848	0.19760692939931404	4.004719699779636	134.9873466310481	-0.09772126058962272	0.8323554065381391	-0.08133881958549485	1.0012063187634055	1	0.75	1.0009046027156145	0.00032339135150835294	1.4806104907715038e-13	1.0005809711560556	0
full_sample	773	25	23	1761	1056	1	pass	134.33319712200648	0.18691516435681202	3.8843959632405656	134.9873466310481	-0.6541495090416163	0.8149005090236002	-0.5330667678955513	1.0079456937239262	1	0.75	1.0059533709842043	0.00032339135150835294	1.4806104907715038e-13	1.005628106960628	0
full_sample	774	25	24	1837	1082	1	pass	134.6012024716121	0.16632086536404875	4.031684525296561	134.9873466310481	-0.386144159435986	0.8211890925346446	-0.3170973718747905	1.0047151625768396	1	0.75	1.003534291695691	0.00032339135150835294	1.4806104907715038e-13	1.0032098098549533	0
full_sample	775	25	25	1612	916	1	pass	134.676090550858	0.2123386532965191	4.313328580777469	134.9873466310481	-0.3112560801901054	0.8011928429423459	-0.24937614377060136	1.003705367491348	1	0.75	1.0027777404377374	0.00032339135150835294	1.4806104907715038e-13	1.002453503219577	0
full_sample	776	25	26	1667	1009	1	pass	135.1570332721953	0.17304606706812797	3.8143915585165713	134.9873466310481	0.16968664114719445	0.8064828253507499	0.1368493617766682	0.9979753302334546	1	0.75	0.9984811130422956	0.00032339135150835294	1.4806104907715038e-13	0.9981582650916246	0
full_sample	777	25	27	1637	1033	1	pass	135.01781940915382	0.16522461393969212	3.7945190272860985	134.9873466310481	0.030472778105718135	0.803632793323515	0.024488923789425916	0.999637236960619	1	0.75	0.9997279153813782	0.00032339135150835294	1.4806104907715038e-13	0.9994046642908032	0
full_sample	778	25	28	1581	969	1	pass	135.06295532770264	0.18574103037725323	4.161425609176049	134.9873466310481	0.07560869665454106	0.7980817768803634	0.06034192297366452	0.9991064898231293	1	0.75	0.9993297924931771	0.00032339135150835294	1.4806104907715038e-13	0.9990066701312851	0
full_sample	779	25	29	1593	871	0	mu_error	139.74681642828332	0.62732701742744	5.79687809712243	134.9873466310481	nan	0.7992975413948821	nan	1.0	0	0.75	1.0	0.00032339135150835294	1.4806104907715038e-13	1.0	0
full_sample	783	26	3	1556	843	1	pass	134.9724609796606	0.21922806499502664	4.281259607862963	134.9873466310481	-0.014885651387487542	0.7955010224948875	-0.01184155089924878	1.0001754838894668	1	0.75	1.000131610030318	0.00032339135150835294	1.4806104907715038e-13	0.9998082284094922	0
full_sample	784	26	4	2056	1106	1	pass	135.43231119494672	0.18902022511909933	4.2989852204218755	134.9873466310481	0.4449645638986226	0.8371335504885994	0.3724947652180652	0.9945033663694016	1	0.75	0.9958746858028309	0.00032339135150835294	1.4806104907715038e-13	0.9955526806119095	0
full_sample	785	26	5	2163	1161	1	pass	134.68485360284265	0.18562695271330795	4.587538851092369	134.9873466310481	-0.302493028205447	0.8439328911431916	-0.2552838158440819	1.0037933965033305	1	0.75	1.002843700456145	0.00032339135150835294	1.4806104907715038e-13	1.0025194419105337	0
full_sample	786	26	6	2365	1264	1	pass	134.6550746579175	0.19025052492201078	4.442134809154442	134.9873466310481	-0.3322719731305881	0.8553345388788427	-0.2842036949200148	1.0042244928520412	1	0.75	1.00316669948268	0.00032339135150835294	1.4806104907715038e-13	1.0028423364988652	0
full_sample	787	26	7	2252	1157	1	pass	134.71761890778885	0.20492000953819722	4.791596554418806	134.9873466310481	-0.2697277232592512	0.8491704374057315	-0.22904480874051045	1.0034025029155482	1	0.75	1.0025507933762323	0.00032339135150835294	1.4806104907715038e-13	1.0022266295389226	0
full_sample	788	26	8	2383	1278	1	pass	135.073046665361	0.17870674740338635	4.684583223734882	134.9873466310481	0.08570003431290729	0.8562702120014373	0.07338238654964357	0.9989135511418205	1	0.75	0.9991850526464479	0.00032339135150835294	1.4806104907715038e-13	0.9988619770846028	0
full_sample	789	26	9	2355	1247	1	pass	134.97258755198442	0.16753705149020356	4.278240124311637	134.9873466310481	-0.014759079063679792	0.8548094373865699	-0.012616200070768026	1.000186965283416	1	0.75	1.0001402206856906	0.00032339135150835294	1.4806104907715038e-13	0.9998168362807036	0
full_sample	790	26	10	2259	1224	1	pass	134.9110502163955	0.1595911480391835	3.846287187741991	134.9873466310481	-0.07629641465260306	0.8495675065814215	-0.06481895475751422	1.0009611395762512	1	0.75	1.0007207681116075	0.00032339135150835294	1.4806104907715038e-13	1.0003971959929578	0
full_sample	791	26	11	2221	1210	1	pass	135.05147738421036	0.16410914207369434	4.030399753221414	134.9873466310481	0.06413075316226013	0.8473864937046929	0.05434353406080876	0.9991952570678306	1	0.75	0.9993963820669571	0.00032339135150835294	1.4806104907715038e-13	0.9990732381740545	0
full_sample	792	26	12	2259	1206	1	pass	135.13459945281627	0.14403643818863615	3.704186648070743	134.9873466310481	0.147252821768177	0.8495675065814215	0.1251012126266686	0.9981489012941424	1	0.75	0.9986113544819767	0.00032339135150835294	1.4806104907715038e-13	0.9982884644191602	0
full_sample	793	26	13	2153	1156	1	pass	135.06876904449942	0.157111229061088	4.259490349405027	134.9873466310481	0.08142241345132106	0.8433215824520173	0.06866527855883049	0.9989833361191595	1	0.75	0.9992374051477875	0.00032339135150835294	1.4806104907715038e-13	0.9989143126583334	0
full_sample	794	26	14	2122	1167	1	pass	134.91194322441999	0.15759083088348158	3.8971765834455034	134.9873466310481	-0.07540340662811218	0.8413957176843775	-0.06344410343570739	1.0009407388121498	1	0.75	1.0007054711738497	0.00032339135150835294	1.4806104907715038e-13	1.0003819040012978	0
full_sample	795	26	15	2097	1158	1	pass	134.7913146776755	0.15946373773878256	4.257592653403179	134.9873466310481	-0.1960319533725965	0.8398077693231878	-0.1646291574779074	1.002443843481333	1	0.75	1.001832323270578	0.00032339135150835294	1.4806104907715038e-13	1.0015083917427212	0
full_sample	796	26	16	2116	1177	1	pass	135.08703285785316	0.1452552670011675	3.7553832451722005	134.9873466310481	0.099686226805062	0.8410174880763116	0.08383786006339873	0.9987588987493756	1	0.75	0.999069029581149	0.00032339135150835294	1.4806104907715038e-13	0.9987459915340934	0
full_sample	797	26	17	2098	1180	1	pass	135.15417897891203	0.16725636510373323	3.9394988876889188	134.9873466310481	0.16683234786393086	0.8398718975180144	0.14011780056786508	0.9979270492822325	1	0.75	0.9984448837578714	0.00032339135150835294	1.4806104907715038e-13	0.9981220475215434	0
full_sample	798	26	18	2022	1190	1	pass	134.78815924418552	0.1487406674589203	3.8003387819251815	134.9873466310481	-0.19918738686257598	0.8348472336911643	-0.1662910389083933	1.0024685589958944	1	0.75	1.0018508485415134	0.00032339135150835294	1.4806104907715038e-13	1.0015269110237128	0
full_sample	799	26	19	2026	1175	1	pass	134.74786949761258	0.15808072304673085	4.165113069557688	134.9873466310481	-0.23947713343551413	0.8351195383347073	-0.19999203311638566	1.0029699577399505	1	0.75	1.0022266423907336	0.00032339135150835294	1.4806104907715038e-13	1.0019025833641009	0
full_sample	800	26	20	1895	1130	1	pass	135.27937644056254	0.1521197463441675	3.7957596658222648	134.9873466310481	0.292029809514446	0.8257080610021786	0.2411313677690088	0.9964366157796146	1	0.75	0.9973262696536658	0.00032339135150835294	1.4806104907715038e-13	0.9970037951089776	0
full_sample	801	26	21	1956	1083	1	pass	134.9585388868741	0.1909620069936727	4.139444054117795	134.9873466310481	-0.02880774417400289	0.830220713073005	-0.023916785910165387	1.0003544783941847	1	0.75	1.0002658470172283	0.00032339135150835294	1.4806104907715038e-13	0.9999424219923406	0
full_sample	802	26	22	1919	1088	1	pass	135.274195295576	0.17043750143277767	3.9437135194479445	134.9873466310481	0.2868486645278949	0.827511858559724	0.2373706715088531	0.9964920441876037	1	0.75	0.9973678777866805	0.00032339135150835294	1.4806104907715038e-13	0.9970453897884576	0
full_sample	803	26	23	1918	1116	1	pass	134.892002315031	0.180228870882121	4.281267604947011	134.9873466310481	-0.0953443160171048	0.8274374460742019	-0.07889145734288482	1.0011699906101577	1	0.75	1.0008773646878235	0.00032339135150835294	1.4806104907715038e-13	1.0005537419353834	0
full_sample	804	26	24	1701	1022	1	pass	134.04071282459364	0.1730595241755755	3.9765004482021964	134.9873466310481	-0.9466338064544573	0.8096144693003332	-0.7664084268343797	1.011453626713533	1	0.75	1.0085779797064705	0.00032339135150835294	1.4806104907715038e-13	1.0082518670443612	0
full_sample	805	26	25	1697	1026	1	pass	134.4928769674024	0.1775711888706289	4.2224273719455345	134.9873466310481	-0.49446966364570244	0.8092513113972342	-0.400150223751434	1.0059556501699856	1	0.75	1.0044634205608918	0.00032339135150835294	1.4806104907715038e-13	1.0041386382964943	0
full_sample	806	26	26	1689	1003	1	pass	134.99446146343647	0.16972210766077742	4.300854585232759	134.9873466310481	0.007114832388367631	0.8085208233604595	0.005752490140714662	0.9999147685981348	1	0.75	0.9999360757675402	0.00032339135150835294	1.4806104907715038e-13	0.9996127573705803	0
full_sample	807	26	27	1667	1012	1	pass	134.85195786383812	0.1666499194912736	3.866799770176422	134.9873466310481	-0.1353887672099745	0.8064828253507499	-0.1091887155002552	1.001619856332615	1	0.75	1.0012146464214784	0.00032339135150835294	1.4806104907715038e-13	1.0008909146126772	0
full_sample	808	26	28	1587	1003	1	pass	134.58199276340233	0.1991640502349844	4.344251992174146	134.9873466310481	-0.40535386764577197	0.7986914947156517	-0.3237526864387721	1.0048144825813543	1	0.75	1.0036086932294814	0.00032339135150835294	1.4806104907715038e-13	1.003284187331821	0
full_sample	809	26	29	1576	892	1	pass	140.3091226691082	0.38634693421407224	4.298236460194941	134.9873466310481	5.321776038060108	0.7975708502024291	4.244493439262515	0.9399546220159967	1	0.75	0.99	0.00032339135150835294	1.4806104907715038e-13	0.99	1
full_sample	813	27	3	1653	886	1	pass	134.5811088511231	0.21672649090797166	4.356459864726983	134.9873466310481	-0.406237779924993	0.8051631758402338	-0.32708770103069335	1.0048642579188838	1	0.75	1.0036459797035016	0.00032339135150835294	1.4806104907715038e-13	1.0033214617496675	0
full_sample	814	27	4	2013	1111	1	pass	134.46236688635844	0.224931268712191	4.648964105166898	134.9873466310481	-0.5249797446896594	0.8342312474098632	-0.437954507277366	1.0065210605835881	1	0.75	1.0048868195836083	0.00032339135150835294	1.4806104907715038e-13	1.0045619004177662	0
full_sample	815	27	5	2173	1170	1	pass	134.98252293199002	0.1965079592293054	4.268718596789335	134.9873466310481	-0.004823699058079001	0.8445394481150408	-0.004073804140383081	1.000060365849761	1	0.75	1.000045274045701	0.00032339135150835294	1.4806104907715038e-13	0.999721920340672	0
full_sample	816	27	6	2290	1204	1	pass	134.81045068284234	0.19907704488353972	4.4817497179698496	134.9873466310481	-0.17689594820575394	0.8513011152416357	-0.15059171798928495	1.0022351150255768	1	0.75	1.001675868354261	0.00032339135150835294	1.4806104907715038e-13	1.0013519874143908	0
full_sample	817	27	7	2314	1216	1	pass	134.8816284284778	0.14741418205930773	3.6726361118314395	134.9873466310481	-0.1057182025703014	0.8526160648489315	-0.09013703785839257	1.0013369340797447	1	0.75	1.0010025330850143	0.00032339135150835294	1.4806104907715038e-13	1.0006788698607412	0
full_sample	818	27	8	2202	1156	1	pass	134.54835411950458	0.18142085673236757	4.267754465409431	134.9873466310481	-0.4389925115435176	0.846272098385857	-0.3715071139196102	1.0055275737596518	1	0.75	1.0041428224523419	0.00032339135150835294	1.4806104907715038e-13	1.0038181438498377	0
full_sample	819	27	9	2162	1173	1	pass	135.02718526283098	0.1779700529528716	4.308498675698996	134.9873466310481	0.03983863178288516	0.843871975019516	0.033618704884698564	0.9995020448150678	1	0.75	0.9996265103602857	0.00032339135150835294	1.4806104907715038e-13	0.9993032920579157	0
full_sample	820	27	10	2151	1152	1	pass	134.9346655711477	0.15791342525662186	3.933604942361141	134.9873466310481	-0.052681059900407945	0.8431987455899648	-0.04442060362437377	1.000658522164358	1	0.75	1.0004938509795969	0.00032339135150835294	1.4806104907715038e-13	1.000170352232121	0
full_sample	821	27	11	2085	1107	1	pass	135.04439869066272	0.17203013079326415	4.3181000218962255	134.9873466310481	0.057052059614619566	0.8390342052313883	0.04786862949556611	0.9992910893139366	1	0.75	0.9994682698570589	0.00032339135150835294	1.4806104907715038e-13	0.9991451027200253	0
full_sample	822	27	12	2150	1135	1	pass	134.91819958586566	0.18120516938739398	4.021412531407014	134.9873466310481	-0.06914704518243298	0.8431372549019608	-0.05830044985969839	1.0008644201172565	1	0.75	1.0006482450610856	0.00032339135150835294	1.4806104907715038e-13	1.0003246963919714	0
full_sample	823	27	13	2085	1109	1	pass	134.68866644993645	0.17555923686556527	4.290911520716007	134.9873466310481	-0.2986801811116493	0.8390342052313883	-0.25060288837737976	1.0037236460089096	1	0.75	1.0027914366249415	0.00032339135150835294	1.4806104907715038e-13	1.0024671949782684	0
full_sample	824	27	14	2056	1084	1	pass	134.97611465418146	0.18393048213306087	4.330685169254381	134.9873466310481	-0.01123197686663957	0.8371335504885994	-0.009402664673375798	1.000139337444704	1	0.75	1.0001045012634846	0.00032339135150835294	1.4806104907715038e-13	0.9997811284079822	0
full_sample	825	27	15	2058	1114	1	pass	135.26882072343815	0.18140662400872665	4.2793630953398685	134.9873466310481	0.28147409239005583	0.8372660699755899	0.23566870713536817	0.9965171307370403	1	0.75	0.997386709176241	0.00032339135150835294	1.4806104907715038e-13	0.997064215089094	0
full_sample	826	27	16	1974	1099	1	pass	135.3482761144142	0.14614616495155525	3.7326259736875538	134.9873466310481	0.36092948336610675	0.83150800336984	0.3001157540710593	0.9955678574222738	1	0.75	0.9966740480427605	0.00032339135150835294	1.4806104907715038e-13	0.9963517843867989	0
full_sample	827	27	17	2015	1074	1	pass	134.96637695160345	0.19042882827302623	4.423552403982971	134.9873466310481	-0.020969679444647227	0.8343685300207039	-0.017496440613235676	1.000259301881729	1	0.75	1.0001944701084653	0.00032339135150835294	1.4806104907715038e-13	0.9998710681625204	0
full_sample	828	27	18	1947	1119	1	pass	135.13673236429653	0.17540090622013008	4.079447396245614	134.9873466310481	0.14938573324843674	0.8295696634000852	0.12392587244768058	0.9981662686523206	1	0.75	0.9986243860071314	0.00032339135150835294	1.4806104907715038e-13	0.9983014917307137	0
full_sample	829	27	19	2010	1126	1	pass	135.2090114989916	0.1652639325569272	4.048758408119024	134.9873466310481	0.22166486794350249	0.8340248962655602	0.18487401849229876	0.9972662685963273	1	0.75	0.9979490000272782	0.00032339135150835294	1.4806104907715038e-13	0.9976263241295326	0
full_sample	830	27	20	1730	1018	1	pass	133.40953116844733	0.19182033659765022	4.368458465368916	134.9873466310481	-1.5778154626007677	0.812206572769953	-1.2815120893424075	1.0192625468930878	1	0.75	1.01	0.00032339135150835294	1.4806104907715038e-13	1.009673427543177	1
full_sample	831	27	21	1955	1128	1	pass	135.1447429560708	0.16565200888709	4.003051683378563	134.9873466310481	0.1573963250226882	0.8301486199575372	0.1306623420039726	0.9980667336764563	1	0.75	0.9985496995824081	0.00032339135150835294	1.4806104907715038e-13	0.9982268294550294	0
full_sample	832	27	22	1802	1047	1	pass	134.8497312446907	0.1730936817916111	4.065138954477668	134.9873466310481	-0.13761538635739612	0.818346957311535	-0.11261713270482643	1.0016707819292476	1	0.75	1.0012528249246786	0.00032339135150835294	1.4806104907715038e-13	1.000929080771276	0
full_sample	833	27	23	1704	977	1	pass	135.1145662449708	0.161193249902657	3.825558727071848	134.9873466310481	0.12721961392270487	0.8098859315589354	0.10303337553435794	0.9984750612941604	1	0.75	0.998856077822162	0.00032339135150835294	1.4806104907715038e-13	0.9985331086307293	0
full_sample	834	27	24	1800	1066	1	pass	134.81455103793073	0.16116542248397037	4.0614369859614445	134.9873466310481	-0.17279559311737103	0.8181818181818182	-0.1413782125505763	1.0020981510621492	1	0.75	1.0015732009471885	0.00032339135150835294	1.4806104907715038e-13	1.001249353203702	0
full_sample	835	27	25	1666	1025	1	pass	134.9276728360876	0.16322408557863158	3.8374545441991885	134.9873466310481	-0.059673794960502846	0.8063891577928364	-0.04812030126050229	1.0007133984178074	1	0.75	1.0005350011146603	0.00032339135150835294	1.4806104907715038e-13	1.0002114890617382	0
full_sample	836	27	26	1546	950	1	pass	134.41785945656318	0.18208030574975353	4.366133747284023	134.9873466310481	-0.5694871744849195	0.7944501541623844	-0.45242917356304496	1.0067376735562588	1	0.75	1.0050490111720003	0.00032339135150835294	1.4806104907715038e-13	1.0047240395632815	0
full_sample	837	27	27	1672	1044	1	pass	134.73970970296253	0.1766538066491144	4.344817072404085	134.9873466310481	-0.24763692808556925	0.806949806949807	-0.19983057131229334	1.0029675546367671	1	0.75	1.002224841398537	0.00032339135150835294	1.4806104907715038e-13	1.0019007829542352	0
full_sample	838	27	28	1508	922	1	pass	134.65778788226785	0.18760656393321906	3.9757223747375527	134.9873466310481	-0.3295587487802436	0.790356394129979	-0.260468864339941	1.0038706673922466	1	0.75	1.0029015982358296	0.00032339135150835294	1.4806104907715038e-13	1.0025773209696043	0
full_sample	839	27	29	1599	854	0	mu_error	139.83607130196822	0.7203733016073405	5.887121297410497	134.9873466310481	nan	0.7998999499749875	nan	1.0	0	0.75	1.0	0.00032339135150835294	1.4806104907715038e-13	1.0	0
full_sample	843	28	3	1786	939	1	pass	135.3041519445718	0.2284418119739083	4.5022938304898465	134.9873466310481	0.31680531352370167	0.8170173833485819	0.2588354482860618	0.9961757397851032	1	0.75	0.9971304315587826	0.00032339135150835294	1.4806104907715038e-13	0.9968080203362012	0
full_sample	844	28	4	1911	1017	1	pass	135.05257437590976	0.20485678410209482	4.411948151519888	134.9873466310481	0.06522774486165872	0.8269147555170921	0.05393778469520979	0.9992012619828288	1	0.75	0.9994008866563553	0.00032339135150835294	1.4806104907715038e-13	0.9990777413069428	0
full_sample	845	28	5	2086	1081	1	pass	134.92625052343206	0.20326357337628542	4.36246913365336	134.9873466310481	-0.0610961076160379	0.8390989541432019	-0.05126568000283791	1.0007600562134702	1	0.75	1.0005699880192358	0.00032339135150835294	1.4806104907715038e-13	1.0002464646536806	0
full_sample	846	28	6	2219	1214	1	pass	134.86310987899446	0.18451652304308896	4.164129998738043	134.9873466310481	-0.12423675205363338	0.8472699503627339	-0.10526206674570923	1.0015615347919713	1	0.75	1.0011709226434362	0.00032339135150835294	1.4806104907715038e-13	1.0008472049722406	0
full_sample	847	28	7	2252	1165	1	pass	135.3316009921262	0.18561466812326594	4.465040707039743	134.9873466310481	0.34425436107810015	0.8491704374057315	0.29233062637552093	0.9956824564791212	1	0.75	0.9967600915969557	0.00032339135150835294	1.4806104907715038e-13	0.9964378001197518	0
full_sample	848	28	8	2134	1150	1	pass	134.80047481907877	0.1727140338185881	3.972999295302512	134.9873466310481	-0.18687181196932556	0.8421468034727704	-0.15737349910913212	1.0023359479751435	1	0.75	1.0017514499173994	0.00032339135150835294	1.4806104907715038e-13	1.001427544539057	0
full_sample	849	28	9	2097	1133	1	pass	135.09807126932125	0.1628158842894474	4.050325111272299	134.9873466310481	0.1107246382731546	0.8398077693231878	0.09298741147729482	0.998623592400097	1	0.75	0.9989675165889581	0.00032339135150835294	1.4806104907715038e-13	0.9986445113650186	0
full_sample	850	28	10	2102	1127	1	pass	135.2008098445617	0.18099992380732263	4.1042026023806955	134.9873466310481	0.21346321351359165	0.8401278976818545	0.17933640080158658	0.9973479903854267	1	0.75	0.9980103327011068	0.00032339135150835294	1.4806104907715038e-13	0.9976876369721118	0
full_sample	851	28	11	1935	1030	1	pass	135.12627294693817	0.18543254906265424	4.048794716390085	134.9873466310481	0.13892631589007465	0.828693790149893	0.11512737526650726	0.9982962936252554	1	0.75	0.9987219479053894	0.00032339135150835294	1.4806104907715038e-13	0.9983990220833987	0
full_sample	852	28	12	2144	1157	1	pass	134.8516934642219	0.1756907582863042	4.260524390245992	134.9873466310481	-0.135653166826188	0.8427672955974843	-0.11432405254534084	1.001696137908737	1	0.75	1.0012718339141233	0.00032339135150835294	1.4806104907715038e-13	1.0009480836143718	0
full_sample	853	28	13	1952	1049	1	pass	135.30652248316386	0.1612459971838356	3.8240077635723675	134.9873466310481	0.3191758521157624	0.8299319727891157	0.2648942446130817	0.9960864847713296	1	0.75	0.9970634253943726	0.00032339135150835294	1.4806104907715038e-13	0.9967410358375018	0
full_sample	854	28	14	2056	1095	1	pass	135.36037724702024	0.15927271383448444	3.7223591059467296	134.9873466310481	0.3730306159721408	0.8371335504885994	0.3122764439897075	0.9953888885638633	1	0.75	0.9965396692379387	0.00032339135150835294	1.4806104907715038e-13	0.9962174490318945	0
full_sample	855	28	15	1943	1052	1	pass	134.9865386596617	0.16329231139039863	4.04060533067874	134.9873466310481	-0.0008079713863935467	0.8292787025181392	-0.0006700334629802225	1.000009928216478	1	0.75	1.0000074461531177	0.00032339135150835294	1.4806104907715038e-13	0.9996841046793239	0
full_sample	856	28	16	1958	1087	1	pass	134.8148666192549	0.14540442331403297	3.4142330378702836	134.9873466310481	-0.17248001179319772	0.8303647158608991	-0.14322131598434315	1.0021255475894009	1	0.75	1.0015937375086728	0.00032339135150835294	1.4806104907715038e-13	1.0012698831249136	0
full_sample	857	28	17	1953	1056	1	pass	134.7183518193555	0.16644882596794242	4.04602166637188	134.9873466310481	-0.2689948116926075	0.8300042498937527	-0.22326683690423396	1.0033164567010258	1	0.75	1.002486312802539	0.00032339135150835294	1.4806104907715038e-13	1.0021621698143177	0
full_sample	858	28	18	1985	1145	1	pass	134.57706302044025	0.166102493772989	4.195613674395775	134.9873466310481	-0.41028361060784846	0.8322851153039832	-0.3414729421620877	1.0050790010875081	1	0.75	1.0038068375203655	0.00032339135150835294	1.4806104907715038e-13	1.003482267554915	0
full_sample	859	28	19	1707	973	1	pass	134.48247571958458	0.21077450662839606	4.367952331172972	134.9873466310481	-0.504870911463513	0.81015662078785	-0.4090245115653615	1.0060883334600421	1	0.75	1.0045627837739746	0.00032339135150835294	1.4806104907715038e-13	1.0042379693815684	0
full_sample	860	28	20	2004	1062	1	pass	135.15768175474355	0.18876836600124042	4.071130692587822	134.9873466310481	0.17033512369545178	0.8336106489184693	0.1419931729973733	0.9978993481073858	1	0.75	0.9984240970237935	0.00032339135150835294	1.4806104907715038e-13	0.9981012675086288	0
full_sample	861	28	21	1750	1017	1	pass	134.5727109384901	0.2056893278188238	4.355808986516954	134.9873466310481	-0.4146356925579937	0.813953488372093	-0.33749416836115764	1.0050195989860915	1	0.75	1.0037623420060604	0.00032339135150835294	1.4806104907715038e-13	1.0034377864277482	0
full_sample	862	28	22	1767	1020	1	pass	134.91775950609994	0.18053620211054494	4.407126636526338	134.9873466310481	-0.069587124948157	0.8154130133825566	-0.056742247246605176	1.000841302088894	1	0.75	1.000630910234682	0.00032339135150835294	1.4806104907715038e-13	1.0003073671705944	0
full_sample	863	28	23	1765	1033	1	pass	134.58334251259714	0.16258095650240303	3.7905334910695103	134.9873466310481	-0.4040041184509562	0.815242494226328	-0.3293613252036664	1.0048981940467867	1	0.75	1.0036714008344803	0.00032339135150835294	1.4806104907715038e-13	1.0033468746610017	0
full_sample	864	28	24	1751	1024	1	pass	134.33153972886802	0.18145001546459844	4.19799263674305	134.9873466310481	-0.6558069021800748	0.8140399814039981	-0.5338530384552816	1.0079574834315923	1	0.75	1.0059621957742475	0.00032339135150835294	1.4806104907715038e-13	1.0056369288972722	0
full_sample	865	28	25	1685	1032	1	pass	134.68131399796195	0.17873821191005243	4.074266460312963	134.9873466310481	-0.30603263308614714	0.8081534772182254	-0.24732133657081914	1.0036747519442502	1	0.75	1.00275479991117	0.00032339135150835294	1.4806104907715038e-13	1.0024305701105778	0
full_sample	866	28	26	1522	941	1	pass	134.63896080698444	0.17147160250908142	3.819962746698986	134.9873466310481	-0.34838582406365504	0.7918834547346514	-0.2758809699401056	1.0041004010709598	1	0.75	1.0030737272442032	0.00032339135150835294	1.4806104907715038e-13	1.0027493943219448	0
full_sample	867	28	27	1568	957	1	pass	135.09268824135935	0.1928463321532936	4.085997780535302	134.9873466310481	0.10534161031125677	0.7967479674796748	0.08393071390652979	0.9987575254603807	1	0.75	0.9990679992944043	0.00032339135150835294	1.4806104907715038e-13	0.9987449615804807	0
full_sample	868	28	28	1487	942	1	pass	134.7701076303494	0.21347040379443255	4.16181275775514	134.9873466310481	-0.21723900069869728	0.7880233174350821	-0.17118939800686955	1.0025414127512342	1	0.75	1.0019054546931891	0.00032339135150835294	1.4806104907715038e-13	1.0015814995190864	0
full_sample	869	28	29	1579	854	0	mu_error	140.23449348302472	0.9491045847801951	6.174802432180582	134.9873466310481	nan	0.797877716018191	nan	1.0	0	0.75	1.0	0.00032339135150835294	1.4806104907715038e-13	1.0	0
full_sample	873	29	3	1491	784	1	pass	134.4408352634123	0.2469913196341083	4.475478411044703	134.9873466310481	-0.5465113676357873	0.7884717080909571	-0.4309087515309143	1.0064156463440814	1	0.75	1.0048078862377123	0.00032339135150835294	1.4806104907715038e-13	1.0044829925941043	0
full_sample	874	29	4	1890	993	1	pass	134.6736937245358	0.21662638016416186	4.71424880594039	134.9873466310481	-0.3136529065122886	0.8253275109170306	-0.25886637262367923	1.0038467850893376	1	0.75	1.0028837037462088	0.00032339135150835294	1.4806104907715038e-13	1.0025594322659708	0
full_sample	875	29	5	2230	1165	1	pass	134.8951834967842	0.20484391166213226	4.631362426318767	134.9873466310481	-0.09216313426389888	0.8479087452471483	-0.07814592753174697	1.0011589245083763	1	0.75	1.0008690675258567	0.00032339135150835294	1.4806104907715038e-13	1.000545447456213	0
full_sample	876	29	6	2154	1152	1	pass	134.67353934852343	0.20796093006302763	4.5346006897057425	134.9873466310481	-0.31380728252466383	0.8433829287392326	-0.2646597049953508	1.0039331284842117	1	0.75	1.00294839846902	0.00032339135150835294	1.4806104907715038e-13	1.0026241060704508	0
full_sample	877	29	7	2122	1143	1	pass	134.65244187890826	0.1875061145917074	4.300173719855641	134.9873466310481	-0.3349047521398347	0.8413957176843775	-0.2817874242826048	1.0041884639011864	1	0.75	1.0031397061116278	0.00032339135150835294	1.4806104907715038e-13	1.0028153518558245	0
full_sample	878	29	8	2145	1153	1	pass	134.97354506974344	0.17810425237538471	4.05761942280653	134.9873466310481	-0.013801561304660481	0.8428290766208252	-0.011632357170332704	1.0001723833770815	1	0.75	1.0001292847471335	0.00032339135150835294	1.4806104907715038e-13	0.9998059038781628	0
full_sample	879	29	9	2133	1178	1	pass	134.9588907141598	0.17345739113010494	4.234242402285763	134.9873466310481	-0.028455916888304955	0.8420844848006317	-0.023962286112417873	1.000355152946969	1	0.75	1.0002663528869498	0.00032339135150835294	1.4806104907715038e-13	0.9999429276984945	0
full_sample	880	29	10	2045	1131	1	pass	134.66841472110292	0.1723849993276886	4.114572280341464	134.9873466310481	-0.31893190994517795	0.83640081799591	-0.26675491036314475	1.0039643580121833	1	0.75	1.0029717975498846	0.00032339135150835294	1.4806104907715038e-13	1.0026474975854787	0
full_sample	881	29	11	2067	1111	1	pass	134.96155330617134	0.17038517023730657	3.915529265451724	134.9873466310481	-0.02579332487675856	0.8378597486826105	-0.02161118869892985	1.0003202981861863	1	0.75	1.0002402140230235	0.00032339135150835294	1.4806104907715038e-13	0.9999167972862842	0
full_sample	882	29	12	2057	1096	1	pass	135.02566435929577	0.16459290586968855	3.9086016747515284	134.9873466310481	0.03831772824767654	0.8371998371998371	0.0320795958508224	0.9995248337409319	1	0.75	0.9996436041343533	0.00032339135150835294	1.4806104907715038e-13	0.9993203803048983	0
full_sample	883	29	13	2067	1116	1	pass	135.2083881309841	0.1628478645792153	3.8995766313596705	134.9873466310481	0.22104149993600686	0.8378597486826105	0.18520177558480996	0.99726143201244	1	0.75	0.9979453701038075	0.00032339135150835294	1.4806104907715038e-13	0.997622695379758	0
full_sample	884	29	14	1994	1081	1	pass	135.0829252840165	0.17080683069319624	3.931842279091561	134.9873466310481	0.09557865296841328	0.8329156223893066	0.07960895322431749	0.9988214464026268	1	0.75	0.9991159545203029	0.00032339135150835294	1.4806104907715038e-13	0.9987929013005812	0
full_sample	885	29	15	1979	1051	1	pass	134.88465068761022	0.1759677558125683	4.166872137625516	134.9873466310481	-0.10269594343787958	0.8318621269440941	-0.0854288659367649	1.0012670350030026	1	0.75	1.000950125827492	0.00032339135150835294	1.4806104907715038e-13	1.0006264795485327	0
full_sample	886	29	16	1863	1055	1	pass	135.00642446647322	0.16468447903225086	3.9332946753082068	134.9873466310481	0.019077835425122203	0.8232434821034026	0.01570570366637325	0.9997673231827091	1	0.75	0.9998254873110552	0.00032339135150835294	1.4806104907715038e-13	0.9995022046716638	0
full_sample	887	29	17	1987	1108	1	pass	134.8311178448324	0.1590916224787896	3.754501875746104	134.9873466310481	-0.15622878621570635	0.8324256388772517	-0.13004884717662693	1.0019297721296483	1	0.75	1.0014469802507358	0.00032339135150835294	1.4806104907715038e-13	1.0011231733193313	0
full_sample	888	29	18	1934	1095	1	pass	135.00964339623425	0.16719794091962614	3.9577264128470735	134.9873466310481	0.0222967651861552	0.8286203941730934	0.01847555435733683	0.9997262968298583	1	0.75	0.999794715598459	0.00032339135150835294	1.4806104907715038e-13	0.9994714429087643	0
full_sample	889	29	19	1878	1083	1	pass	135.06553256871578	0.1802700250349881	3.986561056207669	134.9873466310481	0.07818593766768345	0.8244073748902546	0.06445706362594798	0.9990455986959892	1	0.75	0.9992841135928414	0.00032339135150835294	1.4806104907715038e-13	0.9989610060007224	0
full_sample	890	29	20	1774	987	1	pass	134.5744300554149	0.20873335904482937	4.291477294675819	134.9873466310481	-0.4129165756332043	0.8160073597056118	-0.33694296466113355	1.0050113700675127	1	0.75	1.003756178031462	0.00032339135150835294	1.4806104907715038e-13	1.0034316244462034	0
full_sample	891	29	21	1741	947	1	pass	134.76425843651813	0.2171039576444601	4.328827978490539	134.9873466310481	-0.2230881945299643	0.8131714152265297	-0.18140894286626244	1.0026934345740364	1	0.75	1.0020193965748507	0.00032339135150835294	1.4806104907715038e-13	1.0016954045588866	0
full_sample	892	29	22	1811	948	1	pass	135.6234561262755	0.18580562081023488	4.0316968064319445	134.9873466310481	0.6361094952274016	0.8190863862505654	0.5210286277054836	0.992324192267315	1	0.75	0.9942376028932877	0.00032339135150835294	1.4806104907715038e-13	0.9939161270352255	0
full_sample	893	29	23	1704	1018	1	pass	134.46303511008145	0.1798559796054682	4.212021869538085	134.9873466310481	-0.5243115209666485	0.8098859315589354	-0.4246325245851564	1.0063217592638827	1	0.75	1.0047375825969607	0.00032339135150835294	1.4806104907715038e-13	1.0044127116852666	0
full_sample	894	29	24	1668	996	1	pass	135.18126786031092	0.1806483698552714	4.074137798707687	134.9873466310481	0.19392122926282696	0.8065764023210832	0.1564122874324929	0.9976864015152058	1	0.75	0.9982642988328377	0.00032339135150835294	1.4806104907715038e-13	0.9979415209866708	0
full_sample	895	29	25	1655	1003	1	pass	134.7274432377072	0.1857948177457905	4.150219513480782	134.9873466310481	-0.25990339334089185	0.805352798053528	-0.20931392505069393	1.0031087139795132	1	0.75	1.0023306306465196	0.00032339135150835294	1.4806104907715038e-13	1.0020065379964211	0
full_sample	896	29	26	1661	1015	1	pass	134.9950456233089	0.18538493930024574	4.040698380042292	134.9873466310481	0.007698992260799287	0.8059194565744784	0.006204767658994476	0.9999080679192864	1	0.75	0.9999310501471057	0.00032339135150835294	1.4806104907715038e-13	0.9996077333751253	0
full_sample	897	29	27	1547	949	1	pass	134.4047750681806	0.16624985641898385	3.562467737536558	134.9873466310481	-0.5825715628674857	0.7945557267591166	-0.46288557152336945	1.0068941967621257	1	0.75	1.0051662043894911	0.00032339135150835294	1.4806104907715038e-13	1.0048411948876268	0
full_sample	898	29	28	1448	891	1	pass	134.6288001037761	0.18679834763815464	3.9845144866185187	134.9873466310481	-0.3585465272720114	0.7835497835497836	-0.28093905383651113	1.0041758143306476	1	0.75	1.003130228827052	0.00032339135150835294	1.4806104907715038e-13	1.002805877635625	0
full_sample	899	29	29	1531	783	1	pass	137.6246044999303	0.4612140843948714	5.584509593344615	134.9873466310481	2.637257868882216	0.7928534438114966	2.090958983562233	0.9697228102716199	1	0.75	0.99	0.00032339135150835294	1.4806104907715038e-13	0.99	1
full_sample	903	30	3	1573	843	1	pass	135.87103330538181	0.2347919425823879	4.574301951395772	134.9873466310481	0.8836866743337168	0.7972630511910795	0.704530734276197	0.9896418672843466	1	0.75	0.992221298274017	0.00032339135150835294	1.4806104907715038e-13	0.9919004743660076	0
full_sample	904	30	4	1956	1040	1	pass	134.89950757087405	0.21925313640220398	4.3539753565277834	134.9873466310481	-0.08783906017404775	0.830220713073005	-0.07292580717336052	1.0010814459815485	1	0.75	1.0008109748925293	0.00032339135150835294	1.4806104907715038e-13	1.0004873736065034	0
full_sample	905	30	5	2039	1079	1	pass	134.6609922337717	0.19809643938613056	4.335655851794504	134.9873466310481	-0.3263543972763898	0.8359983599835998	-0.2728317408964981	1.0040549428407752	1	0.75	1.0030396682389606	0.00032339135150835294	1.4806104907715038e-13	1.0027153463293095	0
full_sample	906	30	6	2119	1107	1	pass	134.58637933481282	0.21197416824020432	4.600229358325376	134.9873466310481	-0.4009672962352795	0.8412068281063915	-0.3372964274404753	1.0050166469007848	1	0.75	1.0037601307110129	0.00032339135150835294	1.4806104907715038e-13	1.0034355758476987	0
full_sample	907	30	7	2087	1123	1	pass	135.39947356670123	0.1887557794636428	4.342031948206849	134.9873466310481	0.4121269356531343	0.8391636509851227	0.3458419439919949	0.9948951554971488	1	0.75	0.9961689183391743	0.00032339135150835294	1.4806104907715038e-13	0.9958468180113795	0
full_sample	908	30	8	2041	1093	1	pass	134.69080065471792	0.18905633316789522	4.365528227945074	134.9873466310481	-0.29654597633017943	0.8361327324866857	-0.24795179749688495	1.0036841453316634	1	0.75	1.0027618384861254	0.00032339135150835294	1.4806104907715038e-13	1.002437606409687	0
full_sample	909	30	9	2231	1208	1	pass	134.86888770654562	0.1617187390272447	4.187319378240932	134.9873466310481	-0.11845892450247675	0.8479665526415812	-0.10044920583999453	1.0014900575096939	1	0.75	1.001117335110952	0.00032339135150835294	1.4806104907715038e-13	1.000793634766699	0
full_sample	910	30	10	2115	1130	1	pass	135.27845085300825	0.17688833490911937	4.07924071793984	134.9873466310481	0.29110422196015406	0.8409542743538767	0.24480533973985122	0.9963824700553523	1	0.75	0.9972856238269671	0.00032339135150835294	1.4806104907715038e-13	0.9969631624246627	0
full_sample	911	30	11	1900	1036	1	pass	134.99457987885856	0.19909276603503723	4.375740208556533	134.9873466310481	0.007233247810461307	0.8260869565217391	0.005975291669511515	0.9999114676927437	1	0.75	0.9999336000347211	0.00032339135150835294	1.4806104907715038e-13	0.9996102824382623	0
full_sample	912	30	12	2032	1098	1	pass	134.56390976432743	0.19491854121473895	4.736406689070954	134.9873466310481	-0.42343686672066383	0.8355263157894737	-0.35379264522055465	1.0052629645875275	1	0.75	1.0039446323561414	0.00032339135150835294	1.4806104907715038e-13	1.0036200178362376	0
full_sample	913	30	13	1937	1058	1	pass	135.0750864145157	0.17093643744113307	3.8259976662025803	134.9873466310481	0.08773978346761169	0.8288403936670946	0.07272227666956091	0.9989233163787703	1	0.75	0.9991923785558282	0.00032339135150835294	1.4806104907715038e-13	0.9988693006252304	0
full_sample	914	30	14	1976	1074	1	pass	134.9689451825015	0.1617892336193093	3.9329267360235853	134.9873466310481	-0.018401448546597976	0.8316498316498316	-0.015303561585891245	1.0002267973062233	1	0.75	1.0001700931579027	0.00032339135150835294	1.4806104907715038e-13	0.9998466990939785	0
full_sample	915	30	15	1869	1025	1	pass	134.67783599847775	0.1961335495567086	4.3038868676591715	134.9873466310481	-0.30951063257035116	0.8237108858527986	-0.254947277335384	1.0037883815008577	1	0.75	1.0028399427604908	0.00032339135150835294	1.4806104907715038e-13	1.0025156854298891	0
full_sample	916	30	16	1884	1027	1	pass	135.3613839260411	0.18795856794774166	4.123808463093987	134.9873466310481	0.374037294993002	0.8248686514886164	0.30853163912732734	0.9954439957097168	1	0.75	0.9965810470934954	0.00032339135150835294	1.4806104907715038e-13	0.996258813508374	0
full_sample	917	30	17	1859	1046	1	pass	134.73990803418613	0.16251381533513048	4.024369811200135	134.9873466310481	-0.24743859686196856	0.8229305002213368	-0.2036247682896855	1.0030240275316369	1	0.75	1.0022671644075158	0.00032339135150835294	1.4806104907715038e-13	1.001943092278532	0
full_sample	918	30	18	1895	1046	1	pass	134.73040261130868	0.1902774925521332	4.814976954271298	134.9873466310481	-0.2569440197394215	0.8257080610021786	-0.21216074832514323	1.0031510946462805	1	0.75	1.0023623913237416	0.00032339135150835294	1.4806104907715038e-13	1.0020382884041756	0
full_sample	919	30	19	1833	1077	1	pass	134.96675307376017	0.16914381345740767	4.064188098541959	134.9873466310481	-0.020593557287924114	0.8208687863860278	-0.016904608378309406	1.0002505291233377	1	0.75	1.0001878909589135	0.00032339135150835294	1.4806104907715038e-13	0.9998644911402648	0
full_sample	920	30	20	1331	742	1	pass	135.0537896793622	0.2381453682985346	4.397080094099414	134.9873466310481	0.06644304831411318	0.7689196995956095	0.051089368749904475	0.999243418829921	1	0.75	0.9994325104416039	0.00032339135150835294	1.4806104907715038e-13	0.9991093548669864	0
full_sample	921	30	21	1814	973	1	pass	134.94703341571707	0.20121087356513045	3.9990218173323715	134.9873466310481	-0.040313215331025276	0.8193315266485999	-0.03302988826128268	1.000489596215163	1	0.75	1.0003671746936627	0.00032339135150835294	1.4806104907715038e-13	1.0000437169055785	0
full_sample	922	30	22	1780	1062	1	pass	134.6393312485208	0.16336625687899625	3.928351382811708	134.9873466310481	-0.3480153825273078	0.8165137614678899	-0.28415934903605866	1.004223831594211	1	0.75	1.0031662040616653	0.00032339135150835294	1.4806104907715038e-13	1.002841841238039	0
full_sample	923	30	23	1691	984	1	pass	134.74526908110775	0.17865369316238605	4.048331915318248	134.9873466310481	-0.24207754994034758	0.8087039693926351	-0.19576907553760295	1.0029071085469035	1	0.75	1.0021795400608198	0.00032339135150835294	1.4806104907715038e-13	1.0018554962642106	0
full_sample	924	30	24	1643	998	1	pass	135.03569225056603	0.20483819988373153	4.514189737028467	134.9873466310481	0.04834561951793148	0.8042094958394518	0.038880006298561635	0.999424148872161	1	0.75	0.9995680805587353	0.00032339135150835294	1.4806104907715038e-13	0.9992448811490027	0
full_sample	925	30	25	1412	867	1	pass	134.91596502287805	0.22265008329028574	4.380617977717256	134.9873466310481	-0.07138160817004291	0.7792494481236203	-0.05562407877268244	1.00082471305155	1	0.75	1.0006184710463495	0.00032339135150835294	1.4806104907715038e-13	1.0002949320043375	0
full_sample	926	30	26	1512	890	1	pass	134.75936580850757	0.19940978777581808	4.243017757793113	134.9873466310481	-0.22798082254053043	0.7907949790794979	-0.1802860897914655	1.0026767297742663	1	0.75	1.002006876371018	0.00032339135150835294	1.4806104907715038e-13	1.0016828884033249	0
full_sample	927	30	27	1504	924	1	pass	135.19086261931818	0.19485167489363325	4.162960826899424	134.9873466310481	0.20351598827008388	0.7899159663865546	0.160760528549478	0.9976221985261534	1	0.75	0.9982161183118966	0.00032339135150835294	1.4806104907715038e-13	0.9978933560443743	0
full_sample	928	30	28	1386	832	1	pass	134.89415432533804	0.17976359641405748	3.606676405121851	134.9873466310481	-0.09319230571006187	0.7760358342665173	-0.0723205687089282	1.0010724634401413	1	0.75	1.00080423979909	0.00032339135150835294	1.4806104907715038e-13	1.0004806406907827	0
full_sample	929	30	29	1437	781	0	mu_error	138.89911528888086	1.1951936817294857	7.143700593031933	134.9873466310481	nan	0.7822536744692433	nan	1.0	0	0.75	1.0	0.00032339135150835294	1.4806104907715038e-13	1.0	0
full_sample	933	31	3	1321	650	1	pass	132.68700105378974	0.43975162209189256	5.590617921222948	134.9873466310481	-2.300345577258355	0.7675769901220221	-1.7656923344324735	1.02668541744213	1	0.75	1.01	0.00032339135150835294	1.4806104907715038e-13	1.009673427543177	1
full_sample	934	31	4	1914	1024	1	pass	134.91801591456908	0.22114581020018814	4.493009315970634	134.9873466310481	-0.06933071647901556	0.8271391529818496	-0.057346150104077696	1.00085026170374	1	0.75	1.0006376285257146	0.00032339135150835294	1.4806104907715038e-13	1.000314083289341	0
full_sample	935	31	5	2010	1090	1	pass	134.63400114895364	0.20318650811751054	4.308669630078272	134.9873466310481	-0.35334548209445416	0.8340248962655602	-0.2946989290497315	1.0043810095293562	1	0.75	1.0032839610568753	0.00032339135150835294	1.4806104907715038e-13	1.0029595601578125	0
full_sample	936	31	6	2081	1061	1	pass	135.01802912656623	0.20681793948372143	4.147893851728711	134.9873466310481	0.03068249551813551	0.8387746876259573	0.025735700593808947	0.9996187732983673	1	0.75	0.9997140663465672	0.00032339135150835294	1.4806104907715038e-13	0.9993908197339262	0
full_sample	937	31	7	2033	1065	1	pass	134.51314380477174	0.19839989144296932	4.518124784297905	134.9873466310481	-0.474202826276354	0.835593916974928	-0.39624099704883997	1.0058972099695938	1	0.75	1.0044196551102047	0.00032339135150835294	1.4806104907715038e-13	1.0040948869968875	0
full_sample	938	31	8	2079	1163	1	pass	134.69014489692668	0.18700071451322495	4.290414504238891	134.9873466310481	-0.2972017341214155	0.8386446147640177	-0.24924663381945253	1.0037034378197947	1	0.75	1.0027762945212804	0.00032339135150835294	1.4806104907715038e-13	1.0024520577706413	0
full_sample	939	31	9	2083	1137	1	pass	134.97454145543432	0.18425920983511754	4.311102902509327	134.9873466310481	-0.01280517561377792	0.8389045509464358	-0.010742320098066615	1.0001591920770008	1	0.75	1.0001193916820847	0.00032339135150835294	1.4806104907715038e-13	0.9997960140119282	0
full_sample	940	31	10	1973	1083	1	pass	134.6269670333089	0.1844881915642303	4.365305776631559	134.9873466310481	-0.360379597739211	0.8314369995785925	-0.29963293145362974	1.0044546035402688	1	0.75	1.0033390957720594	0.00032339135150835294	1.4806104907715038e-13	1.0030146770457893	0
full_sample	941	31	11	1947	1048	1	pass	134.51825568659314	0.18217099073448428	4.362552694824027	134.9873466310481	-0.4690909444549618	0.8295696634000852	-0.38914361689553073	1.005791122123895	1	0.75	1.0043402050522194	0.00032339135150835294	1.4806104907715038e-13	1.0040154626282094	0
full_sample	942	31	12	1887	1073	1	pass	134.7010186715549	0.1956025916687163	4.4092812634239	134.9873466310481	-0.28632795949320666	0.825098382160035	-0.23624873614502884	1.003509800127644	1	0.75	1.0026311969034811	0.00032339135150835294	1.4806104907715038e-13	1.0023070070685698	0
full_sample	943	31	13	1967	1098	1	pass	134.98257769541343	0.17896875042345348	4.122674355954222	134.9873466310481	-0.004768935634672289	0.8310097169412759	-0.003963031851880182	1.0000587243477146	1	0.75	1.0000440429374924	0.00032339135150835294	1.4806104907715038e-13	0.9997206896305285	0
full_sample	944	31	14	1818	1004	1	pass	134.9560405692065	0.17180327105436474	3.7889146156467657	134.9873466310481	-0.03130606184160456	0.8196573489630298	-0.02566024365556226	1.0003803261138473	1	0.75	1.0002852310267885	0.00032339135150835294	1.4806104907715038e-13	0.9999617997342931	0
full_sample	945	31	15	2041	1052	1	pass	135.32920858097054	0.18624191779353044	4.028272380984861	134.9873466310481	0.34186194992244623	0.8361327324866857	0.28584196632188147	0.9957779863224248	1	0.75	0.9968318156638073	0.00032339135150835294	1.4806104907715038e-13	0.9965095009954106	0
full_sample	946	31	16	1840	1056	1	pass	134.46978183655995	0.19616725958636616	4.2736050834273716	134.9873466310481	-0.5175647944881518	0.8214285714285714	-0.42514250975812473	1.0063293877230406	1	0.75	1.004743294929234	0.00032339135150835294	1.4806104907715038e-13	1.00441842217052	0
full_sample	947	31	17	1860	1032	1	pass	134.72151432063347	0.1942104828857913	4.6181410011304145	134.9873466310481	-0.2658323104146234	0.8230088495575221	-0.2187823439695573	1.003249680750298	1	0.75	1.0024362718609836	0.00032339135150835294	1.4806104907715038e-13	1.002112145052954	0
full_sample	948	31	18	1657	841	1	pass	135.80356749038125	0.2464902575597289	3.5098300027672913	134.9873466310481	0.816220859333157	0.8055420515313564	0.6575002255299179	0.9903282939243597	1	0.75	0.9927374153565893	0.00032339135150835294	1.4806104907715038e-13	0.9924164245677644	0
full_sample	949	31	19	1780	1058	1	pass	134.9543462816045	0.1752435662211119	4.029226675878083	134.9873466310481	-0.03300034944359709	0.8165137614678899	-0.026945239453946244	1.0003993775243656	1	0.75	1.0002995181924113	0.00032339135150835294	1.4806104907715038e-13	0.9999760822803171	0
full_sample	950	31	20	1704	956	1	pass	135.23306345910953	0.19453000915829244	4.251435750606722	134.9873466310481	0.24571682806143258	0.8098859315589354	0.1990026021942401	0.9970578105116599	1	0.75	0.9977925453423075	0.00032339135150835294	1.4806104907715038e-13	0.9974699200324738	0
full_sample	951	31	21	1650	989	1	pass	135.12135007557612	0.18215698200929725	4.333417701549326	134.9873466310481	0.1340034445280196	0.8048780487804879	0.10785643096157675	0.9984037634598917	1	0.75	0.9988025835636125	0.00032339135150835294	1.4806104907715038e-13	0.9984796316689633	0
full_sample	952	31	22	1491	881	1	pass	134.4761865976121	0.1919739796906217	4.0084524586369055	134.9873466310481	-0.5111600334359991	0.7884717080909571	-0.403035224671113	1.0059987821787029	1	0.75	1.0044957214079575	0.00032339135150835294	1.4806104907715038e-13	1.0041709286994343	0
full_sample	953	31	23	1588	934	1	pass	134.9465684741385	0.18753919930659377	4.086674547405832	134.9873466310481	-0.040778156909595964	0.7987927565392354	-0.03257329636440563	1.0004828257832903	1	0.75	1.0003620974867942	0.00032339135150835294	1.4806104907715038e-13	1.0000386413403695	0
full_sample	954	31	24	1561	949	1	pass	134.65266181000104	0.19288369856401585	4.063886086326093	134.9873466310481	-0.33468482104706254	0.7960224375318715	-0.26641662705480096	1.0039593157213995	1	0.75	1.0029680195681872	0.00032339135150835294	1.4806104907715038e-13	1.00264372082535	0
full_sample	955	31	25	1468	844	1	pass	135.09031336935467	0.20467137667928922	4.113636942578221	134.9873466310481	0.1029667383065771	0.7858672376873662	0.08091818620666766	0.9988020815622187	1	0.75	0.9991014265724147	0.00032339135150835294	1.4806104907715038e-13	0.9987783780501464	0
full_sample	956	31	26	1476	878	1	pass	134.60938891574412	0.20284252963203164	4.245451216235084	134.9873466310481	-0.37795771530397815	0.7867803837953091	-0.2973697163052621	1.0044208451386356	1	0.75	1.003313804982649	0.00032339135150835294	1.4806104907715038e-13	1.002989394433879	0
full_sample	957	31	27	1528	928	1	pass	134.91513473793103	0.19094236134310627	4.023515173720161	134.9873466310481	-0.07221189311707121	0.7925311203319502	-0.05723017255336349	1.0008485410299446	1	0.75	1.0006363382942618	0.00032339135150835294	1.4806104907715038e-13	1.0003127934750704	0
full_sample	958	31	28	1389	862	1	pass	134.8006570291188	0.1896641142760361	3.902961329709045	134.9873466310481	-0.18668960192928807	0.776411403018446	-0.14494793576287374	1.0021512136825381	1	0.75	1.0016129768015305	0.00032339135150835294	1.4806104907715038e-13	1.0012891161969564	0
full_sample	959	31	29	1456	766	0	mu_error	141.17359040651613	0.9442654391243301	5.916723314590456	134.9873466310481	nan	0.7844827586206896	nan	1.0	0	0.75	1.0	0.00032339135150835294	1.4806104907715038e-13	1.0	0
full_sample	963	32	3	1539	801	1	pass	136.26910995404316	0.2786191708813264	4.659131642081552	134.9873466310481	1.2817633229950616	0.7937080969571945	1.01734592784394	0.9850943270867062	1	0.75	0.99	0.00032339135150835294	1.4806104907715038e-13	0.99	1
full_sample	964	32	4	1651	846	1	pass	135.1665507146569	0.23187983000874002	4.019472666965733	134.9873466310481	0.17920408360879492	0.8049731838127743	0.14425448173482225	0.9978659477911818	1	0.75	0.9983990335090218	0.00032339135150835294	1.4806104907715038e-13	0.9980762120978703	0
full_sample	965	32	5	2023	1083	1	pass	134.8542530390055	0.23043908338596816	4.591322773978658	134.9873466310481	-0.13309359204259863	0.8349153941394964	-0.11112188885768759	1.0016485711486713	1	0.75	1.001236173743844	0.00032339135150835294	1.4806104907715038e-13	1.0009124349744185	0
full_sample	966	32	6	1967	1025	1	pass	134.76872125477036	0.20897802371879332	4.26687316384049	134.9873466310481	-0.2186253762777426	0.8310097169412759	-0.1816798120567468	1.002697464385122	1	0.75	1.0020224168999357	0.00032339135150835294	1.4806104907715038e-13	1.0016984239073823	0
full_sample	967	32	7	1992	1044	1	pass	135.1686973663052	0.1713336854389379	3.8516591550522175	134.9873466310481	0.181350735257098	0.8327759197324415	0.15102452534788427	0.9977659619181403	1	0.75	0.9983240031031867	0.00032339135150835294	1.4806104907715038e-13	0.9980012059522967	0
full_sample	968	32	8	1884	1034	1	pass	134.70415135965544	0.2179848808826998	4.492530993396769	134.9873466310481	-0.2831952713926569	0.8248686514886164	-0.23359890162161365	1.0034703307860937	1	0.75	1.0026016206693609	0.00032339135150835294	1.4806104907715038e-13	1.0022774403976018	0
full_sample	969	32	9	1923	1039	1	pass	134.39230184766916	0.20291930148874923	4.371008752670824	134.9873466310481	-0.5950447833789383	0.8278088678433061	-0.49258334844498425	1.0073389458354187	1	0.75	1.0054991753668057	0.00032339135150835294	1.4806104907715038e-13	1.0051740582024165	0
full_sample	970	32	10	1933	1110	1	pass	134.9580016108794	0.18760384610588365	4.63699557250039	134.9873466310481	-0.029345020168705105	0.828546935276468	-0.02431372652640676	1.0003603631689901	1	0.75	1.000270260204044	0.00032339135150835294	1.4806104907715038e-13	0.9999468337522006	0
full_sample	971	32	11	1919	1021	1	pass	134.80694803191452	0.20278103997336866	4.453333813447394	134.9873466310481	-0.18039859913358214	0.827511858559724	-0.14928198005060117	1.0022156433191431	1	0.75	1.001661272687891	0.00032339135150835294	1.4806104907715038e-13	1.0013373964673704	0
full_sample	972	32	12	1798	1014	1	pass	134.81419825426048	0.18714163931143574	4.444022199653119	134.9873466310481	-0.17314837678762274	0.8180163785259327	-0.1416382081274548	1.0021020156583136	1	0.75	1.001576097874561	0.00032339135150835294	1.4806104907715038e-13	1.0012522491943845	0
full_sample	973	32	13	1959	1073	1	pass	134.9330729200223	0.17325412963188438	4.070869406418866	134.9873466310481	-0.05427371102578604	0.8304366256888512	-0.04507087744786556	1.0006681671096933	1	0.75	1.000501083489485	0.00032339135150835294	1.4806104907715038e-13	1.0001775824034562	0
full_sample	974	32	14	1862	1041	1	pass	134.88267704694385	0.1790329839010869	3.839757144566551	134.9873466310481	-0.10466958410424354	0.8231653404067197	-0.08616037382939941	1.0012778947307455	1	0.75	1.000958268034366	0.00032339135150835294	1.4806104907715038e-13	1.0006346191227133	0
full_sample	975	32	15	1753	961	1	pass	135.2833320343027	0.16977570987219237	3.7513295707020426	134.9873466310481	0.29598540325460476	0.8142127264282397	0.24099508216689372	0.996438624394433	1	0.75	0.9973277774594214	0.00032339135150835294	1.4806104907715038e-13	0.9970053024272008	0
full_sample	976	32	16	1843	1057	1	pass	135.3042446868631	0.1629071426528361	3.824199889743197	134.9873466310481	0.3168980558149883	0.8216674097191262	0.2603848046665285	0.9961529143368796	1	0.75	0.9971132960173438	0.00032339135150835294	1.4806104907715038e-13	0.9967908903353525	0
full_sample	977	32	17	1776	991	1	pass	134.53668081413346	0.18145036278807455	4.1970394059140235	134.9873466310481	-0.45066581691463625	0.8161764705882353	-0.36782283586415165	1.0054725313983188	1	0.75	1.004101597249995	0.00032339135150835294	1.4806104907715038e-13	1.0037769319772087	0
full_sample	978	32	18	1716	946	1	pass	135.10709365357275	0.1806800656306584	3.954280234780296	134.9873466310481	0.11974702252464908	0.8109640831758034	0.09711053433473432	0.9985626273921614	1	0.75	0.9989217767367732	0.00032339135150835294	1.4806104907715038e-13	0.9985987863023147	0
full_sample	979	32	19	1704	976	1	pass	134.324444421518	0.18615850955320093	4.2890124856333625	134.9873466310481	-0.6629022095301025	0.8098859315589354	-0.5368751734977636	1.008002800660176	1	0.75	1.0059961162247588	0.00032339135150835294	1.4806104907715038e-13	1.0056708383799764	0
full_sample	980	32	20	1777	953	1	pass	135.2602397069274	0.21749384590437945	4.181452247891917	134.9873466310481	0.27289307587929557	0.816260909508498	0.22275195031580533	0.996707551536164	1	0.75	0.9975296459850282	0.00032339135150835294	1.4806104907715038e-13	0.9972071056808273	0
full_sample	981	32	21	1663	868	1	pass	135.22948489198237	0.19449679127395883	3.982459918991953	134.9873466310481	0.2421382609342686	0.8061076102762966	0.1951894948781816	0.997114063995769	1	0.75	0.9978347662476523	0.00032339135150835294	1.4806104907715038e-13	0.9975121272861504	0
full_sample	982	32	22	1708	902	1	pass	134.92144851691657	0.21259467829864137	4.0632990819281325	134.9873466310481	-0.06589811413152802	0.8102466793168881	-0.053393728148315875	1.0007916250211704	1	0.75	1.0005936600349188	0.00032339135150835294	1.4806104907715038e-13	1.000270129015276	0
full_sample	983	32	23	1514	928	1	pass	134.63225559950564	0.18296884300548266	3.920366115931506	134.9873466310481	-0.35509103154245736	0.7910135841170324	-0.2808818295482134	1.004174961100346	1	0.75	1.0031295895705696	0.00032339135150835294	1.4806104907715038e-13	1.0028052385858393	0
full_sample	984	32	24	1547	873	1	pass	134.7936481610473	0.19572527775599857	4.232663971520121	134.9873466310481	-0.19369847000081108	0.7945557267591166	-0.15390422860362338	1.002284364229826	1	0.75	1.0017127844199245	0.00032339135150835294	1.4806104907715038e-13	1.0013888915436482	0
full_sample	985	32	25	1410	825	1	pass	132.93991263159805	0.30505124142873913	4.51617916757432	134.9873466310481	-2.0474339994500497	0.7790055248618785	-1.594962397361641	1.0240587627404236	1	0.75	1.01	0.00032339135150835294	1.4806104907715038e-13	1.009673427543177	1
full_sample	986	32	26	1513	892	1	pass	135.08345903707308	0.21060994402046646	4.808656852333176	134.9873466310481	0.09611240602498583	0.7909043387349712	0.07601571893141848	0.9988745967573887	1	0.75	0.9991558287749102	0.00032339135150835294	1.4806104907715038e-13	0.9988327626622843	0
full_sample	987	32	27	1462	882	1	pass	134.97529609658787	0.18316150473869908	3.8931023121333395	134.9873466310481	-0.0120505344602293	0.7851772287862513	-0.009461805252876068	1.0001402139370672	1	0.75	1.000105158609788	0.00032339135150835294	1.4806104907715038e-13	0.9997817855417399	0
full_sample	988	32	28	1333	792	1	pass	134.49095288738573	0.18403067754096608	3.816229851783182	134.9873466310481	-0.49639374366236666	0.7691863819965378	-0.38181930773337264	1.0056816598601463	1	0.75	1.0042582256687846	0.00032339135150835294	1.4806104907715038e-13	1.0039335097519118	0
full_sample	989	32	29	1332	706	1	pass	136.48046321941615	0.49532440068348166	5.989789365847085	134.9873466310481	1.4931165883680535	0.76905311778291	1.1482859674978334	0.9832000922199404	1	0.75	0.99	0.00032339135150835294	1.4806104907715038e-13	0.99	1
full_sample	993	33	3	1213	627	0	mu_error,window_stability	129.3375730069998	1.299647422312658	6.209813325171853	134.9873466310481	nan	0.7520148791072536	nan	1.0	0	0.75	1.0	0.00032339135150835294	1.4806104907715038e-13	1.0	0
full_sample	994	33	4	1797	927	1	pass	135.41146935986737	0.24246876590199118	4.589734529110108	134.9873466310481	0.4241227288192704	0.8179335457441966	0.3469042074138502	0.9948795360880821	1	0.75	0.9961571887612253	0.00032339135150835294	1.4806104907715038e-13	0.995835092226061	0
full_sample	995	33	5	1901	987	1	pass	134.84289674472853	0.21785368672519478	4.2793870575042785	134.9873466310481	-0.14444988631956335	0.8261625380269448	-0.11933908469947412	1.0017706408567155	1	0.75	1.001327686937069	0.00032339135150835294	1.4806104907715038e-13	1.001003918577853	0
full_sample	996	33	6	1893	996	1	pass	134.46486501767004	0.2253497592454566	4.537148266768924	134.9873466310481	-0.5224816133780621	0.8255560401221108	-0.4313378517770046	1.0064220658029799	1	0.75	1.0048126931366863	0.00032339135150835294	1.4806104907715038e-13	1.0044877979388203	0
full_sample	997	33	7	1927	998	1	pass	134.91093513081242	0.22242149630385796	4.675660283351546	134.9873466310481	-0.07641150023567889	0.8281048560378169	-0.06327673440230047	1.0009382553453436	1	0.75	1.0007036090109651	0.00032339135150835294	1.4806104907715038e-13	1.0003800424405227	0
full_sample	998	33	8	1885	999	1	pass	134.67963365027268	0.19226229174582835	4.026984950883655	134.9873466310481	-0.3077129807754204	0.824945295404814	-0.25384637582567504	1.00377197643787	1	0.75	1.002827650563495	0.00032339135150835294	1.4806104907715038e-13	1.0025033972074409	0
full_sample	999	33	9	1912	982	1	pass	134.82058389325334	0.23463550182252824	4.452538548050868	134.9873466310481	-0.16676273779475537	0.8269896193771626	-0.1379110530551783	1.0020466170480296	1	0.75	1.0015345704353764	0.00032339135150835294	1.4806104907715038e-13	1.0012107351826436	0
full_sample	1000	33	10	1863	1056	1	pass	134.50623880276288	0.18834705254566772	4.332402232749823	134.9873466310481	-0.4811078282852179	0.8232434821034026	-0.3960688838247287	1.0058946371145194	1	0.75	1.0044177283027185	0.00032339135150835294	1.4806104907715038e-13	1.0040929608124132	0
full_sample	1001	33	11	1916	1095	1	pass	134.98059373035508	0.17853813221121775	3.794895790624724	134.9873466310481	-0.0067529006930158175	0.8272884283246977	-0.0055865966009578175	1.000082783881927	1	0.75	1.0000620872689827	0.00032339135150835294	1.4806104907715038e-13	0.9997387281275816	0
full_sample	1002	33	12	1870	1043	1	pass	135.20712644786738	0.17405762774932856	4.1935694534152175	134.9873466310481	0.21977981681928327	0.8237885462555066	0.1810520957938589	0.9973226698199171	1	0.75	0.9979913296050605	0.00032339135150835294	1.4806104907715038e-13	0.9976686400205088	0
full_sample	1003	33	13	1815	952	1	pass	135.22276171747677	0.18814063377622317	4.124036222861504	134.9873466310481	0.2354150864286737	0.8194130925507901	0.19290220400363106	0.9971478099097332	1	0.75	0.9978600938693399	0.00032339135150835294	1.4806104907715038e-13	0.9975374467184284	0
full_sample	1004	33	14	1809	1018	1	pass	134.95299059947925	0.1852215688640201	4.323779772988656	134.9873466310481	-0.03435603156884781	0.8189225894069715	-0.028134930334108507	1.0004170164246904	1	0.75	1.000312746017972	0.00032339135150835294	1.4806104907715038e-13	0.9999893058288051	0
full_sample	1005	33	15	1763	983	1	pass	134.71822442324842	0.16751761248100397	3.7004291596135293	134.9873466310481	-0.26912220779968266	0.8150716597318539	-0.21935388458198823	1.0032581908552378	1	0.75	1.002442649258097	0.00032339135150835294	1.4806104907715038e-13	1.0021185203880052	0
full_sample	1006	33	16	1699	977	1	pass	134.55403445797742	0.17240372746941335	3.862411102590168	134.9873466310481	-0.43331217307067504	0.8094330633635064	-0.35073719964129435	1.0052173345523794	1	0.75	1.0039104545163116	0.00032339135150835294	1.4806104907715038e-13	1.0035858510474385	0
full_sample	1007	33	17	1717	979	1	pass	134.77352777386017	0.1920660889350061	4.251841262142427	134.9873466310481	-0.21381885718793114	0.8110533774208786	-0.17341850627854405	1.002574569117549	1	0.75	1.0019303060907352	0.00032339135150835294	1.4806104907715038e-13	1.0016063428812052	0
full_sample	1008	33	18	1735	992	1	pass	134.6966829580136	0.1946609398299281	4.203478064927422	134.9873466310481	-0.29066367303448715	0.8126463700234192	-0.23620677878914997	1.0035091751537921	1	0.75	1.0026307285834435	0.00032339135150835294	1.4806104907715038e-13	1.0023065388999584	0
full_sample	1009	33	19	1701	1013	1	pass	134.98468317146146	0.17533993542327841	3.9838711752731903	134.9873466310481	-0.0026634595866426025	0.8096144693003332	-0.0021563754197425353	1.00003195260654	1	0.75	1.0000239643591904	0.00032339135150835294	1.4806104907715038e-13	0.9997006175444154	0
full_sample	1010	33	20	1570	910	1	pass	135.02724904262226	0.19511993875860906	3.9846617047545383	134.9873466310481	0.03990241157416108	0.7969543147208121	0.03180039907179334	0.9995289677711386	1	0.75	0.9996467050238305	0.00032339135150835294	1.4806104907715038e-13	0.9993234801917367	0
full_sample	1011	33	21	1618	822	1	pass	135.0850936721394	0.1915682463339288	3.857153757667918	134.9873466310481	0.09774704109130994	0.8017839444995044	0.07837200816934563	0.9988397425510525	1	0.75	0.999129680646235	0.00032339135150835294	1.4806104907715038e-13	0.9988066229883207	0
full_sample	1012	33	22	1713	906	1	pass	134.57486499607788	0.19866941147049502	3.8066956714256297	134.9873466310481	-0.41248163497022006	0.8106956933270232	-0.3343970850468466	1.0049733639488696	1	0.75	1.0037277089082293	0.00032339135150835294	1.4806104907715038e-13	1.0034031645281507	0
full_sample	1013	33	23	1533	902	1	pass	134.79215226927607	0.20574499914615552	4.12805813054425	134.9873466310481	-0.19519436177202465	0.793067770305225	-0.15480235726669103	1.002297717906014	1	0.75	1.001722793948924	0.00032339135150835294	1.4806104907715038e-13	1.0013988978361759	0
full_sample	1014	33	24	1499	863	1	pass	134.8556043603507	0.18200239611917365	3.9521786638883816	134.9873466310481	-0.1317422706974014	0.789362822538178	-0.10399245064528947	1.0015426785885033	1	0.75	1.0011567859730504	0.00032339135150835294	1.4806104907715038e-13	1.0008330728727928	0
full_sample	1015	33	25	1504	859	1	pass	134.7982090825915	0.20069786814573576	4.32865347107818	134.9873466310481	-0.1891375484565856	0.7899159663865546	-0.1494027693690676	1.0022174390547398	1	0.75	1.0016626187443103	0.00032339135150835294	1.4806104907715038e-13	1.0013387420885569	0
full_sample	1016	33	26	1415	833	1	pass	134.60264978798077	0.19103287029881302	3.6784398254845163	134.9873466310481	-0.38469684306733143	0.7796143250688705	-0.2999151696640628	1.0044588135602461	1	0.75	1.0033422497787778	0.00032339135150835294	1.4806104907715038e-13	1.0030178300326944	0
full_sample	1017	33	27	1394	834	1	pass	135.04187062059694	0.18300858332493244	3.8162757157807405	134.9873466310481	0.054523989548840746	0.7770345596432553	0.042367024209076926	0.9993725270151441	1	0.75	0.9995293583402343	0.00032339135150835294	1.4806104907715038e-13	0.9992061714509077	0
full_sample	1018	33	28	1253	759	1	pass	134.81175360789211	0.26614981324762366	4.698514347003448	134.9873466310481	-0.17559302315598302	0.7580157289776165	-0.13310227345096595	1.0019751484863995	1	0.75	1.0014809959268784	0.00032339135150835294	1.4806104907715038e-13	1.001157177996877	0
full_sample	1019	33	29	1348	731	1	pass	137.3733933595105	0.4068801546409224	5.1893158028296344	134.9873466310481	2.3860467284623894	0.7711670480549199	1.8400406121094397	0.9732829677181237	1	0.75	0.99	0.00032339135150835294	1.4806104907715038e-13	0.99	1
full_sample	1023	34	3	1372	675	1	pass	135.1908047689878	0.4022808468995801	5.5818726335287945	134.9873466310481	0.20345813793969114	0.7742663656884876	0.15753079303231166	0.99766988587697	1	0.75	0.9982519049036578	0.00032339135150835294	1.4806104907715038e-13	0.9979291310649323	0
full_sample	1024	34	4	1709	928	1	pass	133.75920044868232	0.2487059552326706	4.428043621307579	134.9873466310481	-1.2281461823657764	0.8103366524419156	-0.9952118661276016	1.0149111468377934	1	0.75	1.01	0.00032339135150835294	1.4806104907715038e-13	1.009673427543177	1
full_sample	1025	34	5	1845	954	1	pass	133.83453786601635	0.27673826025261683	4.752459764498063	134.9873466310481	-1.1528087650317502	0.821826280623608	-0.9474085396363381	1.0141873123295624	1	0.75	1.01	0.00032339135150835294	1.4806104907715038e-13	1.009673427543177	1
full_sample	1026	34	6	2034	1080	1	pass	135.37763421837334	0.24250927402130742	4.96295946620458	134.9873466310481	0.39028758732524693	0.8356614626129828	0.3261482960639081	0.9951847954501805	1	0.75	0.9963864185088355	0.00032339135150835294	1.4806104907715038e-13	0.9960642478547389	0
full_sample	1027	34	7	1748	924	1	pass	133.37454992882394	0.26703182540488485	4.801552387641456	134.9873466310481	-1.6127967022241592	0.813780260707635	-1.3124621208043903	1.0197346235573148	1	0.75	1.01	0.00032339135150835294	1.4806104907715038e-13	1.009673427543177	1
full_sample	1028	34	8	1816	1005	1	pass	135.05597212884186	0.23169212894550437	4.499480551927579	134.9873466310481	0.06862549779376081	0.8194945848375451	0.056238223823767884	0.9991672171959323	1	0.75	0.9993753478562029	0.00032339135150835294	1.4806104907715038e-13	0.9990522107644823	0
full_sample	1029	34	9	1778	997	1	pass	134.72256013495107	0.1923030144485867	4.140183784407666	134.9873466310481	-0.264786496097031	0.8163452708907254	-0.21615720388453674	1.003210594424288	1	0.75	1.0024069807414644	0.00032339135150835294	1.4806104907715038e-13	1.002082863404398	0
full_sample	1030	34	10	1834	1047	1	pass	134.39682995501812	0.19622713697311178	4.244605975836222	134.9873466310481	-0.5905166760299778	0.8209489704565801	-0.48478405722425216	1.0072221163921078	1	0.75	1.0054117120463666	0.00032339135150835294	1.4806104907715038e-13	1.0050866231622857	0
full_sample	1031	34	11	1867	1038	1	pass	135.1821117968887	0.2043398655245398	4.495241872250482	134.9873466310481	0.19476516584060732	0.823555359505955	0.16039989617309833	0.9976275231277729	1	0.75	0.9982201141378881	0.00032339135150835294	1.4806104907715038e-13	0.9978973505783593	0
full_sample	1032	34	12	1803	1004	1	pass	134.9373280131317	0.200185675121914	4.583751179593511	134.9873466310481	-0.05001861791640749	0.8184294144348615	-0.04093670817216646	1.0006068509518014	1	0.75	1.0004551036974456	0.00032339135150835294	1.4806104907715038e-13	1.0001316174784798	0
full_sample	1033	34	13	1788	987	1	pass	135.06992017961707	0.16660325179642638	3.759613625170581	134.9873466310481	0.08257354856897337	0.8171846435100548	0.0674778358506967	0.9990009043192954	1	0.75	0.9992505846199763	0.00032339135150835294	1.4806104907715038e-13	0.9989274878690839	0
full_sample	1034	34	14	1781	1036	1	pass	134.8326433282977	0.19624990433272715	4.360802956370463	134.9873466310481	-0.15470330275039146	0.8165978908757451	-0.1263303907374815	1.001874517055158	1	0.75	1.0014055586283104	0.00032339135150835294	1.4806104907715038e-13	1.0010817650901347	0
full_sample	1035	34	15	1714	945	1	pass	134.79802820816843	0.2072147830283921	4.07271867452621	134.9873466310481	-0.1893184228796656	0.8107852412488175	-0.15349658316733533	1.0022783033097182	1	0.75	1.0017082413187124	0.00032339135150835294	1.4806104907715038e-13	1.0013843499113981	0
full_sample	1036	34	16	1712	967	1	pass	134.62426799701785	0.19959604542514048	4.480957244842222	134.9873466310481	-0.363078634030245	0.8106060606060606	-0.29431374122148646	1.0043752645305548	1	0.75	1.0032796570109852	0.00032339135150835294	1.4806104907715038e-13	1.0029552575035883	0
full_sample	1037	34	17	1609	959	1	pass	134.68315355544095	0.21020102692375725	4.340615631336309	134.9873466310481	-0.30419307560714515	0.800895968143355	-0.24362700779088928	1.0036197119105483	1	0.75	1.0027135574397827	0.00032339135150835294	1.4806104907715038e-13	1.0023893409744924	0
full_sample	1038	34	18	1655	990	1	pass	134.65690147931448	0.20571418138785433	4.323536011862366	134.9873466310481	-0.33044515173361333	0.805352798053528	-0.2661249275518881	1.0039549678172575	1	0.75	1.0029647618581143	0.00032339135150835294	1.4806104907715038e-13	1.0026404641686222	0
full_sample	1039	34	19	1681	963	1	pass	135.26611430804928	0.1752641296125275	4.231285898890715	134.9873466310481	0.2787676770011842	0.8077847188851514	0.22518426960066826	0.9966716897432883	1	0.75	0.9975027273349262	0.00032339135150835294	1.4806104907715038e-13	0.9971801957345762	0
full_sample	1040	34	20	1516	887	1	pass	134.38018528438528	0.2044233216887506	4.111682068678177	134.9873466310481	-0.6071613466628207	0.791231732776618	-0.4804053243950085	1.0071565340941844	1	0.75	1.005362613332657	0.00032339135150835294	1.4806104907715038e-13	1.0050375403241083	0
full_sample	1041	34	21	1527	871	1	pass	135.06681193195698	0.21735130911224254	4.347243655510823	134.9873466310481	0.07946530090887904	0.7924234561494551	0.06297016839017036	0.9990675994224034	1	0.75	0.9993006180316059	0.00032339135150835294	1.4806104907715038e-13	0.998977505102957	0
full_sample	1042	34	22	1598	961	1	pass	134.0041536461387	0.18685396508980087	4.279160870442529	134.9873466310481	-0.9831929849094081	0.7997997997997998	-0.7863575524951122	1.0117543805532134	1	0.75	1.0088028954259873	0.00032339135150835294	1.4806104907715038e-13	1.008476710039839	0
full_sample	1043	34	23	1410	842	1	pass	134.47292761231267	0.21247307651862157	4.477061467213068	134.9873466310481	-0.5144190187354241	0.7790055248618785	-0.4007352576889215	1.005964396455589	1	0.75	1.0044699705373283	0.00032339135150835294	1.4806104907715038e-13	1.0041451861550674	0
full_sample	1044	34	24	1376	834	1	pass	134.34034585457087	0.21935443614946096	4.356305860901581	134.9873466310481	-0.6470007764772276	0.7747747747747747	-0.5012798808742485	1.0074692394694993	1	0.75	1.0055967155424097	0.00032339135150835294	1.4806104907715038e-13	1.0052715668394712	0
full_sample	1045	34	25	1430	852	1	pass	134.8439222444255	0.21726343013240343	4.335144911396286	134.9873466310481	-0.14342438662259838	0.7814207650273224	-0.11207479391820528	1.0016627257881188	1	0.75	1.0012467853338882	0.00032339135150835294	1.4806104907715038e-13	1.0009230431333211	0
full_sample	1046	34	26	1396	848	1	pass	134.32374979097517	0.21474762479443163	4.47569592314402	134.9873466310481	-0.6635968400729269	0.77728285077951	-0.5158024436201591	1.0076868765150908	1	0.75	1.0057596355456622	0.00032339135150835294	1.4806104907715038e-13	1.005434434164322	0
full_sample	1047	34	27	1357	807	1	pass	134.55187355603474	0.20374862474790387	3.9931110198212596	134.9873466310481	-0.43547307501336263	0.7723392145702903	-0.3363329327223296	1.0050022630201334	1	0.75	1.0037493562687707	0.00032339135150835294	1.4806104907715038e-13	1.0034248048892547	0
full_sample	1048	34	28	1296	783	1	pass	134.75763955882132	0.2089451181900709	4.034744170043574	134.9873466310481	-0.22970707222677333	0.7641509433962265	-0.17553087594687397	1.0026059905998428	1	0.75	1.0019538569664077	0.00032339135150835294	1.4806104907715038e-13	1.0016298861419592	0
full_sample	1049	34	29	1302	664	0	mu_error	139.92514954962218	0.5976668584809873	5.290789766928416	134.9873466310481	nan	0.7649823736780259	nan	1.0	0	0.75	1.0	0.00032339135150835294	1.4806104907715038e-13	1.0	0
full_sample	1053	35	3	1035	452	0	mu_error	131.49815136477127	0.886112178755104	4.991228721231131	134.9873466310481	nan	0.7212543554006968	nan	1.0	0	0.75	1.0	0.00032339135150835294	1.4806104907715038e-13	1.0	0
full_sample	1054	35	4	1492	652	0	mu_error	128.69541253130348	0.7629529686760752	5.418587789400301	134.9873466310481	nan	0.7885835095137421	nan	1.0	0	0.75	1.0	0.00032339135150835294	1.4806104907715038e-13	1.0	0
full_sample	1055	35	5	2026	770	0	mu_error,significance	141.99999999999997	2.7658631333273576	5.159854537750261	134.9873466310481	nan	0.8351195383347073	nan	1.0	0	0.75	1.0	0.00032339135150835294	1.4806104907715038e-13	1.0	0
full_sample	1056	35	6	1632	745	0	mu_error	132.27427916682623	0.6429012210402838	5.488488881696398	134.9873466310481	nan	0.8031496062992126	nan	1.0	0	0.75	1.0	0.00032339135150835294	1.4806104907715038e-13	1.0	0
full_sample	1057	35	7	2029	970	0	mu_error	139.78702502309187	0.8792342980214366	6.386387771994875	134.9873466310481	nan	0.8353231782626596	nan	1.0	0	0.75	1.0	0.00032339135150835294	1.4806104907715038e-13	1.0	0
full_sample	1058	35	8	1729	807	0	mu_error	130.42311549569803	0.5901987737694709	5.917640023478381	134.9873466310481	nan	0.8121183654297792	nan	1.0	0	0.75	1.0	0.00032339135150835294	1.4806104907715038e-13	1.0	0
full_sample	1059	35	9	1784	837	1	pass	133.20857312047147	0.33465420618389624	4.159668544721093	134.9873466310481	-1.7787735105766274	0.8168498168498168	-1.4529908163318237	1.0218822195868598	1	0.75	1.01	0.00032339135150835294	1.4806104907715038e-13	1.009673427543177	1
full_sample	1060	35	10	1655	738	0	mu_error	126.36715208987962	0.8838687778044588	6.264112068671071	134.9873466310481	nan	0.805352798053528	nan	1.0	0	0.75	1.0	0.00032339135150835294	1.4806104907715038e-13	1.0	0
full_sample	1061	35	11	1784	846	0	mu_error	132.62773683991867	0.6252711740441258	6.310677520287031	134.9873466310481	nan	0.8168498168498168	nan	1.0	0	0.75	1.0	0.00032339135150835294	1.4806104907715038e-13	1.0	0
full_sample	1062	35	12	1790	884	1	pass	135.7637133279632	0.4296768214507385	5.053362379762387	134.9873466310481	0.7763666969150904	0.817351598173516	0.6345645604922429	0.9906633070315046	1	0.75	0.9929892757649778	0.00032339135150835294	1.4806104907715038e-13	0.9926682035398438	0
full_sample	1063	35	13	1866	921	1	pass	137.85237269335568	0.3489241559604814	4.898825944697155	134.9873466310481	2.865026062307578	0.823477493380406	2.3592844802585793	0.9659372422638519	1	0.75	0.99	0.00032339135150835294	1.4806104907715038e-13	0.99	1
full_sample	1064	35	14	1730	873	0	mu_error	133.8825670038252	0.5084663812748629	5.773504430315357	134.9873466310481	nan	0.812206572769953	nan	1.0	0	0.75	1.0	0.00032339135150835294	1.4806104907715038e-13	1.0	0
full_sample	1065	35	15	1788	684	0	mu_error	132.19925020479363	0.5479811725224605	3.265549734130563	134.9873466310481	nan	0.8171846435100548	nan	1.0	0	0.75	1.0	0.00032339135150835294	1.4806104907715038e-13	1.0	0
full_sample	1066	35	16	1579	694	0	mu_error	128.47537876329187	0.500302525274211	3.6282988525782076	134.9873466310481	nan	0.797877716018191	nan	1.0	0	0.75	1.0	0.00032339135150835294	1.4806104907715038e-13	1.0	0
full_sample	1067	35	17	1516	580	1	pass	125.00000000000001	0.4860514379230812	4.631267410634022	134.9873466310481	-9.987346631048084	0.791231732776618	-7.902305580724893	1.128240160294442	1	0.75	1.01	0.00032339135150835294	1.4806104907715038e-13	1.009673427543177	1
full_sample	1068	35	18	1337	499	0	mu_error	125.00000000000001	0.9299411216212655	6.14518070790201	134.9873466310481	nan	0.7697179044329303	nan	1.0	0	0.75	1.0	0.00032339135150835294	1.4806104907715038e-13	1.0	0
full_sample	1069	35	19	1598	791	1	pass	135.4489350314423	0.46763557516689064	5.532675539378815	134.9873466310481	0.46158840039419147	0.7997997997997998	0.36917831022518416	0.9945521047357575	1	0.75	0.9959112897573201	0.00032339135150835294	1.4806104907715038e-13	0.9955892727309104	0
full_sample	1070	35	20	1362	603	0	mu_error,significance,window_stability	127.07065534134607	1.6268544293770295	6.5683285001169605	134.9873466310481	nan	0.7729852440408627	nan	1.0	0	0.75	1.0	0.00032339135150835294	1.4806104907715038e-13	1.0	0
full_sample	1071	35	21	1562	739	1	pass	129.6723982329717	0.38070073237381996	4.305573214094282	134.9873466310481	-5.31494839807641	0.7961264016309888	-4.231370743014961	1.0657743569042675	1	0.75	1.01	0.00032339135150835294	1.4806104907715038e-13	1.009673427543177	1
full_sample	1072	35	22	1424	746	1	pass	136.71592253446875	0.3620127228246307	4.406376983444222	134.9873466310481	1.7285759034206478	0.7807017543859649	1.349502240389804	0.9802998427047523	1	0.75	0.99	0.00032339135150835294	1.4806104907715038e-13	0.99	1
full_sample	1073	35	23	1441	781	1	pass	136.81911604174306	0.41444822222744715	4.885080001915587	134.9873466310481	1.8317694106949602	0.7827267789244976	1.4337749705656915	0.9790889813516773	1	0.75	0.99	0.00032339135150835294	1.4806104907715038e-13	0.99	1
full_sample	1074	35	24	1434	777	0	mu_error	136.83202572817171	0.518832775632256	5.305811333228578	134.9873466310481	nan	0.781897491821156	nan	1.0	0	0.75	1.0	0.00032339135150835294	1.4806104907715038e-13	1.0	0
full_sample	1075	35	25	1333	693	1	pass	134.547902035093	0.36182891429741676	4.716375475950274	134.9873466310481	-0.4394445959551092	0.7691863819965378	-0.33801479885064084	1.0050273715701046	1	0.75	1.0037681641459457	0.00032339135150835294	1.4806104907715038e-13	1.0034436066851082	0
full_sample	1076	35	26	1347	707	0	mu_error	136.09543022367464	0.5304003739211384	6.439426984874616	134.9873466310481	nan	0.7710360618202633	nan	1.0	0	0.75	1.0	0.00032339135150835294	1.4806104907715038e-13	1.0	0
full_sample	1077	35	27	1264	668	0	mu_error	138.78774635258955	0.5666344055003416	5.593622003437305	134.9873466310481	nan	0.7596153846153846	nan	1.0	0	0.75	1.0	0.00032339135150835294	1.4806104907715038e-13	1.0	0
full_sample	1078	35	28	1275	654	0	mu_error	136.8350792541491	0.5802144691440809	5.916388034437925	134.9873466310481	nan	0.7611940298507462	nan	1.0	0	0.75	1.0	0.00032339135150835294	1.4806104907715038e-13	1.0	0
full_sample	1079	35	29	1205	557	0	mu_error,window_stability	141.03266531088536	0.7481271026742861	2.777337143444165	134.9873466310481	nan	0.7507788161993769	nan	1.0	0	0.75	1.0	0.00032339135150835294	1.4806104907715038e-13	1.0	0
